num_feat_0,num_feat_1,num_feat_2,num_feat_3,num_feat_4,num_feat_5,num_feat_6,num_feat_7,num_feat_8,num_feat_9,contract_type,region,monthly_charges,churn
-2.2106564179988224,0.8725258950826846,-2.2864700429096154,-1.6827218044638639,-1.8618341752617162,1.9461536886785928,-0.0899984873295282,-0.025238338423123577,0.9828150815760966,-1.8033101712955364,annual,south,,0
-1.568652980058008,0.8650139163214191,-1.068520406990656,0.9218935665679223,-2.85583450309391,1.1841716021099717,-3.9170618722435253,-0.8873464812546263,1.3418377373885841,-0.9741458008653642,monthly,north,28.25,0
-2.2220855387698997,2.0478086316797386,-1.8299699307066224,-1.0198227796669321,1.3463422931056725,1.4354136416457415,2.18861643625934,-0.34545415025829906,0.5440562277268879,0.8818055484171035,monthly,north,89.59,0
-2.234257469427455,-2.5899754968490916,2.029414487098295,2.7429861517454577,-1.3368833670658913,-0.25265190607820187,-0.0022822930044974488,0.4225171458326296,-0.7461815952266926,-1.4549095668685281,annual,west,105.09,1
-0.6156877292827837,1.0503954091682464,-1.9428488431024034,0.4808785392538052,-1.2299388980906814,0.3278738591545134,-1.2272761121313442,1.4388878479473424,2.378626446190842,-0.20700075009687602,annual,west,39.06,0
-2.4135983220000323,1.895482953912656,-2.9669364310961486,-1.5434592552911954,-2.630160517231307,0.8051189148283519,-1.425475111297429,1.3766577745847035,2.2718079638370545,-0.2805109879378104,monthly,south,144.33,0
-0.23976027136220113,-0.23928139815140992,-2.466627237632661,0.9466744272948675,-0.6464166391389194,1.1354252936045834,0.7340769913117098,2.6620879766401857,3.3626270497463935,1.1041800138816444,monthly,west,45.5,0
-0.8395755917820438,-2.876810193860155,-0.0925993537431804,1.3356167374469827,-2.564468556509653,0.2725213676364052,3.3925863367469105,1.3711702205015532,-2.3714375906822016,1.049938166174761,annual,north,107.61,0
-1.616642246870525,-0.9531317589718997,-1.9615849560201928,0.3242326409208103,-1.207426776294374,2.611307595504017,-0.7611380802370671,1.4132634962494506,3.936194369551399,0.052808683887238285,monthly,west,55.66,0
-0.9705694234663944,-2.6709876408629323,-0.7296000710997298,0.4891830595146072,-0.3549919122151637,1.5734934152274989,4.58359749654943,1.5925603165198916,-0.4013850343510169,-3.2362590404668827,annual,north,34.1,0
1.7920707725263885,0.40070569722356697,-1.9779284918166198,-1.324538659579557,0.250881102558684,0.8098673878522236,2.563912441113054,0.4143774268357909,-0.46752092602843487,0.2596185151216665,monthly,west,53.92,1
0.451099318103933,-1.826004567347173,2.3767047136051094,-1.2797435855025672,0.8870883477289446,-0.15619979055660638,-0.7215772556083944,-0.9010576957635126,-0.4710319362681942,0.5400567094014179,two_year,north,63.44,1
-0.803854093007647,-1.757637682812997,1.3628074807012538,1.6815589744698716,-0.11332901688381547,2.464362762780695,-1.8244889585902277,-2.5762052308912247,0.21203334735008816,1.0004587672172953,annual,south,80.42,0
-2.116038089991683,1.356301465184517,-1.612921810629782,-1.074088397072095,-1.2527702883409524,1.5209783390140426,-0.8389369649160779,-0.7202233208527171,0.6994154981549329,0.3050049996441349,two_year,north,50.47,0
-1.639650472446765,0.365370788022771,-1.5863432248303653,-0.7246210480332782,-1.6144538869210319,2.1163586716107754,-0.4051185993352998,-0.8138825566453484,0.4569145273382458,-0.2547074539172467,monthly,west,114.58,0
0.26338034436489943,-4.654704119466791,0.6115400608306515,-1.0328576152358313,-0.7412475938762351,3.03719847139411,3.611097268234399,-0.6183824589821217,-1.5874727294273145,-0.6095449534795538,two_year,west,124.93,0
1.527596281364408,0.3806156997312863,-0.18512432956175773,0.8534398775175929,-0.05984667517643838,-3.193866906477023,1.7594595570183449,2.967743365052423,-0.6981010642884182,-1.4741084885133,annual,east,122.83,1
-0.2950642056976919,-2.88527407537973,0.8881445533451434,-1.2359742472216109,-2.077048448708574,0.9503907938428138,0.32325459418646096,-0.27055998395448483,-1.2779999045715718,-1.7085497984434452,two_year,south,113.05,0
-0.28887290509439756,0.002635621484916695,-2.052543049395293,-0.7589454696672874,-1.006187693544514,1.1354129434637348,0.08333468388721266,1.5574798378313186,2.3103374757512345,2.1699067550030477,monthly,north,55.05,0
-1.189103772795166,-1.1102177827752513,0.32404652469267925,0.42107132691946536,-1.6556895000835345,0.9770863357186815,0.6969041953848243,-1.206375076158314,-2.118845217463922,0.31258145570384915,monthly,south,47.36,0
-2.133927246799317,-1.034859014188878,-0.14266182827692514,0.6805793653102888,-2.8420959130142522,-0.13539340197010685,0.7783556813348663,0.6948334648286872,-1.5479023657561846,0.5276063187011408,two_year,east,34.19,0
1.9054186487521232,-3.3438525874167735,3.688281864355108,-1.465290999942661,1.9397221703228031,2.1034153960383346,-0.6851039334283546,-4.27965201141317,-2.1520847505730036,-0.02189928518911691,monthly,west,71.57,1
0.9165685573110631,2.327058089995265,-0.5167909869364881,-1.4752254619873353,-0.17049761705384914,-1.1370459142905167,-1.0873427248148724,-0.9235798337435626,-1.2354403296488239,0.19945499137727413,annual,north,31.34,0
1.6195047363791177,1.729171599798536,-0.18194314181040336,-0.44868886935154495,1.4019966914702973,-1.6462934038159553,-1.127459272716628,0.7852725570187586,1.2035467223331346,-0.30409390469045783,two_year,east,105.2,1
3.413101780485752,-1.8744317292519117,0.05728212103247017,-1.8497184804566376,0.06548930566265265,-0.040723360809741926,2.002402998176087,0.4227800609566713,-1.3528508070351286,0.14758899329446012,two_year,west,143.48,1
-1.2467041069115798,-2.2110470271615745,0.3742133838481569,-0.011401295771365215,-1.0652875562729824,1.8883083846846511,2.8737172916053684,-1.3053767400794716,-2.744651138626332,0.943886082771644,monthly,south,118.23,0
-3.5674204095833115,-0.21122565572466834,-2.184301392867507,0.7083628596689137,-2.5075808438641705,3.295123655489725,-2.0355592626513674,0.23709749604215222,3.4929686551968064,-2.161677146406061,annual,south,35.2,0
-1.3910931767210628,0.32994902244732116,-0.5893215687271387,-1.0086456471212444,-1.6427536929381827,1.916204474713037,-2.333540045462008,-1.8026684667889998,0.41517348128273723,-1.1896545229071838,annual,east,22.66,0
-0.903574406136248,1.4308867918221981,-1.5538182624379409,-0.529744372831277,-0.1881326504612797,0.01994650452867064,1.0539281995050689,0.7265684711650894,0.27744483654080687,-0.37571833062890786,two_year,west,63.54,0
0.8961484147495128,0.2661267407794976,-1.3449035466090167,1.1080796582177435,1.172816989985907,2.8369330332567357,2.0126882933971855,-2.1732706882559794,-0.7505733550636318,0.13393993546229363,monthly,south,149.07,1
-0.28793898626115166,1.2978750282492053,-1.7788255346014856,0.9651662353406557,-1.995775829984039,0.189733258173584,-1.1331598674843837,0.28373426718837125,0.3443592839865821,-1.676916399841343,two_year,north,60.67,0
2.013422418877842,1.5921560970662256,-0.5252083400449288,-0.31321190546375194,0.5973502127863968,-2.2585310919281687,0.23334496831981344,1.2903589606260508,-0.24252234054297994,0.04638827461614923,annual,north,115.88,1
0.0577540967854131,-1.157393842150427,-0.3395712302517633,0.30486933417356465,-1.2202669340058496,1.306318598091763,1.3295058697617077,-0.8746379453295542,-1.6763860424500039,-0.6147724724160667,annual,north,113.15,0
2.9836655125239955,3.237065060850203,-1.0630752093215314,-0.42308456817868423,2.2781675961305785,-1.179680551900502,-1.732527833161371,-0.22039748229202138,1.5021086631874958,0.038664047040186986,annual,north,94.43,1
-0.025978286018018548,1.538146977710603,-0.36179233384038634,-1.2264832303585582,1.2131023861412955,2.4690347609060193,-1.367056781310175,-3.6875726877783204,-0.26839591802496654,0.18667926247607275,annual,east,67.79,0
-1.1045250308159877,0.3084534489381241,-2.4459066645769556,-1.2103246185790417,-0.7328861354634016,1.3331708196030174,0.5578615840068175,1.9702224658405403,2.9021227389725888,-0.13210709421371114,two_year,north,47.07,1
0.09951161638156814,-2.7312533605632203,-0.006407470818084735,1.0850289824861943,-2.2112234690341053,0.9244580834930338,2.4171612481637985,0.2230707241543285,-2.2800633993156163,-0.8438023194406022,annual,east,147.4,0
-0.8910199177199495,-2.7057334606399834,0.34436439866289625,0.3788161431485523,-2.642959843538132,1.0162569798390275,2.970033538623842,-0.6000109763642077,-3.7886771477654775,0.8036179144997375,annual,south,28.57,0
2.2084651079979647,1.0349826320262596,-1.8266987189719521,-0.043603591775706496,-0.8319511285494232,-0.22979571305769397,0.04690044115011949,0.595142388217831,0.007865803414285555,1.712021955793479,monthly,south,50.71,1
-0.2936650352816905,0.2424456735525603,-2.1927238111111214,0.035230541056987606,-2.41168664224001,0.6910253533020827,-1.4791055528215284,1.6514557454201366,2.3302403549783604,0.1920277264321394,monthly,east,60.16,0
-0.07038034653030578,-0.8469131984490605,-0.5908678777169313,-1.3561220435349464,-0.767120162312745,1.9917772868041719,1.6360707523114741,-1.548482779413222,-1.7577811103393564,-0.6316044223644015,annual,south,138.24,0
1.2278180734559676,1.5459518581077636,0.01380404845310243,0.3410909500606426,2.0333904614155416,-0.289681026661996,1.0154889902401134,-1.3032041771564808,-1.2309143216816212,-0.4232958901607715,monthly,west,112.74,0
-1.18412020685372,-2.014309672287295,1.2496731851184741,-0.2327337534430233,-1.0171068969069057,1.6631798892395446,0.26254471606014296,-2.0055909135998298,-1.884431035248616,0.7802106351687248,monthly,east,,0
-1.715028407672495,-0.04163716140537743,0.342503583014888,-0.43371829778696896,-1.8128184779215404,0.8140567333513482,-0.6111630532648356,-1.956525091329813,-2.165388565557834,-1.5021232544778698,annual,west,41.39,0
3.7411527341918926,-1.6402438475736565,1.8187983443982387,-1.1650577333050902,-0.290050033572566,-0.5422703562934461,-1.3025099272870713,-1.7249824386848298,-2.2584113566431485,-0.6553764327978499,two_year,west,134.46,1
-0.3159358625060388,0.7652980460880217,-1.6554029818701028,0.0371290698745963,-0.9235655382976108,0.6166819089002433,-0.49213342269742766,0.7446591650825883,1.4058466018480291,0.06075169537149839,annual,east,123.19,0
1.3860430834966793,-3.3630619785736022,-0.02532586885766103,0.35767258494008747,-0.055167550202560145,3.1185223460451468,2.559242099198377,-1.0971218960087803,-0.8179981288303607,-0.7041107174490531,monthly,north,24.99,0
-1.2483579027547398,-0.8151033949772688,0.44942009562194596,-0.6494022199432214,-0.6408367499316352,1.0489881440828843,-0.6221577661687387,-0.8035667131719602,0.023712184680813042,-0.16047295098041608,two_year,east,134.31,0
0.644686146378932,-3.221222447322386,0.8749677856699647,0.948672003828078,-1.4541753128692305,3.1039214837335423,2.070753357873355,-3.368281526499294,-4.007246439234135,0.6855662987609065,two_year,north,96.43,0
0.6801624076680337,-0.4086241940558992,0.24387285228871136,-1.1810489268466204,0.37106084602700207,-0.25886177778136854,1.4105622241359037,-0.022769698883214944,-1.1501511321990847,0.49138445495185035,annual,north,79.48,1
-0.8150519654882824,-0.1899491680856461,-0.08137621618841272,1.1481825058780795,-0.9299838048059836,1.4648921099077985,0.29661608020917285,-1.995574025901382,-1.8011762628080472,-0.6960026257234421,annual,north,107.6,0
-1.6206115658032232,0.3323386309991072,-1.6288261540548863,-0.5730479537569327,-0.11407617690596528,-0.15160886126636486,2.7040963491775383,2.492162662235884,1.0118871259916777,-0.8679524303732451,annual,east,25.13,0
-1.9677881073174595,-0.09460428987557534,0.16011349188177387,0.7464507295434254,-3.052429392211446,-0.7854373328292343,-0.6182611382385346,-0.0330386879870659,-2.043341257468642,-1.845199577678825,monthly,east,62.94,0
-0.7251992750279586,-1.5168499398140751,-1.4007289722886596,-0.9912045272311006,-0.48447415552396167,1.0686492266502685,3.8391821680756792,1.938080569698815,0.1475204605157341,1.0115674314133851,monthly,west,31.45,0
1.7596644520981608,3.146387235068851,-1.1092680999714908,-0.3145375341429496,0.5077308489365728,-0.22784882815974228,-2.326283106687768,-1.7956527381380216,-0.09191463398405486,0.9566350129845085,annual,west,108.87,1
-1.0941509745330613,-4.1394502423979285,0.46904977865781367,0.41837964699990343,-1.1944358800207364,2.254539882114961,4.116503352025544,0.16148103113133788,-1.8585967831502812,-0.30911864484038687,monthly,east,71.74,0
-1.8365517756986494,0.6628803606767196,-2.9435721379170543,1.925269386761399,-2.776095062845587,1.3198145534765393,-1.2799752369375323,1.936854773882551,3.043291646338977,-1.2157875055949583,two_year,west,82.26,0
1.9984542685017463,-1.4777888880205752,-0.7917381631366948,0.8528141247388383,0.5996365838699722,0.6449259716617775,-0.04332957935507431,2.123807125203589,3.2584266337078125,1.1492085982323281,monthly,north,57.67,0
-0.9453594810391049,-3.817501309011094,0.11901299836168758,-1.8183318853076498,-0.460843941346578,2.2765682132333342,3.5770273868743168,0.9208918820616927,-0.06089551157207285,0.9372015583555914,monthly,south,,0
-0.7680741922735641,1.2977033407946994,-0.1700151832979252,1.2873392651957032,-0.21349930009994478,1.1322961060017642,-1.5951683952753761,-2.3806693045365055,-0.6019595943429816,0.6073342916863973,annual,east,26.05,0
-1.1766096597819984,1.0475928173179923,-1.4130560121233953,0.006534151788956346,-0.5321903612961505,1.27115951174762,-0.16274825175228047,-0.458127151546053,0.6353476854489751,-0.34515927870823976,annual,west,56.55,0
1.1682854612461564,1.1397387193049398,0.04314606926575828,-1.25832217197073,2.294314645362747,-0.9120534665090501,-1.0471389867586112,0.9639858654778981,2.518308129439423,0.7009465441643447,two_year,north,96.78,1
-1.5426244584179503,0.4987729498349629,-0.3606776865321273,-0.3224256281374558,-1.2746460797558181,0.034539751089166404,0.5722368758458847,-0.4424680892963359,-1.5185795559872413,0.6235497770371542,monthly,west,122.72,0
0.5498915435172885,-1.7539021524447183,2.154842460188261,-0.5634727349542877,0.6890866490945541,-0.6587302169690492,0.5516777798057901,-0.488430309878174,-1.4619963800322515,0.36752224511315956,monthly,west,98.21,1
-2.3953497697025297,0.42749693013964696,-1.3330537654658985,0.3508093224357966,-1.208038789731054,2.5962929083451827,-0.9069206997322836,-1.2492695716875124,1.0231800124249184,-0.2326714393758063,annual,west,114.96,0
-1.8886695594452352,-1.4873655208691132,0.4625000747029709,-0.658714108006214,-0.5286828567346105,1.989852896928186,0.6238796807312302,-1.236201266367662,-0.507219873846537,-0.6037187381900924,two_year,south,23.06,0
2.7047108491309797,0.6036024539917926,-1.834101371030738,0.3264361303621682,-0.993238260276416,-1.1333038197816436,1.2024488181401898,1.7702124744794465,-0.4149858368442547,0.25443488001547443,two_year,south,53.14,1
-1.3880221937243367,-1.9323196432393337,0.7216049610353856,0.1058778761282811,0.11413911090907747,1.532052308008603,0.511823901425496,-0.19405455495568064,0.7040616941189255,2.7556763821448325,annual,east,25.47,0
-3.1223052152013806,0.8673579306857672,-2.130431147963573,-0.16545197513091786,-3.673718427022717,2.1204120500116126,-3.4890482331599184,-0.25698012933894426,2.2722174796416548,-0.08987910275671208,monthly,east,85.0,0
-0.02741288568475475,-1.6984343798127228,-2.661963179012559,1.3245870802050541,0.030457922512782565,1.992891729507127,1.632169571907673,3.9407493251259336,5.2618346853014355,-0.046510362539330205,two_year,west,148.59,0
-0.10851781280920791,-1.716218309759903,0.9105857123181464,-0.7789152831013453,0.5251849028497833,2.2711064946116526,-1.0272968261819861,-1.6837461186842368,0.8912038938981686,1.0047700648601363,annual,south,21.76,0
-2.1760087678015427,-1.5049591605076875,-0.6727815583983252,1.5594019673904735,-2.391907038634353,-0.3206085739329343,2.803615081301703,2.247764351921123,-1.0803230654969462,1.2907396112133083,two_year,west,77.31,0
-0.17270381380497335,-0.4594472175611999,0.3795784775977565,-0.47187206324837966,-1.366596452795379,2.3436800881584525,-0.14953994743767196,-4.133281124001994,-3.585716941186195,-0.4048261194935957,annual,west,20.62,0
-1.5410542134393415,-1.0153457634829524,-0.5385205485636595,0.37851437882523703,-1.2856254346342595,0.2931313571707226,1.4477788410799193,1.3571050826100224,0.06780596577202336,-0.45677059923700036,monthly,north,99.68,0
0.012531861221535712,1.8561807989785999,-0.633567356277627,0.31673752895065754,-0.5270667361728283,-0.24239043402406413,-1.4693782815562946,-1.0076059155729906,-0.45731485380319725,1.1064886831040932,annual,south,43.84,0
0.0930320502672135,-0.26675987173532034,-2.1764996482795187,-1.82897051859451,-0.3465599187827989,1.0672230857268172,0.972864543420348,2.2428512725167495,2.7753342534303247,-1.718550630914863,annual,west,112.66,0
0.166272062976752,-1.9964310466487962,0.059641039950167,0.16188637149605795,0.6221678827160815,3.561917648931138,2.5851583620347425,-2.786434582725428,-1.8233547125905878,0.5369624021745876,two_year,south,40.75,0
4.795692691208494,3.3374531663919282,-1.251075283900918,2.488761265670388,3.0584213620153045,-3.9168204264617414,-0.14549101278776566,3.004482606648781,2.1086391750652362,-0.5664064745667922,monthly,south,,1
-0.636319623805299,-1.3095465448822554,1.0703416149058729,-0.09520670772134195,0.7264959533175814,-0.16874575162194194,0.2173498619141978,0.8487003879184283,1.0018005443398363,-1.463558663292899,monthly,west,46.8,1
-0.10345392920085839,-2.193932610491154,0.5902406349384564,0.16206506408134905,0.13963521765562725,3.166235752773222,0.8959946274744923,-2.574260157808769,-1.0241349884049107,-0.6750791642905365,two_year,north,,0
0.3818814795770187,-1.4399968156763792,-0.06447671345425751,-0.6453138020712801,-0.7023548512625313,2.382454062896852,1.1535974877607271,-2.224877796479543,-1.9355254803249113,0.24076717505918072,two_year,south,49.98,0
0.5327371034268753,0.987345082503017,-0.03234387441671474,-0.189105360045296,-0.01041392579555911,-0.3850259634101101,-1.6813214812396016,-0.495355833643517,0.34284180329438396,0.006424337276919532,annual,north,,1
-1.8150054415051364,-4.067919386655495,0.9323140091780203,1.5704011380454972,-2.5391096144703518,1.4477002948989455,3.825700045777449,-0.14136897676144813,-3.5173793526560475,-0.7643756589645178,monthly,east,83.74,0
1.1199794753151422,-0.000996638301088426,0.42060848020286035,2.044372309678281,-1.8840891754389077,0.7541914133582631,-2.4750147973295302,-2.811921730008101,-2.1114298800244176,1.0276423334554017,two_year,west,133.6,0
2.7260266086396676,2.3622402959571094,-0.2025587165936778,0.25174478574981085,1.091110307474186,-2.6333640820444755,-1.3375799022284038,0.6659123549230902,0.13307175303376362,-0.8094749637482335,two_year,north,36.91,1
-1.716948841039724,1.6569980131272137,-1.8359999584676736,1.1207586335229691,0.21693336641676297,1.3863282176842353,1.5411253108084484,-0.5050760083312901,0.020712305182131407,0.8260850991049574,two_year,east,84.86,0
2.8558513508433667,-0.25539054889226465,-1.2809997976242273,-1.71605608334736,-0.17887453925730012,-0.1894420285004137,1.064117704842999,1.1801075661622569,0.20411705597116314,-0.08066821908079495,monthly,east,120.96,1
-0.7132226531102768,0.7166820176289641,-0.37494418351091663,-1.5139347180201246,2.2641119621534562,2.640353247494807,0.5821308111572452,-2.3511440218709563,0.6643117665522573,-0.5154354312514602,monthly,south,147.56,1
-1.1363115901350551,0.808272048103907,-0.9498339167302101,1.3466854147579577,-1.9767141304840092,1.1469656812461562,-2.953759926541259,-0.8838138991426148,1.1113407434381974,-0.3339814611189366,annual,west,107.54,0
-0.5975709009638943,-3.3580186845998052,0.9881100985417332,-0.7618931122164788,-1.2820547468688064,2.200070489165831,2.174240908372679,-1.4616884712276932,-2.461523945606939,-0.9663620756837441,annual,west,43.79,0
-0.5730912651867553,2.042607515981394,-1.0558184840859126,-2.0320840003784943,-1.1440152954724032,-0.18245982409056283,-2.0236385327184623,-0.5577799897479621,0.23261491433776937,-0.37252852091453764,annual,west,118.77,0
-0.1778892952547242,-4.9426250814718165,0.21666757426049474,-1.3738334359847528,-0.4332355290019274,2.3821674242159716,5.019474864868719,1.3775143741351925,-0.6172111788753639,-0.3673410439783907,monthly,east,,0
-0.39457368621709343,-0.4911254917651101,-0.5107328824611832,0.9313549049723508,-2.173996035502187,0.32098588963174557,0.09105203876611767,-0.158975033466013,-1.2895583291266801,-1.9194224590813098,monthly,east,119.16,0
-1.580604876300412,-1.1559594009660432,-0.10521094623885899,1.3947855925171337,1.849656821320795,2.7984820781364412,1.9508095611124363,-0.757393139416647,1.3128349658025362,0.8695831945407293,annual,south,127.62,0
-1.4578777771098332,0.10789591495233664,0.6383515994254294,0.956683247472467,0.0944573373494233,1.1494535988280037,-1.715250964259115,-1.6354879854652675,0.4607040230535244,0.4950828141280172,annual,south,92.7,0
-0.6785173544461269,3.802144550357491,-0.828394392133452,0.16065691269753446,0.5530019211936079,-0.8632963165697329,-0.04821857099940219,-1.9326372737520725,-2.2364167056812425,-0.770478333763178,two_year,east,84.05,0
-2.489553988738003,0.14377398383868012,-1.3645780535990166,-0.8056831056347009,-3.2342804431699967,2.688957884688828,-2.4812141426493035,-1.7469220967543517,0.4008403036484207,1.0007947675096949,monthly,east,141.75,0
-2.172741971748205,1.6510783719159676,-3.8344934390967484,-0.38894033129265293,-1.2691031820211138,0.7197160467564222,0.8586915298768223,3.4921222472481,3.8840919196560386,0.6954798100270427,annual,east,20.01,0
2.1360581519567607,1.1897964589845924,-1.36168041390941,0.15268926680511097,-2.324857717858306,-1.8023878424349706,-2.8596352928461366,1.6988038313909015,1.1033361464963054,-1.3145968250244529,two_year,south,21.24,0
-0.007135509990948918,-1.297174759489742,-0.38562814926993705,-0.5695676793693012,-1.7018587729275483,0.8120805653679475,1.0525194838519054,-0.10904542866898621,-1.3099607700762244,0.44181850127162275,two_year,south,52.75,0
-0.05836248768120034,-2.357836182297285,0.8712622453436728,-0.6247356961498679,-1.7971173823238416,2.4454663875773326,0.40887152019646156,-3.024777518020686,-3.063553789653981,1.200314951408005,monthly,south,85.74,0
-1.5672701968798217,-0.10981516009953696,-1.8796470707992556,1.5381712344238336,-2.7838512009986065,1.7746019386072565,-2.570309734006526,0.7428146864175235,2.817285158432788,-0.7655846849800999,annual,south,90.25,0
1.8854329832511842,1.273069414545033,-0.43908643570094696,1.1584744908983053,1.6964207039152344,-0.422550454363793,-0.4397644794590242,0.033985468670059464,1.0385721759839768,-0.30137039911039065,annual,west,68.27,1
1.849026089730362,-3.8399968605767514,3.0248307283632117,-1.267751159706195,0.7167981084065275,-1.7857145535872267,1.8212393701316372,1.4578288373004138,-1.394343301624993,-0.17927272763572832,monthly,north,58.05,1
-1.3459606960443251,-2.0434450384880165,0.010530368220333078,-0.647654805032094,-0.3471649689477816,1.8442877371502202,1.8823983301186629,0.038774933518950325,0.007336075867778735,-0.11758331192025054,monthly,east,46.31,0
-1.4635487387483515,1.2363892291992706,-0.48699211699117345,2.2992185858146317,-0.09534682617596602,-0.07432523352244114,-1.1754476950423989,0.2367380060645612,1.2476836889101088,0.11695811261026297,monthly,east,124.04,0
3.8635457150811816,0.09499227744823013,-3.4038498811461158,-0.9385505128783062,0.6845962436466486,2.6256920229458847,3.128540955443702,0.055324757679537165,0.4916388294505205,-0.3710728893469087,two_year,west,61.07,1
-3.063698946220176,1.351770692185444,-2.7819917356398984,0.04496773980119808,-2.1867860136351065,1.8534648237788336,-0.8899457021420693,0.760799558489029,2.3407202334926547,-1.3601087236278864,monthly,south,84.02,0
-1.6850782196806247,-3.7507247079111568,0.12283163449840234,1.7368372430567016,-1.983603511807075,1.6292345501893275,4.253869084750477,0.8093926212561644,-2.1358597966198536,0.7463713936594714,annual,east,125.47,0
0.6174999366224112,0.5109267700414939,-3.1044708975682793,0.34426247323451475,-1.6439764899441058,-0.1715122983249251,0.6445689477242762,3.5564386115167963,2.7613132289332123,0.13633861053901314,monthly,west,99.61,0
-0.6283809765688995,-0.6227549766043918,-0.5078898863686562,0.4400154412387975,-0.7987595153411824,0.8772171158933129,1.1922399173978766,-0.0736502637898344,-0.6482124415514896,0.10520108355039264,annual,south,73.12,0
-2.4007916997066405,3.153693754554116,-0.4261354749601718,-0.42056373284261844,0.9558275531304135,0.8286595575146789,-0.4552556134669068,-2.929163423411763,-1.337100213205923,-0.6006997558676137,monthly,north,43.0,0
-1.1938505623152456,0.2769067627531039,-0.27471400919211386,-0.02213769937423139,-2.22188345365689,-0.9627913584375727,-0.6791873033122411,0.7146348565591738,-0.7569152049817173,-2.3261977835166214,monthly,west,,0
-1.4047691392460055,-0.11046613766228108,-1.1727799734858895,-0.7488363674832774,-2.4262689497452232,1.9968609141128604,-2.6716511041354982,-0.6516928646157738,1.6070825158969457,-0.2291446478398358,two_year,south,83.08,0
-0.9708770605995883,2.8481435662882655,-1.6810556803575873,-1.5822025697771847,0.24847361419453584,-0.12311111114903439,0.9186159488751651,-0.4645990520985367,-0.7505584252274198,-0.6150363333228269,monthly,south,148.78,0
0.9056643015553532,0.9087426165481433,0.42357216063932845,0.2980950870657046,1.6144769060803696,-1.206028192488515,-0.7415795432035073,0.5674281894625053,1.1249391786575043,-0.12016060344412488,annual,west,56.95,1
0.8464934886823063,-2.016071609045333,2.35818788108589,1.3366714001894104,1.3117311817288433,-0.04077697985958695,0.19731311685744446,-0.9523972607820531,-0.8788096569026683,0.41018502684142455,two_year,south,41.53,1
2.6922564769938377,4.324015908715574,-1.6352691215707102,2.031917833517148,1.3934588814657733,-1.1186570392396082,-2.283993988465249,-1.0851151021872512,0.544384696692642,1.743822873118511,monthly,north,48.67,1
-1.4707863992009282,0.5519933522041025,0.17964729754262443,-0.005584401532012689,-1.7481866532367012,1.60328659885615,-4.261204531656672,-2.4834759709443377,0.6482542494093253,0.08945546067065059,annual,north,47.49,0
0.3199967286525842,3.026332470313376,-1.3456230702669352,-1.136857302511809,-0.9037494747109502,-1.7814324911219312,-2.250536683634038,0.6554188499406883,0.6056462181307185,1.527134367807256,annual,south,29.89,0
0.528320447512562,0.7030118119647975,-0.6522887745995058,0.05909976984094453,-0.44373229773905587,1.2055243588412228,-0.7417094899686618,-1.7966801547225495,-0.7204439645804639,1.071977374119938,monthly,west,67.44,0
3.311818951961807,3.0393924649624955,-0.558945994716859,1.1283522600747569,2.850998549719883,-2.1898221984967376,-2.062857370065582,0.9048370480665934,2.45677185487617,0.5322622989196618,two_year,north,57.02,1
0.5712352581921933,-2.7394666749055405,-0.7104160294554183,-0.45298354553853,1.6519477804678773,3.564735364153597,3.8608333892863276,-0.2426884548767671,0.8402821965635072,-1.7621761459453387,monthly,east,135.39,0
-0.1615276306329121,-2.223737786361014,-2.269079200630985,-0.7044424734953081,-2.9164845468769895,2.338351534914522,-1.3477513162702304,2.5052621159737494,4.16765590595282,-0.8485849594205261,monthly,west,121.43,0
2.7847730769460735,-0.9490431616933084,-0.139061745478743,0.11697852500043625,2.059121807840173,0.397095503350278,1.8872051287589753,0.5456342588912577,0.6238011375405765,0.0627258041972197,monthly,west,34.18,0
-1.3498748723456413,3.5072860831322274,-1.5379582798647207,1.8030331363203156,-0.5918595454957196,-0.7120242052406796,-1.2247716554406882,-0.5285002040408422,-0.23075713458828329,-0.41131779141286573,monthly,east,130.57,0
2.657425406010481,2.1234138306339236,-0.12126260310011225,0.9308098756074837,1.7899617519079978,-2.68843995992462,-1.4798178472418968,1.4850392206185092,1.5617606539165347,0.2690397844535767,annual,west,34.25,1
-2.0450233119668595,-0.077731932865021,0.7950147486804068,-1.5091929003758717,-1.7426841193567193,0.6305349044846584,-0.9828432071738877,-2.1517241522078074,-2.253661373010562,0.23028378229606053,two_year,north,113.63,0
0.06550004892454298,-1.1918168762676689,0.35645572685400734,-0.21416277782870197,-0.9897003440020283,2.222473066994323,0.7430157831916264,-3.0328672253835336,-2.8910700663606343,0.4394757693403004,monthly,north,94.47,0
-2.1274698734544852,0.7238338433500111,-2.467597764400059,-0.5091152201023402,-2.1583402272664163,1.602127170771758,-1.2204856214501674,1.1237829424364456,2.6656612176978145,0.2246717400081152,annual,north,31.29,0
-4.062961601992532,1.2030081712234537,-0.5456263403976593,-0.6561908252142485,-2.8756408310286137,-3.374155013078247,-0.17701171949807826,3.9902638390779805,0.5017706819381247,0.6672875161929631,monthly,south,137.69,0
-0.01199459193403385,-0.13469609886853484,-1.881977390450095,-0.1598894625987802,-0.8424933536493804,1.0712714582350427,0.03880852186227712,1.5297244530897858,2.312209631725037,-0.23789492730023684,two_year,south,133.69,0
5.26095647273853,0.5789788163464451,-2.2365756255568052,0.4095291498765686,-0.60148182857064,2.1561502413924076,0.028860359649217626,-2.5979863493102253,-1.716518545671997,1.1805631853130814,annual,north,129.7,1
-0.974580640577468,0.8023991944843681,-0.5937298203266006,0.5134938161778457,0.44153704229557156,1.699267355525488,0.6990308599043229,-1.913423969017355,-0.8170121022364392,0.33059128466237914,two_year,south,68.04,0
2.8994364509827264,2.043517502053565,-0.3010910409720638,-0.10539815096780879,2.6792095507577045,-2.4304732207543185,-0.24475822812867032,1.6558303535851693,1.6278810326585662,-1.4579739457273244,monthly,east,48.98,1
-0.8218894064846085,-3.2311067800006152,4.910123583876014,0.4355776597680439,2.043716960454181,0.32656263202542535,0.49016344240471055,-3.2319390800892944,-3.1578750086675567,-0.06997476154923563,monthly,north,149.62,1
-2.9538947429906393,2.6024572424757704,-0.41140456456387287,-0.9266988951803382,-0.5355866730086001,1.6246210415990547,-1.6696404751613438,-3.6634818050767883,-1.5447542664050289,0.29465492922875114,two_year,east,126.25,0
-0.23959248310025416,-0.05206102693931858,0.4392165782787294,1.3717418547675422,0.07920219292218555,2.5722330687298687,-1.2934086486674836,-3.748718710092487,-1.174266886842918,-0.27566631625312815,two_year,east,25.48,0
-1.8597246742475642,-2.2706713466506443,0.20760987245788345,-1.007096237769872,0.06611714302775562,2.1837696584739437,2.396640114917969,-0.12657321851404865,-0.0044820457860801355,1.8802196338090533,two_year,south,68.53,0
-1.3184160600439272,-1.1276492828013964,0.24211703306285945,0.2054276758814209,-1.786620096181001,1.1319018743506917,1.0364049858792916,-1.3903087014550577,-2.513589750912642,-2.4659643523165413,monthly,south,125.58,0
-2.5988328201957502,0.9822523422591721,-1.4320173489268369,-0.6864518208218183,-1.6939696558846276,2.3669781182220087,-1.1096807102948416,-1.7004670900292302,0.20582064784020604,0.3606985725486859,annual,east,88.69,0
-1.660109418045549,-3.873534660286648,0.43424125658308976,-0.6346018661230288,-3.101557318888134,-0.46422502444256897,3.4686832137397925,2.8345435293567047,-1.7464998270899135,-1.5885059352361162,two_year,south,52.13,0
-0.24853137352568888,1.024350687035044,-0.36012894746913543,-0.44482579870137334,-1.6464642577453978,-0.7082326935039718,-1.749876605162922,-0.2319983639907364,-0.5104928498413382,-1.7046998256630306,two_year,west,123.08,0
-0.14056474534827068,0.575034016538144,-0.0422251895183246,0.8360511442400875,-0.4700464487835141,1.6293939600266418,-0.9531753396319849,-2.963581201716124,-1.5881641827749577,0.3015537881230032,two_year,north,54.03,0
0.27786787441035266,-0.21775515566075598,1.0488029506934937,-0.7455842674849088,1.0674888725018907,0.07402306627119626,-2.438032760592053,-0.3123171583730787,2.020687103278161,0.7619875712280699,two_year,south,20.05,1
-1.3605608252061818,1.8968605486454349,-0.9585305986979791,-0.1927884463875798,0.07227294143392715,0.5829770867781422,-1.1648277278091819,-0.6937116572222438,0.9070743443927715,-0.052560782314401186,monthly,east,50.07,0
0.027152710223084187,2.3174551186605767,-0.37686052929529384,-0.31613683176067875,1.1923263127160846,-0.034623497137855175,0.8379129469763029,-2.0017879455218397,-2.0429764585469394,-0.70219332592386,two_year,south,149.14,0
-3.2171101594911944,-3.4129414731285914,6.497791685555241,0.6029304472919719,2.4858046726253047,-0.6711059975739455,-0.6450287795356613,-2.697973639847792,-2.2655880796321117,0.3979844759976179,annual,south,105.31,1
-1.070479893321768,2.2926309994819816,-1.7359170238148796,1.4304796363758465,-0.8616240218518061,-0.18216925009768237,-1.4276046369364717,0.5529900243077055,1.3816802719263557,-0.8339538978393444,annual,south,48.69,0
-1.190846454579775,0.9507925022219049,-0.1047347434128033,2.4759164522970236,-1.051927337687925,1.454735260582685,-2.391374549921508,-2.5815783859421755,-0.49602070220740635,0.07818419172531113,two_year,west,109.2,0
-1.1239526559485478,-0.4420262367196657,-0.40360342818326284,0.4149370175015463,-2.7179749304885257,-0.8634197218828958,0.6501661300796099,1.0197196755166265,-1.6396287238139302,-1.7335240773700977,monthly,south,109.3,0
-1.861351815838395,3.281127270070093,-0.7266959652521471,0.5414507794347698,-1.5294944186039248,0.05921632822067713,-2.545088051995611,-2.742222949631752,-1.812043652416842,0.603320811136807,two_year,south,103.3,0
0.17773637944694687,-1.9439997679170555,-1.5985620720806193,-2.1063675700470044,-1.6428505743077353,2.338157405451984,-0.30014635358606523,1.2632072161203114,2.6832964217427895,0.5275708796396835,monthly,west,29.17,0
-0.2261888646728446,-0.2660691938575933,0.5264852229805699,-1.0512142424281838,-3.2705024616709295,-0.6780632442001959,-1.4696822355785963,-1.2774429466372503,-3.0881355424102557,1.2355538674005488,two_year,south,51.59,0
-3.5630170614321606,-0.1835828222916035,0.4403366278634151,-1.436669481281818,-3.2532872485275885,-1.73281910898088,-0.032200625202444266,1.314019008193563,-1.757941268032336,0.8593071754964863,annual,south,133.21,0
-1.741181398155609,-1.830468524121709,1.7382955247319827,-0.2409071912655905,3.0838646061770505,2.3675350292211235,3.1079853991970183,-2.0191749919260773,-0.8023613129438818,-0.5151119457046044,annual,north,115.52,1
-1.8361439504859587,1.3360948850794736,-0.7203943855731569,-0.07523335797026534,-0.9079080654565967,1.5026640814462988,-1.7829309219090383,-1.8758353415384987,0.14138201779560955,-0.682070017597518,annual,south,41.82,0
0.05066660096019193,1.1564002641867683,-1.0165517403429305,0.101871990887113,-1.0097583668270678,0.2060756625031921,-1.3926340781407127,-0.3257825087924408,0.35103156433145244,0.5478312943883471,two_year,east,58.82,0
-0.5768078341431007,-1.1987022257247097,-1.3639110948933006,-0.46391294993392784,-0.765864300462576,0.3641662285862539,3.213612752584069,2.35513302393744,0.3136746528760126,0.6290228461451743,annual,east,93.15,0
-1.0777061462821154,-3.124657278555349,-0.4472769742456077,-0.029073044796950036,-2.7026896714656474,0.4242695647287267,4.199945114579103,1.9047326552212331,-2.2628301443669354,-0.42541808904109774,annual,north,127.44,0
-0.3048202518859182,0.8977164435393377,0.3665588775491615,-1.618913592052974,-0.41281949959655306,-0.7063220409723032,-2.966585899801945,-0.11670243011343497,1.2163571401011284,0.8473489241452388,monthly,north,46.07,1
-1.7420188586476733,0.6591468954715258,-2.4959107329849615,0.8319282911389799,-1.055375072212928,1.2687304438787117,-0.662776084124338,2.1270861827039775,3.796312687489276,0.4520437954910076,two_year,west,33.22,0
0.7434090448267737,0.5290638836914816,-0.3564410896228038,1.2007408584518224,0.0668720703905692,-0.6322062879924393,-0.23452502807512676,0.5716275733190732,0.3446549058568613,0.044956267510259613,monthly,north,69.64,1
-0.4259484483687611,-0.4341585857431758,-1.448429893206153,0.17819386678042062,-1.0724780976585708,1.5372487724264272,-0.8736687375421843,0.8389149138944725,2.406054707773418,-0.1885199190380281,annual,west,138.61,0
-1.768384235949804,1.2316502775021334,-0.1451423910124243,-0.31626048589879696,-1.0584648053042338,-0.9133448340945305,-1.8380214171972908,0.4975338133577703,0.7022438054734483,0.44100691924980784,monthly,east,53.87,0
0.3447977364066346,-2.352501898767125,-0.424857434656267,-1.4967938726346983,0.11490029183626671,2.3437453741600436,3.0610492304055805,-0.2773371463780583,-0.6116704592911811,-0.5387998611083809,annual,south,34.08,0
-1.7014283451756533,-0.987145622133713,0.5451036750295396,-1.656009328400683,-2.9955683739109977,-0.6727330387460562,-0.47517719875078446,0.235461612404911,-1.816558092750137,-1.3873506093388628,annual,east,27.27,0
-1.625207552315616,1.952218380194262,0.053586984795508774,-0.21063780432019497,-0.13089003914107133,1.5640457207724676,-0.6146203265847836,-4.184704990600854,-2.9077237833448906,1.6768860198029658,monthly,east,65.72,0
-2.0326602286827136,1.2994667774779045,-1.5123856142743684,0.8870582192035666,-2.3842305536299273,1.7574687095111678,-1.1500437844926246,-1.86213382980841,-0.9242239653372328,1.5831196386191728,annual,east,24.89,0
1.1544442695644772,-0.23694749038803198,-0.20326270461000862,-0.18737499958456447,-1.128186787896573,1.3567523936961932,0.19031870115635607,-2.5579976806490796,-2.735492166071194,1.0702811182536691,annual,west,95.79,0
-1.5579628840579796,0.6182180994766773,0.816339153513591,0.28331694098435484,-3.1777865218503516,-0.6287341680216019,-2.0886009835207022,-2.2447530153882687,-3.5284365079712168,-0.5484606780431173,annual,east,107.43,0
1.052424331959494,0.20811338348211228,-0.15629911478009553,0.0008971647549732383,2.3198401011083014,-0.22881316946419572,0.7835952698914463,1.1551422878814956,1.9720136051237085,2.0041144203131465,two_year,west,79.86,1
-1.3220232591889245,0.4763532265229309,-2.3503037548552785,0.3026220399819507,-1.7695311414721582,1.3296433606759106,-0.8177561382807654,1.4060344008998868,2.619881326857008,0.19988138457971769,annual,south,116.35,0
2.446568550874868,-1.6669352136361955,1.9240926550963404,-0.1990294103132005,1.3749871000647902,1.8755770311063489,-0.8828341027255826,-3.679967501962913,-1.6291097338892322,0.24792202677048825,monthly,west,85.13,1
-0.01840941455656331,0.4037095952396077,0.2058089578549838,2.6189179476200564,0.045051342657227655,0.956412674748923,-2.1860191881064286,-1.533912748174886,0.6763034774799974,-0.775897010551341,monthly,west,111.31,0
1.553801554553016,0.22183414579993,-1.5386557603020243,0.24562525192033133,1.241098419861372,2.487622120574793,1.2482712571623047,-1.2745167067043228,0.5612959005835634,0.544955790438161,two_year,north,49.98,1
-1.5301755778273274,-0.8978483226779785,0.5033509111031537,1.560314480395382,-2.224685021737397,-0.47724161093866346,-0.5924910611341179,0.39618418232425184,-0.8966136748453921,1.3239042928611962,annual,east,116.8,0
-1.1102519208056352,-0.3347200209370831,-0.6983898387362144,-0.7807557186229612,-0.8155378409838954,2.6561537939082225,-0.11456010483548473,-1.993289759036765,-0.3301714562088598,1.4453524030096307,monthly,north,85.21,0
2.0559918063414013,0.1256686696960332,1.3039454170915405,1.0183320440015513,3.2994884366544426,-2.3501652950986855,-0.7178957167757782,2.2861607277464855,2.9561524944278057,0.6742213053417656,monthly,south,111.7,1
-2.1304450299106663,-0.5078437650411063,-0.28491438703230776,0.7519569164487448,-1.7806147928818876,-0.32889471630678413,0.8450494900429845,1.1824590539299507,-0.4854078423806608,0.385347519108337,annual,south,78.07,0
-0.9057853338175641,-0.07803845859588487,-0.46909139012388495,0.8298651324504384,-0.48023972728777276,1.0832587070851418,1.0592515885343183,-0.8129620854968964,-0.9814290093918465,-0.0724945735135578,two_year,north,85.77,0
-1.6549231740634522,-4.116719760238475,0.8220931120126407,0.19229909696617214,-0.5103866606205191,2.297151209050346,3.473264703821681,0.3592425679211473,-0.6819238093986102,-0.5843941899467028,annual,west,25.4,0
-1.2598563608863582,2.3053628134545683,-0.8286037935568876,-0.6332437482830781,-0.40315201328344863,0.4000092016939468,-1.313216898763499,-1.570124310450806,-0.4517401512262633,1.477363234098718,annual,west,83.61,0
-2.133991769627129,1.025032463508146,-0.6653735659062457,-1.1243883664867165,-2.7228974350436945,-1.8902889419886018,-0.6082993002085579,1.738880933790282,-0.5740807050228957,0.7020858114420684,monthly,east,38.5,0
1.6405557068416434,0.010503048768601975,-1.392347419634718,-1.5030618712197954,1.301530746027035,2.2905557109757515,2.1387023838104584,-1.2549337368994227,-0.23328686194784665,0.6787951849494298,annual,south,38.52,1
-1.5971263116425298,1.1565192086741363,-0.8239657186665342,1.1967723136831059,-2.5490491531337964,1.4155796067120425,-2.8042548528334104,-2.2071612736347026,-0.6180260883758739,0.17336438566896067,monthly,west,76.34,0
0.9935387453318285,-2.8277086670429847,0.19372900320814826,-0.6367881264572604,0.42559134064541637,4.809514437614347,2.3983360176755175,-4.061446160413486,-2.3467746633905042,-2.3590854244326995,annual,east,94.91,0
3.825973797077783,-1.6270954446769446,0.22555270183517334,0.577224074464822,0.3441882712137977,1.094865839949943,0.4767293163511319,-1.3271023214699555,-1.149900079918624,0.9850729266526546,monthly,north,64.6,1
-1.7528896950310195,-1.6186139655865213,3.3996958604786047,-0.4799024428284886,1.5615283713448336,-0.3227753140393681,-0.27866096858960887,-1.4961392122649795,-1.123055619233324,-1.3703627259725069,annual,west,40.86,1
2.345811114380857,1.1414862978862346,-1.5033702991422908,0.4856954529830161,-0.48697018478305476,-1.446085626114567,0.321916834301325,1.6454153836909071,0.1630430041453903,-0.97766993054852,annual,west,116.38,0
-0.8262104903788071,-0.12335543629821188,-1.1659057317186883,-1.0246382726152325,-1.9486955843724396,1.721611217222529,-1.780865523485873,-0.4894364835960612,1.1601994046004587,-0.4106315619000027,annual,north,145.2,0
0.7350194896364604,-0.38249790290841856,-0.549009608992431,0.8391114545240407,-1.5719487308164104,0.8783867662521592,0.7371418434847123,-1.3413162905423515,-2.355935967857672,-0.08022180434099344,annual,north,115.37,0
-1.8493162805498988,1.3919412458102596,-1.3589281930774786,-1.6281586671548902,-0.16422790315782443,1.5422434656581134,-0.06639762985743514,-0.8944160294750139,0.5892005890484957,-1.7752985622526545,monthly,north,30.02,0
0.8611181697638637,1.566369825984612,0.38804360536163524,-0.9810126829568641,0.26123402568687093,-2.221675862102689,-1.8682084022090388,0.595984779751412,0.3108673682069901,-1.4497835233762701,two_year,south,129.32,1
-0.9170217451205173,-0.2363226072792417,-1.9715015844660524,2.0116607960472708,-2.938051251269061,1.1297655721472508,-3.176336123700174,1.7868076585127863,3.774336156599873,-1.481242495322183,annual,west,28.78,0
-2.066852166681084,0.09789485930459096,-0.0059168744612769246,-0.9759161392601893,0.17754180787410823,1.7130128268569864,0.3438830505528543,-1.5742787614599796,-0.33300008475106924,1.2629350220393156,monthly,south,76.72,0
1.418415049239505,1.4089235272530498,-3.901949150701113,0.33723893700213436,0.4992456957319138,2.4233242909234445,3.181503649510415,0.37116346720274723,0.8460305307234568,-0.23438771881916703,monthly,west,140.75,1
-2.364275707107442,1.6309656833227542,-0.014539285391983797,1.19499520260786,-1.6147961559442243,1.9361280583300142,-2.931518826537844,-4.048785309183113,-1.6200751485762055,0.9951314964034265,two_year,south,54.21,0
-0.1846652614954829,0.14440656648577743,-1.4741500205947793,0.5077571606738812,-1.5736102940791654,0.6036688369968906,-2.44904292785834,1.4411689180868699,3.163615304886395,0.782305056408612,annual,east,36.63,0
-0.40580741865764614,-0.625511645090636,-0.03613154179689017,1.4297818112836151,-1.2423501636751042,0.6429015859397176,0.5914104096044167,-0.8077736946176276,-1.602059858000123,1.8489482786199196,monthly,west,119.09,0
-0.8210215024107208,-0.8323219055993294,-0.17946068551776875,-0.543663690520573,-2.6132019958285664,2.4601873954152285,-3.013965691321818,-2.3751690509660417,-0.0472566642796266,-0.18249405232888813,two_year,east,140.72,0
-0.14111487128061873,1.417120291065976,-2.201841022468413,-0.39203003793450975,1.3796188410408123,2.900543212022467,2.050463289148842,-1.7208554423343827,0.1640877968945107,0.7629538907450788,two_year,north,62.35,1
-0.26433654002110807,0.2787487812856275,0.16788872266509652,-0.41945691427062204,0.62839081355193,1.7107116692800557,-1.1632199201933298,-2.169768195542406,0.2166658448174028,0.9511087032155452,two_year,north,50.22,0
-1.8612804505760436,0.9812110894018594,-2.756700299006051,-0.9270716595984517,-1.8346790889315767,1.0352988311929945,-1.3064389394171962,2.2087214762478826,3.7278360249237954,0.008784638076579785,monthly,south,,0
-0.17906707346051332,-1.302152049414972,-1.966152237803212,-0.5660475538182571,-2.990134733496203,1.6403106603289155,-2.421228274748837,1.9427555638356824,3.684872647812149,1.4445379005634262,annual,east,145.22,0
-0.6138630737456874,0.25628321733763526,-1.0094405784013465,-0.09050862040573174,-0.37978249714210066,1.7974665378482637,0.4443890692176542,-1.1676412922247865,-0.21664208248738337,-1.0575690228093482,annual,west,94.96,0
-1.700555062492406,0.10574127220025953,-3.5420885396078257,1.239802231165877,-3.812276633099782,1.2389566663535916,-1.800788443498151,3.324938765554726,4.330076444400215,-0.31884340112898446,annual,west,131.81,0
-0.9109092930652838,0.6319410669434945,-1.582988652231702,0.18944618087540008,-0.6331592976916354,1.1413034893406353,-0.28856190120933,0.4688275474164112,1.5992232651916654,-0.8349087226228585,annual,south,60.08,0
-0.6038621611074262,-2.1631673843429793,1.8452657105696508,0.9380354629517348,1.165279153661459,-1.271359821881033,1.2138225168408305,2.1470829670905394,0.9782648751339615,-0.06333971092743768,two_year,north,27.34,1
-0.019160252639223385,0.5283799782229945,-0.6091908126404114,0.39063554084361257,-0.0790564363468913,1.4960294960662446,-0.22554552896047597,-1.7055871823071629,-0.4878368830592852,0.05123445843984427,monthly,east,78.99,0
1.3420704824353997,0.6221317119577684,-1.3374431102982516,0.9028260101344574,-1.3180254675322762,-0.6010296538657929,-1.6347051144684959,1.4196902453882292,1.567671690610715,-0.040460229724000846,monthly,east,46.92,0
-1.0642912579646346,0.7988425857512762,-0.1817416331400792,0.11176565994560056,-2.318631647138514,-1.4627697682581862,-1.5447879276224552,0.6682445510835917,-0.6530616315693551,1.2657923383676053,two_year,east,87.47,0
0.5944160643941276,0.3780100485998503,-0.4211262945372934,-0.10869939998197387,0.5818027102550087,-0.45888190138102214,0.16774171145611783,0.9468588162050663,0.9654464979875204,-1.0502871282806074,monthly,east,89.94,1
-0.08682983248131726,-1.8474101009182955,-0.009355138575836567,-0.6355496197321765,-2.820956694332714,0.980394756696595,1.7564323684570855,-1.209328927054781,-3.7240611120057783,-1.748959522214075,annual,north,58.26,0
-3.082990021194464,0.4466501187264531,0.6229036863317055,-0.48664309088315455,-1.0740542464779543,0.6694019001845746,-0.5806656745039085,-1.831832252787205,-1.595946798206108,0.155058708562958,monthly,west,59.97,0
1.130529549219236,-0.881600259135763,0.7892993922181613,-0.6567351157138644,1.1062811360714466,3.6316109832844,-1.7429421908025913,-4.484961778419894,-0.336488409117481,1.3067671113307369,two_year,east,23.14,0
-0.8235315488866777,1.8338859000165697,-0.7750380560841256,0.7195179163161753,-1.8467605846256534,0.322992265168336,-2.5690241708641954,-1.6699831205345748,-0.686417652075654,1.4022259223612712,monthly,east,74.65,0
0.014124602716224732,-0.5434073821095475,0.845628473455322,0.9210570744472386,0.4612286604366168,-0.2622310003590793,0.8898547568761516,-0.387205946585066,-1.153211616271682,0.058277020203594314,two_year,west,62.08,1
-1.8507556661397553,-1.5073502937470533,0.010704075484607665,-0.7263003445833315,-1.0071450411607616,1.067859877728287,1.512799292961573,0.2745020403465501,-0.4565625405304171,0.44052886743801534,two_year,east,100.53,0
1.4334988365383452,1.6258337250523547,-1.6367459624587395,0.42221262401910276,-1.1496134312707178,-1.0558507585784218,-0.054926758721028035,0.7478393947288554,-0.5707394823298967,0.24472070096741447,monthly,east,131.77,1
-2.44109608604605,2.2525976711376945,-2.1501682879583206,-0.3329636772515016,-0.6630657561771192,1.1373605785295868,0.2332922749610371,-0.26529994130993695,0.6143171756729311,-0.06986789964297292,annual,south,84.04,0
-2.544206689929561,-2.852496472362505,6.18067218776488,-0.6971763491350859,1.7556893492588008,-1.0771479818933236,-1.0282609715126316,-3.0212612838413193,-3.1528684264764055,0.8024563799353853,monthly,west,30.75,1
2.005963540498217,-2.2351913798803476,-2.0489236037513736,-0.7684429511026416,-2.5727888435846875,0.5524381635497512,-1.9937436077064992,4.077493368025227,4.960812565278381,0.29587412932162976,monthly,north,141.35,0
-2.4405775686659164,0.9347920317063152,0.19591648085541527,0.22175573963215214,-0.4931438456039752,1.1833865514739732,-0.28074091553550984,-2.459326020293515,-1.7169800617634081,0.3561396456018707,monthly,north,125.08,0
-2.41375911154159,2.9494454543745348,-2.564275646344874,-0.16582959430592328,-0.031643723671758384,0.7980672201657181,1.993605126381763,-0.17244374919891556,-0.3821639957528993,0.03814002262184829,annual,east,67.52,0
-2.7836819500219736,-0.7974822330334208,-0.3280319424883836,-0.2522678493154928,-0.48635765985494794,0.4975936309058213,1.5477521061426862,1.4613025280328444,0.8805378303249285,-0.7570494229918037,two_year,east,62.99,0
-0.6703607231927747,0.801749820013651,-1.0093542788703853,0.9147868757139354,-0.2563013496301756,1.0338179658524824,-0.7481015767368189,-0.36696923834228745,1.046475597165825,0.9091138657005301,annual,east,141.93,0
1.597034980383384,1.5589942230875435,-1.3061385007625776,-2.3160761227579667,-0.8993932127347886,-1.4070870250425855,-1.0440883377864085,1.1504170996458005,0.42825514321948144,-1.0864589793840103,monthly,north,68.74,0
1.684094851046448,-0.21455363586695908,-0.04534400194145402,0.06802225029512021,-0.032669898084669136,0.057190944423203716,-1.8564812104556276,0.11501617116353724,1.3841677603562972,-0.19454460145771144,monthly,east,102.65,0
-0.036950945729185225,-1.0224872267053455,-1.1013154265819647,0.5663404159749129,-0.6831813585506981,0.48467534778772137,2.3375384469307914,1.5545045583340984,0.12550480593579194,1.650217900242657,monthly,north,148.09,0
0.7185887339807497,1.9980550727150226,-1.121306269751055,0.9504437552085649,-1.1398605722581419,-0.6078403333337135,-0.94443434934758,-0.7188560899281032,-1.2029671379767,-0.14245862993896036,annual,north,24.78,1
-3.496408177186929,1.363285294710496,-1.637476789674504,-0.06301981158051863,-1.3812645515121793,2.4438021199641113,-1.5603635575084374,-1.2005391557832195,1.490397665057601,-0.24488088181481166,two_year,east,60.9,0
-1.5292049775220757,0.5474903909848831,-0.2220737671702805,-0.5242657999569807,-0.5880861492046676,2.0843461779025922,-1.4543141180817798,-2.5173972357712904,-0.26452604010116865,-1.298284394148935,monthly,north,50.06,0
-0.18852183373009002,-1.5143101663982974,-0.3607332467311218,-0.09954478715694137,-0.9259950381393776,1.4475311310118493,1.9251642669119389,-0.412324563750602,-1.2714818415293514,1.6438883561321962,monthly,north,139.91,0
-2.077868617857295,-1.0320723411810662,0.00488229258463871,-0.4763086588569256,-1.8796274914821183,0.5357439304721354,1.840860802617355,-0.23460739639551034,-2.2442648688784077,1.7730823471974686,two_year,west,91.65,0
0.21807997045844107,-0.9381482622530934,-0.5212315857946556,1.6090105333545168,-0.3412221190396134,1.5681563788507857,0.9670938038476172,-0.5770555936107794,-0.2709570235214489,-0.2438102581108318,two_year,south,26.98,0
0.4197130643341459,-0.39828413549272423,-1.5230144379956048,2.2801038508774436,1.5250709623538754,2.7042511648630025,3.4208199404430344,-0.7278603010379825,0.015468772336752368,-1.4675725051835178,two_year,east,118.18,1
-1.2509772535763628,1.723975663769214,0.012303482854592287,0.08732663875273772,-0.03723323384165922,0.9468259248362556,-2.2222338378894086,-2.507296120157123,-0.2924623483513834,-2.5192117554508346,two_year,west,108.93,0
-2.033918999511913,-3.9754201103749973,0.14947384166235503,-1.2818194686479143,-1.560341140317663,0.5271745542799327,4.381688457577859,3.0291652838305847,-0.32267189190835954,0.3935934798402301,annual,west,106.08,0
0.3338443866048213,-2.7125924247760738,-0.8465913588060728,1.9196143808083834,0.2587124454081282,2.5000082610845724,2.92707475356105,0.9241199132111034,1.1247038966004346,-0.6435575893345615,two_year,west,144.24,0
-0.9355972972314441,1.9623924540255442,-0.7108662823025558,-0.789367289337087,-0.8273173071206169,0.5065138473765725,-1.4649354540825583,-1.8386896148385716,-0.8842018027993697,0.40649397255633135,monthly,west,133.7,0
-1.1831877870896956,2.8286933482760293,-0.04289694931543267,0.47222117895323196,0.3311295186820331,0.5947338028774192,-4.075780768654299,-2.645743356198575,0.9016922350497694,-0.064156730010981,two_year,west,117.92,0
-1.1639550026842083,2.3122389882410395,-0.8877145770181641,-0.5131802741667234,-1.4420729455831869,0.25404865472015303,-2.0419164847413738,-1.7818691235839208,-0.9415098157767898,1.5790330025770296,monthly,south,48.95,0
-0.27615576710072653,-1.6798236388498031,-1.726211739153878,-0.04722967809793612,-2.068078719221801,2.147253259613619,-1.4584344482259093,1.6861880504748556,3.655859587807599,-0.37193574035966237,monthly,south,37.94,0
-1.847050050875578,0.673150135579218,0.018776419913972484,1.3286029612933705,0.33989767691258255,1.8433448717338488,0.0748107948725204,-2.5144267317190288,-0.9974349117814386,-1.1802704396753965,monthly,east,48.72,0
0.81390707774851,-0.14314128452342778,-0.45230283761436424,0.003500072999934259,-0.03729362997985175,1.7265672418576998,-0.24026884648858515,-1.7169751589873492,-0.3866096077759047,0.1970103620381806,monthly,west,46.72,0
-1.7507726263522632,-1.6171381042129478,1.0757820577898363,0.8017866189772936,0.10852514343040465,2.9766910629179453,1.1356270060569784,-3.348721124585211,-2.165731866907006,-1.6277502616992976,annual,west,93.84,0
2.1204891387036655,-3.050433213808169,0.2720819971001735,0.10401564250340053,-0.8701433328199724,3.3046665144653495,1.1747895428398665,-2.7801170542747564,-2.1743374395802597,0.19870788966733338,two_year,east,106.2,0
-0.5282598867513983,-0.6053126286327224,-1.8945159173761958,0.4861304561703327,-3.7233254844020154,1.2827190730336084,-3.606590160104966,1.379050045866209,3.1951953709247256,0.01906332020582571,two_year,south,88.56,0
-0.9368357838828631,0.5191430922144629,-0.9331061982892866,-0.33924864058571974,-1.3045312729242104,0.058436805503222944,1.2038720506316294,0.033461335416327544,-1.4171970617720202,0.9555073843933621,annual,north,27.33,0
2.718300092137718,-0.80975188556761,-0.8721268862058075,0.46106695268274656,-1.3042607242691642,-0.6011426051274653,-1.9995635752030516,2.087441267980489,2.3801439020806954,-0.5841305797760299,annual,north,67.21,0
0.18876553571011367,-0.7559594472438288,0.08589464360117853,0.899320373845173,0.4290819288275356,2.3853869772213647,0.06552205049756554,-2.252848778765876,-0.41654774417818363,-0.38969135169143876,monthly,south,145.8,0
-0.34743793875940243,2.3501840783240793,-0.958375776456527,-1.8333000665837702,-1.2274886001475869,0.983006550362197,-3.2176100439201933,-2.574333689193285,-0.2935399930503104,0.3734635335959792,two_year,west,110.42,1
2.5044285784026616,-1.4181773731134544,2.2998887199518006,-0.9107239039330564,-0.7600813175718906,-2.047841812637228,-2.4192057366946664,-0.19193525094567326,-1.1850671168652944,-0.02929624314656548,two_year,east,68.07,1
0.3616185210365057,-0.3523250405130183,-1.35789106532357,0.18489461320742512,-2.3203252176142595,0.7820570946220426,-2.5218491568301693,0.9440309958286202,2.2411159486656267,0.08197644167640919,two_year,south,107.31,0
1.0579322696085538,0.9354251034900861,-1.2504226823888405,0.5579590472191704,1.1447332079786807,-0.3730855711889912,0.8616742415151328,1.495627751660081,1.5992170058050639,-0.15933660961991938,monthly,south,54.46,1
1.653374426309446,-0.7200421422836918,1.5127799596802836,0.541109653460344,3.176160091015041,-2.2813504823010664,-0.27752444409466104,2.9575527629650575,3.353361693031931,0.7032534222821578,two_year,north,30.07,1
-0.29092833909507354,-2.3737793547432773,0.7396579381753552,-1.0170194301637299,-0.3947564485256164,2.9288045559475204,0.9948369698212227,-2.570057696083282,-1.641513402786039,-0.30286188816983695,two_year,east,,0
-2.199690433302882,-2.654947212090704,-0.057701603121168024,0.3780282546757726,-0.6732897478992339,1.4975512945311937,3.435270122485978,1.1737514764266794,-0.28038249839616847,0.8710366400733942,annual,west,57.67,0
-0.5432502818129585,-0.7172272090030054,-0.9085400866911385,0.5492433886187069,-0.4034739364971177,1.0054580042442214,1.1885357387850224,0.8396651984913637,0.7987982371415756,1.0352043183791475,monthly,east,82.61,0
0.0020328337626682735,-2.4417489081718298,0.8109331859700554,-0.9455496878982766,-0.6116132854389444,2.103643267302245,1.049479025676418,-1.7463142165509198,-1.6028673808307303,-1.2863492816786746,monthly,west,137.26,0
-0.8401851428847726,-0.15231213355500695,-0.21576095577112267,-0.6679860688044786,1.36633818528869,2.89425086993269,0.9259125884002376,-2.4383169861780676,-0.0927926011991681,-1.2405089337781077,monthly,west,104.73,0
-4.135747359802698,-0.27937462664927526,-0.5557539628427999,-1.2858746404868127,-2.206010122151606,-1.7253591008072378,1.861468152871363,3.6096145712137884,0.31643686352523925,-1.7178363057752948,monthly,south,114.03,0
-1.0859215530008712,-1.1370174934136674,-0.32717766071820953,-0.673372491987827,-1.9127669576329311,-0.22492866549517077,0.9247715534847673,1.4052727029352523,-0.39359302719337363,0.4611927904735509,two_year,west,33.34,0
-1.7680705648230952,-3.488687466421434,0.5974097464162154,-0.9424824590858658,-1.334122845881124,1.3669925519186457,3.5300280345199995,0.6606707941733571,-1.6192394027041181,1.7389555097547915,annual,west,82.36,0
0.36009334757844136,-1.5532328702467424,0.8637971569462427,0.18343451491295484,0.4204819523221164,3.512074761760041,-0.4394683196874516,-4.045496776807941,-1.3032297085828581,0.13676100403375432,annual,north,72.56,0
-2.0304998342868563,1.4266630589550922,-0.2907151685207403,1.451595835794923,-0.8079354331421471,1.796946397133332,-1.875628295195241,-3.010440815866326,-0.8134740131794604,0.24845529058636714,monthly,west,104.09,0
-0.47974696395849903,-3.7025901819194096,-0.08699206652649719,0.5529000762813207,-1.9693917111556836,1.6222895650391012,4.220767451334158,0.6017065312963332,-2.4190556978025697,-1.1188624354379195,two_year,west,57.41,0
-1.5339122046841305,-2.1334114122260734,-0.2816828514342245,-0.5469042846160825,-0.0780048569132934,1.5859829379870174,3.685414089875137,0.742075556441825,-0.5130714714597531,-0.5155967140430653,two_year,west,69.8,0
0.7978020772263119,-1.8438354731959983,-1.8504966207347648,0.21226088785598063,-1.3511004340311756,1.481672645555737,-0.6210121911144446,2.800789123732307,4.134052026701971,0.39531615689933375,annual,west,147.53,0
0.7249385232091721,-1.764809587856961,0.4977375950740073,-1.471359140894643,-3.1634660816976163,0.8690016375774445,0.0547714307111854,-2.1431169187164816,-3.9776896890508735,1.0525327016261519,two_year,north,,0
1.5325003921631208,-2.9336837314634225,0.0021337640441313603,0.4793651330763423,-1.6655226129688971,1.3129511213809493,1.2544184024071496,0.04148677611268465,-1.0867307520322524,-0.005798996921606276,annual,south,45.99,0
0.6580582881884647,0.9967768972794411,0.47433789581822516,-0.38074760965217375,0.9846060387340969,2.672172031921331,-3.565608130512648,-4.484771682870359,0.2816615904228541,0.7118041794146456,two_year,south,51.08,0
-1.6876773148796036,0.980556081238571,-2.0813454500638104,1.2660134772382743,-1.4588839324887226,1.311055987655358,-0.6670327499726616,0.5628911704480991,1.7427078223611088,0.3541709839575613,annual,north,110.57,0
-1.9211086698206137,-0.9033269191908117,0.3595569950315291,-0.19315834663346004,1.2949685597319633,2.4761678430883456,1.1321038440264757,-1.4619681607725565,0.46733683403277126,-2.3003010803077846,two_year,west,112.78,0
-2.9373451009955147,-0.5870380717311894,-0.41970990009860687,-0.16859112994588762,-1.221994694900424,-0.4781617208986455,1.6506537349572354,2.2361905210809945,0.4397352453806669,0.1656936121097448,monthly,north,122.02,0
1.2366532569180715,-3.1356119582097377,3.3979949524459725,0.7927446429458463,1.43185294020621,0.4637011270394702,0.12309411158808403,-2.0477569149166968,-1.786707564001666,-0.010953480419882191,monthly,south,69.54,1
-1.1495962101404429,2.178043180383141,-1.1049038828676876,0.7329692653462792,-0.7188632205233934,0.3933078496614736,-1.0855831100498927,-1.2183750133371791,-0.4035643251351826,1.5792637156964109,two_year,north,130.81,0
-1.5356305578351943,-3.165682057515572,-0.03367755809398053,1.911225361213949,-2.574846067155053,-0.3008827721091418,3.0957152643460475,2.882987605555809,-0.8675731656322286,-0.5067733100920144,two_year,south,110.66,0
-3.5751778425219523,1.7844547619594282,-0.19559824855856225,-2.640050726714909,-0.9358611883612326,-0.7645370825854216,-1.4310233217505255,0.38052397287857553,0.6502933253539953,0.2005594772931433,monthly,east,112.72,0
1.071967822734761,-0.12819764840740677,0.869158163897628,0.23643369093341135,0.1291009193643693,0.7667592070666843,-2.148228519632778,-2.179886699989731,-0.39155372321881554,0.1593462525072419,annual,west,126.86,0
-0.17348966414297629,3.272394603814411,-0.6712786655149068,2.030783589504598,0.3695987278727373,-0.9784213370654786,-0.6224539264782991,-1.4804272175903588,-1.591026629288093,1.5619195564626394,two_year,north,101.76,0
-0.23241950966084457,-0.18974701414058348,-1.8193927389547075,0.6483928053068481,-1.3391848576540357,0.9528870950695485,-1.3031144192885584,1.8586030695211595,3.2716232393338003,-0.05102571039654398,monthly,south,74.89,0
0.8307940419005024,-1.3704518073442484,1.7093668871935543,0.42860656866410274,1.6836353116121239,1.9835654927871442,-0.0635933449145345,-3.174907760389409,-1.193964660570391,-0.5838115752783238,two_year,west,24.0,1
0.6758521501396006,1.7488021266684375,-0.4012776959078192,0.5116052451480076,-0.8818530019079511,-0.9383664235119864,-3.2171529041005966,-0.2796267827428982,0.7686977110182343,0.42833878520110386,monthly,west,97.41,0
-0.5834680993059184,-2.3017789278014473,0.19412349854357805,-1.6903792368341082,-0.37593033834701484,2.469417883124663,2.4118073964867763,-1.349008102376432,-1.5651867677676767,0.7809924848869465,annual,north,93.29,0
-2.8805683827270423,2.2338159793640697,-1.6182233184442385,1.3833032129007832,-0.6804965749561438,2.017241352458286,0.8868055011189635,-2.463687114801961,-1.690974688693494,0.5401814943156078,monthly,west,98.11,0
1.2786134166679466,-2.7154415186025322,2.6084837185509033,0.5568192898419345,1.5590399797013765,1.2533392972344897,0.0985012424931716,-2.235237604065066,-1.1303427498327026,-0.07426880480942556,monthly,west,61.97,1
1.4163964751669496,0.39157807598325256,-0.02469898800929936,0.3467803522375356,-0.1514818703822507,-1.4001948989121238,-0.5539563226582171,0.885967624221148,0.05563473742658043,0.0057066686837410245,two_year,west,92.13,1
0.3023820919266156,0.27078179827420534,-0.9086904953084446,-0.5263611612376949,-2.5006953958882407,-0.38848382419515004,0.5280228611775213,-0.19642534712009868,-2.435047544260084,-1.4903285651482692,monthly,north,42.32,0
-1.1841351153495396,-1.021248160917533,2.6876460837621297,-0.7064213894471745,0.8049504803180222,-0.9121667341783763,-0.4966065279312244,-0.9200070939041517,-1.2129914044754295,0.6830999368380093,two_year,east,104.48,1
0.6482788183525154,1.6596369501206367,-0.13911244704100167,0.8481773388624978,-1.5098055038347695,-1.0259180202074516,-1.8501506439387931,-1.367769448954738,-1.9933801435378466,1.3875709174573045,annual,east,29.32,1
-0.293933042123551,-1.2377922244869777,0.7756876918539968,-0.41911325318946296,0.11898110778939075,2.574963094508968,-0.26536461970103087,-2.9776219152802277,-1.1062447889412854,-0.9242735970640836,two_year,south,133.76,0
-3.2952336341578574,1.8470682551131583,-1.408584882760859,-1.556760015408291,-0.3841612820167879,2.1787205224785495,-0.6848920553390605,-1.6241626967419525,0.7472110082403223,-0.7124608212577964,monthly,east,48.1,0
-1.1024646993117753,-0.22127743393343702,-0.2913519442069785,0.009658019245160096,-1.6252397082138428,-0.33148692942732616,0.15691453559306556,0.6533919052149243,-0.560844564563838,0.649634985550322,monthly,west,58.2,0
0.49006895814745,-0.646248025762389,-0.0731530594538286,0.2543428429810452,-0.8034709180169253,1.5451812116115269,0.3479283691792088,-2.008704989650851,-1.8348034859970506,0.7090407331973294,monthly,west,135.02,0
-1.539384533169355,0.01212575784242964,0.11848865414896614,1.0278075714429893,-0.5237268661966932,0.7857637988316245,-1.3183479440715251,-0.5576951142070915,0.7718227336782997,-1.655045679749807,monthly,west,134.87,0
-0.9688007264011754,1.1958003190670254,-0.2878643361847548,0.54973374756812,2.7374432161057847,2.8388859084346993,-1.3710784249625902,-2.38791713089978,2.5604152327546177,-0.2635513092963865,two_year,north,128.71,0
-2.345107283465624,-2.1546438020821403,2.539836344550759,-1.4483134789625813,3.1197532544564597,2.711066308011673,3.4044852624335924,-3.2980793713117307,-2.2376812652114024,0.13328480548659338,two_year,north,62.5,1
-0.19666627633000366,0.717901019811823,-0.23557415926705885,2.0908410141731326,1.078186651709435,2.0436650360304807,-1.0357413078416635,-2.2872800597269847,0.6152438269909144,0.3704167480649725,monthly,west,137.3,0
0.3940578201657621,1.1845713754171607,-0.5224656654330899,-0.7808662547612665,0.5643498755180705,-0.07038144490668574,-1.0822739723354,-0.06278725977045972,1.1064089476532772,-0.5677682599193361,two_year,west,120.33,0
0.1754117307263514,-6.039469606392641,0.6269103756541229,0.5760583181332203,-3.939696992027554,0.6062186381317403,4.742414774625626,2.207016877189192,-3.3077085143598883,0.6415758337912588,annual,north,105.55,0
-2.255242606686969,1.746289440328738,-1.347170017660908,0.25934242890397124,-1.3980443743198787,1.6971223354735738,-0.5160388484492547,-2.1399335335967185,-1.1160240572709177,-0.7881331429288371,annual,east,136.97,0
2.0737780842318423,-0.4536732153686509,-0.45427167488641307,0.7083621501918086,-0.21142283497267667,-0.04827162275604624,-1.0600868140647774,0.7842663453925361,1.3697892636938074,0.3097793739208671,annual,east,121.81,0
-0.4950600328744019,-0.9538795159652315,-0.13752412691006183,0.7682541606156715,-1.1356278178294519,1.626128762120793,1.7876236216639279,-1.8155138962507646,-2.741234664349438,-0.5755872625947558,monthly,east,75.22,0
-1.1753710736353962,-0.6302726820922269,-0.2873224048674817,-0.43406056956123856,-2.386206172700236,2.2133494145694232,-4.031435828007897,-1.469538993659583,1.7299564174978617,-0.36372086594202,annual,east,62.15,0
1.320216199537402,-2.1413519182730374,0.32848950697085344,0.9653103004131764,-1.2799521019125808,2.3060840740847524,0.691697234415451,-2.517725824519421,-2.5177135671471707,-2.3941369075731656,two_year,east,71.2,0
0.4702679228012505,1.041467528598634,-1.5478416177881145,0.8208284615253648,-2.2129548625284503,-0.4949695141829591,-2.859698320075859,1.251448931381832,1.9127250118237693,-0.5443684640064147,annual,east,27.98,0
-0.21783054515361633,1.4536888814172855,-0.11403318011372927,-0.9058820830249656,0.7077332260815741,1.8528925120618136,-1.890328910266026,-3.2413116447145685,-0.22688133251967013,-0.7818193060843979,two_year,east,67.25,0
1.865612326524895,-2.6373880889983443,2.0451214111305482,0.7055200802247495,1.7808873673297878,1.6845469100212975,0.8000513047031456,-2.2709732589071225,-1.1626849642182464,0.6016545825482574,two_year,south,65.9,1
-0.5269595696736441,-0.7404980233551565,0.07738894663820389,-0.2033870931805297,-0.996099639536317,0.8483861328899015,-0.21356252443459156,-0.6555927748258521,-0.5136621862816714,0.663317442953327,annual,north,132.53,0
0.027866109127099636,-1.4543705887680851,2.4088566682419716,-0.2960320660958866,1.2801409744760364,-0.8032336918957204,-0.094075091863419,-0.318066757689117,-0.5105536301255267,-0.903970736493855,monthly,west,135.53,1
-2.027299689869791,-1.250969083650363,0.495191814503462,1.6111617827505285,0.09122929427190662,2.73661001024346,1.3782105286709956,-2.4355652332699687,-1.4006422336891595,0.18750629103320735,annual,south,145.2,0
-1.6727313837732645,-2.0560822728479895,2.7971996382418443,0.34963731491248684,2.870375540890748,1.3968683255805536,1.4734466109762878,-1.9113947392282018,-0.5676051283068053,0.25466115237606946,two_year,west,62.67,1
-0.8888080799819958,-0.9357377298907166,0.4655218735252216,-0.8982917542446288,-0.3557926197457487,1.5507914808112302,0.19224068317283483,-1.6021628821939884,-0.9272272334329208,-1.4405562533261904,two_year,south,110.13,0
3.2205985589366346,2.3697292540096644,-0.15495711888333172,-0.4146353789257704,3.8014290584157853,-2.7565903090879744,-0.7174858141582181,2.1589713949297695,2.9633647042062554,-0.1877821058792025,monthly,north,102.3,1
-1.5478916774132276,-0.06050225755975158,-1.5370402732767297,0.4409513361755337,-1.6241298004153375,1.9106271404836959,-1.8222164087348025,0.396886593078422,2.6800109822291804,0.38480672982204933,monthly,south,51.52,0
1.220231235919778,-1.8289691157285342,0.38747562985850575,0.28321177823566623,-1.4115389667286684,1.503878897808376,-0.7953959724870046,-1.4999061222696197,-0.9963686735395396,-0.413036911271506,monthly,west,133.1,0
-1.3380925875681275,-0.45697930914417506,1.1307356124133625,-0.7206345307445308,-2.8003750292870664,-0.4578047531098688,-2.797554131344586,-1.155657523801392,-1.4748078524971509,-0.5036078587961196,two_year,north,47.83,0
0.8713954445502361,-0.6599036896079847,-0.23830961286789107,-0.5579646479945156,1.1348906345577494,2.4509746314651046,-0.12278916688083696,-1.6609973130463715,0.8919875833511219,-0.9226640418461465,monthly,north,117.2,0
-0.4247549526312163,-0.05953369145341281,-1.298487141639455,-0.5531057432090827,0.3507595559755414,1.4847659353690226,0.15270032563661284,0.7470444547471038,2.403243057505933,-0.188559732406498,annual,north,,0
-0.4436735582051041,-0.9805074616984036,0.07700238984681403,-0.5878868880260286,-0.7154646049705468,2.6444974340700815,1.532586844554992,-3.2509204821504674,-3.1096089905968807,0.6877934381461713,monthly,east,33.89,0
0.6532114467954611,-0.46736859564216404,-2.1251534068107665,1.8891052473862167,-0.5231943766351423,0.7301604724614554,0.6132238525997,2.644873123303339,3.045255307281,-0.4962560233863579,two_year,west,113.64,0
-0.3774136810120453,-0.3865827890399042,-0.6299804288953061,0.2134147681971874,-0.03096271536961226,1.5747097544210553,1.7974417821582838,-0.9512075988885712,-1.023376865472184,-0.435779014811717,two_year,east,88.42,0
-2.1219070061238567,-1.9822332107785465,1.3765574619792937,0.1825769887118352,-1.6471445687978217,1.2903326936816057,-0.5934287684451887,-1.4799404059813852,-1.3003638017896986,-0.4073348322145748,monthly,south,77.58,1
-1.2895895902856525,-0.829520229171564,-0.25560513596258955,-0.7688276593014913,-2.094683088673608,0.6226177680144958,1.7362604460029898,-0.6410549809211143,-2.7226605807432316,0.2447779878252111,annual,east,121.16,0
-0.11771060201338746,-2.412702607082549,-0.5426861874976328,-0.11159762524012469,-1.12398682293836,2.072636104409616,3.910238065224071,-0.5060914915249194,-2.4655750591301824,1.0621087084709508,annual,south,66.64,0
-0.07954873838170395,1.414710880462899,0.24214771909387733,-0.5735173179973284,-0.8375257898188238,-0.002282033689998797,-3.1843758392511305,-1.9271156451286835,-0.36128235007976417,-1.4459577310886207,two_year,east,130.94,1
-1.4349187556404774,0.6772149312624216,-0.24832138960957773,1.143781329704458,-0.8163935963170751,1.4688190874282623,-0.25750772119620335,-2.376949301735178,-1.646340420420211,-0.7455182485407209,annual,east,145.08,0
-0.12688181425378064,0.026004371397910342,-1.4766092873827616,0.15846734927279243,-3.5196924949870416,-1.2410869015347812,1.9892878012307837,1.4043151978985946,-2.9453383656491905,-0.11635596190609117,two_year,west,147.29,0
1.02378496371088,-0.6764230073139681,1.9784607450600602,0.9322008421000755,4.13003431358951,-1.5755617021906705,-0.3359213334334854,2.015953463470946,3.512917699302669,-0.4791548813656561,monthly,west,56.09,1
0.37840059119315606,0.06139853340491197,-1.4372616017650228,0.9713202428486056,-0.8504905996053586,0.4187575631799193,-1.6653458160527506,1.7299737189990614,3.1675345928790044,0.3820209179345867,annual,south,73.95,0
-1.2473005991702202,2.233450227006511,-0.5337653046736593,0.3377275007904966,-1.2382819091974848,0.47734742696307797,-2.2137322750065778,-2.3951294596685853,-1.2406801353732213,-0.6022996682263162,annual,south,114.25,0
-1.4991616475823704,0.29897832492550735,-1.95638453649009,-0.058947445186982,-1.1975660768346235,1.632201419467759,-0.9005126773999711,1.0123711923264394,2.80649441302051,0.38752869506855636,monthly,north,136.33,0
-0.7737064454055044,1.0907822772003422,0.28686509678013405,0.20197598244101858,-1.046786898715334,1.1300890583016958,-2.888811945834883,-3.0613379927497406,-1.0249519711285893,0.5061832863392501,annual,east,112.47,0
-1.3903359766857277,0.5050955217364737,-0.24245166971989018,0.48737575705848457,0.14793814854113752,1.6395010777076822,-0.6311477682643674,-1.6269304382386687,0.23450352036477673,-1.7463892416587568,annual,west,118.56,0
-2.3242844516142265,1.2545223219653057,-0.5288958148393467,0.23001077242611137,0.2667546470639184,0.43018422626068364,-1.274113295758271,0.2525550605003639,2.069450903100948,0.48968277805384136,two_year,east,134.84,0
-0.3805121556323652,1.1944678874065786,-1.7472795688432652,-0.0213486653329463,-0.7204273390856988,0.04888856105419137,-1.3000899003744264,1.5345292245623354,2.5950258574430762,-0.34455853848998935,two_year,west,67.7,0
-2.217205910461004,0.5417054777979371,-2.8428067124553293,-1.7487319485506754,-0.2754348528959779,2.0104486311743774,1.22459540920876,2.017906406387072,3.4749105259227537,1.427298338294815,monthly,north,90.53,0
0.6321410502569298,-0.8415902241488942,-0.8072961075390668,0.6156201927996069,-1.1099609324708553,1.1477481633620852,1.3625985384316792,-0.4446845797313693,-1.248040235479497,0.36464757321920904,two_year,north,89.52,0
1.1665210354975961,3.864087801677635,-0.6644447877719107,0.24202647908050756,-0.17642944970372443,-0.2818199437534845,-5.417392115245568,-2.7284233798393602,0.6615279634262293,-0.7721176743970707,monthly,east,104.19,1
0.8602698166764722,-1.2565131049450362,-0.48667411825819906,-1.3546083796951764,-1.8343100640102876,1.1131853590712517,1.4949185813263504,-1.0359302613096806,-2.5890065574589185,-1.1222193128317481,two_year,east,136.37,0
-0.06886755887799134,-1.7946680781412208,-0.14320842427565508,-0.0011361212018272141,-0.2728768999674943,2.574056712282709,2.395640091676766,-1.7562586978450119,-1.847484178656699,-0.2203144904767843,monthly,south,98.11,0
-1.709022767707505,1.1511219208956451,-1.0571888741105755,-0.38223756780232654,-1.4125431098135546,1.1841444631948177,-2.507856664631678,-0.7220953113751216,1.4333687470377683,-1.3134247463437343,two_year,south,146.09,0
1.4025027645502912,-0.7341690275407724,-1.903806608951402,0.7047607983659268,0.04058227499798872,0.369048525120632,0.6263828326691849,3.1609071842846936,3.58300958389667,-0.1024709838834753,two_year,north,115.18,0
-1.1670607215335054,-1.7978153747593466,-1.728561694310766,-1.264467310190929,-2.5016736096748025,2.769879432725496,-2.2104075838705177,1.3405716640833585,4.129323541117101,0.44474272208805526,monthly,north,73.99,0
1.8870769860268717,-0.9051150938643848,1.4428394878651343,-0.011871995641974664,3.866803691287474,-2.008071559571626,1.773063263373412,2.6583735571672285,2.148661449833067,0.6836674919717254,two_year,north,95.55,1
0.2115436624955387,-2.7352637122750543,-0.14859101647290396,-1.1926398968543073,0.4808810632605167,3.292457191459446,3.15831169977913,-1.292919568125479,-0.858241665143102,-0.5344537861532144,monthly,south,139.9,0
-1.8720738277315179,-1.534115118462227,0.2981625041027516,-1.731867670439774,-1.4286185316789743,-0.08360119270198785,0.4938154491523943,1.4583743077467146,0.3842497475560408,-0.7976438710335887,two_year,north,100.41,1
0.24732006860795064,-0.954013615457536,0.21196763371864563,-1.342389780752378,-0.8262554889740613,1.9198578899248524,0.6707131084780087,-2.6288735815803514,-2.5117375701498306,0.375268694575104,monthly,east,112.29,0
3.29560903486833,2.67689834637166,-0.009692052277933813,-0.17657535336458924,4.083560859563329,-3.378077212107943,-2.135900021871033,2.9530019571861756,4.5670100074777045,-0.1615900839421204,annual,east,105.97,1
-1.990955645297448,1.020244220630771,-0.5226836316297643,-0.9447955843379711,-1.9303946041171245,-1.0253232520409985,-0.7054234071670202,0.7787431298340697,-0.40341060551532837,-0.8822104150149349,two_year,north,63.7,0
-1.9889435737150625,-0.34340439810916057,-0.1426221613767874,0.7790823285447763,-1.984149328272395,-1.4783223149807343,-0.05665085257772895,2.3940511163189626,0.4532898685883213,1.3200261707987548,annual,south,46.43,0
-3.6230529945434404,5.235248217254395,-0.3085692599410326,0.23605956281379029,0.18415744570202763,0.5762780081125569,-0.6807613551398974,-5.612240396457336,-4.77628343696775,-0.4070506613873195,monthly,south,73.02,0
3.5418188388274907,0.17141601927039196,-2.2523386379172043,0.7537416459865419,-0.15069266621528765,0.8325920811292392,1.3946232446282392,0.5103806482055036,0.14637699571030138,-1.1524995465454162,two_year,west,39.6,1
-1.8137436930678437,3.490167951640167,-2.8105602573237007,0.8289888295480446,0.597843666175774,-0.36800260349885083,1.296042880588967,1.5304473778227028,1.510659075395053,1.8814458719992566,two_year,west,127.42,0
-1.491283759059327,0.6450800524213062,-0.6502026497199739,0.9505353683245605,-0.6359430727399111,2.060857107696223,-0.636268354553523,-2.159122747459842,-0.45379280343291994,-0.296880252008149,two_year,south,112.36,0
-0.8464335452458527,-2.7962580628857667,0.42309637868444233,-0.8718161135385855,-3.1121104733577747,0.5079510286011406,2.640880637581996,-0.1357002298247109,-3.7554243818246675,-0.6461705645806666,monthly,west,72.14,0
-1.4826143594597285,1.651231185650948,-3.6727834567384745,-0.6916816534073099,-2.1851366450791594,0.2761297661237889,0.14896676252117613,3.1110611433729747,2.938260427982413,0.03301247946080206,annual,west,42.28,0
-1.074670204417762,0.765012741689902,-3.4056535038449858,-0.4934301560615618,-0.5982889736675279,0.6928229236480954,1.17088765713661,3.849824241161408,4.288018268588226,-0.282930245459525,two_year,south,133.85,0
-2.251413055233538,3.2247075444061823,-1.816554888402445,0.33884449361010505,-0.21404664913169014,0.03334560524141972,-1.0173939338119218,-0.0667357518476954,1.1084086231622499,-1.9751698113102694,annual,west,103.08,0
0.9572824146745234,-2.000403835285236,0.24220261784741823,-0.9789706441001695,-0.944205660031673,2.1396773804412423,0.8149280267985483,-1.9711680097325797,-1.861008553147511,-0.6940183066271308,annual,east,149.56,0
-1.3670947217028102,-0.6850089699613944,-1.9366072805067656,-0.9662903096356944,-2.5822589305656516,2.2948030009632454,-1.514229008607997,0.6288096038349377,2.4387310723426205,-1.9793193123259742,annual,east,33.14,0
-1.8122428385173757,-0.5979634052691878,0.24839125287242195,-0.29823084388826665,-1.3571969394999346,0.7764092511816686,0.10114685645201005,-0.8262437131615505,-1.139556843564094,0.3868264499410282,annual,west,51.83,0
0.3462183409763031,-1.189406573949229,-2.4756619986443646,0.081859951188436,-1.803382209209048,1.1777437176185601,-0.5347392929905711,3.3135239855112353,4.256802896550711,-0.7067600381445311,monthly,west,30.88,0
-1.270191350027643,-0.26806246437411785,-0.5880022609787424,-1.393338616502914,0.6029822343984732,2.1726697571930407,-0.7826982786629683,-0.3534579305885578,2.5430836213239614,-1.4099676586880494,annual,west,116.82,0
-2.040686865038606,0.6533281873354639,-2.991011918954733,-1.7518925041363,-2.383340664816509,1.3662069270070498,-1.2524420368761315,2.3234520612205145,3.7775775590793845,1.0514002773903477,two_year,east,40.74,0
0.10438343507891612,-1.5516310900158024,-0.2987162196273636,0.9260472015042561,0.7924044728578818,2.738902067206106,2.220824997382885,-1.3438433061109194,-0.4147069402104808,0.11773602906226208,annual,north,,0
-0.5397360316935114,-0.9256511455104532,-0.008458392757724796,0.7877429359659269,-0.6488500169961241,1.0764654972247207,0.2907738178247412,-0.48038081445501357,-0.26849012482490864,0.8335439250421305,monthly,north,83.89,0
-2.1613815383391457,0.6665198826554972,-1.9316504464572524,-0.7343941113338638,-0.6978802142960796,2.490625755496981,1.2663594536009692,-0.8153921431883954,0.21819934607896296,0.6319313698115502,monthly,south,88.4,0
-1.097664801576318,1.421176546574015,0.5029304501079953,0.4462663709317831,1.2151617008627968,1.5743307749309752,-0.3971074921374249,-3.664533700889134,-1.726947988784814,0.17201974471759496,two_year,east,25.53,0
2.526121698965996,3.4155109117640077,-0.6790471919727317,-0.31010743017306375,1.3410992321308037,-2.2665740916116617,-1.887344954768161,-0.024112564545905536,0.3323478266615809,-1.6753559186795053,two_year,west,99.83,1
-1.8361205198597093,-0.1756154726563839,-0.1920242968418704,2.08670798014385,-1.8997022154625154,0.32018585558869117,0.7681050154550496,-0.5553366428051578,-1.975084387687207,2.700646405623901,annual,south,,0
0.06551197276774312,-4.237484646203942,-0.7880109553697335,0.7189932276611353,-1.3384235140260368,1.8640992662550766,6.684778367834642,1.6693613066334656,-2.3890665749605917,-0.5207753750649018,monthly,north,47.76,0
-1.685663038292117,1.8465334197095329,-0.536674527864647,0.13955956896724345,-1.1395858720097178,1.3597035911459168,-1.205229345078452,-3.142709497579596,-2.018222955693049,0.08588376109318056,monthly,south,136.39,0
-0.5652269037224005,-1.0756445668786185,0.38868378601958925,-1.293256841041618,-2.4869104024493383,-0.2899071112847942,0.05401687216146922,-0.23820838944555228,-2.1842645432092684,0.3404325540321012,monthly,south,135.44,0
-1.2076949364077219,1.1593969422304566,-2.0143620873749306,1.802446909619939,-1.0099305120697672,0.9787118588964033,-0.028198682088560023,0.5335352945438582,1.204621034952839,-0.12941694854975672,two_year,west,20.68,0
-0.581506257176732,-0.08590935188164783,-3.2889721152445937,-0.35309468608245126,-0.9414292528630689,0.9479158063032147,0.9209989903851816,4.0997181491922,4.66350428954491,0.3858301133096757,two_year,north,128.2,0
-0.06039350693982659,-0.05383182544702003,-0.08289148142673304,0.024978450590231367,-0.6322453032242175,1.4710138967718835,-1.5772456214447712,-1.7262689204674515,0.02682071181877954,0.9620076315241584,monthly,north,137.3,0
-2.339203542973914,3.582071420086657,-0.8222592323601929,-0.2883015035626544,-0.8183087327235654,-1.4326773478671626,-2.882192765828272,-0.0871591684686123,0.7470666672772157,-0.8904236015573089,annual,west,86.55,0
2.6812576701492974,1.8462723162525987,-0.856231181518761,0.4228098529163438,1.3390578081095137,-1.8676801736347148,0.05710905870818572,1.243207594049804,0.6285265266558908,-1.11049656483899,annual,west,105.3,1
1.6040123527427173,-2.972200794681255,3.1301282701748896,-0.30265951843317906,1.537778394122725,0.23071625513365102,-0.7171975753481752,-1.2865561692881875,-0.41331655091498376,1.1768057331260506,annual,west,119.81,1
-0.6608431375875015,-0.20060878870539822,-1.0429659203765365,-1.4377597950135002,-2.4570687121611616,1.4850675806524976,-2.9964564060340004,-0.2990224302184629,1.720833641666699,-0.01724648765972768,two_year,south,109.11,0
0.23152850807598724,1.2570486668026328,-0.6262089768886028,-2.4197044454545473,-4.565716307233991,-2.0903007193905414,-1.8598304488011395,-0.30907753515341224,-3.5324521168693495,1.0071254987726164,annual,west,79.69,0
-0.8146468099467974,-0.39916042509943717,0.03697697520201408,1.5670282479823627,1.2561015136337748,2.3865848784105,-0.4934329899499803,-1.4636214319783092,1.5322857613384788,-0.5664677789404408,annual,east,94.55,0
0.5190762274628198,-1.072467622092006,1.3599006087534937,-1.072354655467393,0.3909563513201363,-0.5942308003812224,0.2969304508911156,-0.1983267218470692,-0.949324436591935,1.0687392040699446,monthly,east,94.63,1
2.33262353705239,2.878059524080316,-0.009989735727238087,-0.13108032357069196,2.396191963119604,-1.1866213751240713,-3.325715486203361,-0.724157363497587,2.0790375911927903,-0.8477355169408904,annual,west,129.48,1
-1.7999425461502807,-0.35908075297971354,0.20301860481689546,0.23155920616876477,-2.274767353055166,-0.45503528115723735,0.21350525746533022,-0.01996216233729816,-1.8997539108254793,0.079151176885635,two_year,north,51.26,0
-0.656044255731671,-0.4198061240698061,1.0570633584347582,0.5308155802936796,2.868588496950357,1.4550452656979131,-2.0298056661203288,-0.4585639709413318,3.9244973846887046,1.6242425415639823,monthly,north,118.44,1
-0.0411166096900899,-2.1338781110928684,0.8617660084668833,2.1784233901969547,-0.9751386851646459,2.8684139692093193,0.6095728889482765,-3.42945867110081,-2.788721609405549,-0.3128901569001442,monthly,east,125.6,0
0.5639481188223077,0.5201308731329142,-1.667970004321365,-0.029560321125429626,-0.26641131128123274,0.36343033567779515,0.7580362656293913,1.1058945477426705,1.022572331356346,1.2828252339916095,monthly,south,123.61,0
-1.3978222108902234,1.9964387574293383,-0.6928034008509499,2.220741863787385,0.11064393625993674,0.89261048124553,-0.6419980389824065,-1.8783743999062963,-0.5780000806305905,0.8491831288647695,two_year,south,125.0,0
0.07926110069389003,-0.6183515155218198,-0.5015987577353717,-1.3629151023123725,2.7475040229426133,4.690428284941259,2.6114245191114875,-3.8099731237694088,-0.5843947911925005,-0.5037248245491147,annual,north,127.81,1
-0.19995446696367947,1.1273785836520116,-1.6434869074436091,-0.3518585390648358,-0.9274872221432933,0.5067645782563941,0.05281771715623007,0.13434856659855302,0.21359530714167196,-2.250718421728929,annual,west,74.28,0
-0.5762593707336452,0.5525885007197556,-2.234520379907216,0.15771868870204367,-1.00132357133609,0.841707227862416,0.11440729814563166,1.6508832186261895,2.2204350657805705,-0.5364113206833773,annual,east,100.33,0
-1.4185683738185446,-2.404436281057097,0.7762433444245691,-2.735658837205826,-0.07743310906138479,1.9512356393578867,0.7239750800817885,-0.4020938354266429,0.5147595864115957,-0.6846136373443756,monthly,east,118.18,0
-2.170909754381648,2.658679785734546,-1.1415852976753131,1.1382054300248943,-0.4602261319922265,0.6138200999429326,-1.5396033130953208,-1.346281282497033,0.24342361426559556,1.2265314393727735,monthly,east,120.07,0
0.35216472777495,-0.8046750680612786,-0.135137313675633,0.3788356269896362,-2.170522855391,0.4182052967725485,-0.16031295032199266,-0.7947832867247289,-1.870615850475049,0.9026353899684927,monthly,east,144.62,0
-0.9510338804558506,1.551257155135879,-2.01018536765456,-1.796218090503365,0.46756059501208624,0.9546475145234313,2.1647299353631446,0.18324326999440407,0.1010710284736458,-1.1610195813913353,two_year,south,146.76,0
-0.33467072041184853,2.2922908994397972,-1.7919072859391125,-0.08931301269512953,-1.7645145364197274,-0.6012785774277849,-1.4993240397538201,0.31480303166909746,0.18095172387787295,-0.31357291487968947,annual,east,93.42,0
0.04266932353490871,0.09994765714980447,0.25458481039068,0.8150618698500423,0.7939929251902019,-1.1964067529649365,-0.5518321206962806,1.7746806042347898,1.9139047729726069,0.8235332822653793,two_year,east,80.55,1
-2.316292801171511,2.0428975572777057,-0.9370772216202997,0.8794312825820686,-0.5327784010541093,1.6350300295217495,-0.46029650672169,-2.6174148967734556,-1.2384937581997573,0.34915148897818243,two_year,south,128.62,0
-1.2518361407383134,-0.25418496242700106,0.6928451986644573,-0.16524908385145357,-0.3676458395494242,1.2250376853060605,-1.3396779771557887,-1.8619696929614233,-0.34554736960044174,0.07095004749603673,monthly,south,48.59,0
-3.5489315387016505,-1.2520180588337437,-0.2667580004394729,0.7142410261951689,-0.32490733552745277,-0.10144226579184545,3.028741840574506,2.8084227371784602,0.9713303301315876,0.309749876825115,annual,west,119.63,0
-1.149003697186604,1.3997029703641624,-0.8660981149123528,-1.4567780719972152,-0.4811019459070208,1.086513365152889,-0.7113830571543505,-1.4892074564206361,-0.31914202599352404,0.7162894789015851,monthly,east,44.96,0
-0.10687627178794346,-0.39353536340364403,-0.5437102410880552,0.9984977677445562,1.7459605972590997,1.4930353081458994,2.691299611078464,-0.18846963320977736,0.22162020385056325,-0.516169723956522,annual,north,96.91,1
-0.3787635986164274,-0.6710619925183879,-0.6460114938196402,0.2932377750305614,1.0941747923549192,2.3536112845415817,1.839262982419735,-0.8607670627337004,0.40887739503165754,-0.32152960777909156,two_year,north,98.89,0
-1.0256683650404088,1.2337466150250604,-0.397046960804941,0.20914718104911542,-1.1138415733052796,1.3719786177349398,-1.1042327535581207,-2.868612129972416,-1.849153818608503,-0.12791668703343165,two_year,west,77.44,0
-0.46604870811677723,1.2363311356326678,-1.855545444304113,-0.4175668449891918,-1.4699359731534212,0.538585584980406,-0.5942715026087182,0.2849872417295292,0.59729453819066,0.49155999806573725,monthly,south,132.39,0
-1.4261424052316594,-0.38744078598209497,-2.324756797490264,-0.5221653485090639,-1.291985462865105,1.9346669780869514,-0.28374549257185067,1.9263172007493923,3.6035413442037716,-0.03721679391562078,two_year,north,,0
1.3131622928604916,-1.0335769822945235,-1.359925205549431,-0.12266539400762626,-1.110397539887516,0.3551717352934466,-1.9851053908502352,2.719213939839504,4.186077981342336,-0.316116532959422,two_year,west,84.05,0
-1.2563288202976641,-0.9817223644815447,0.2551555250885292,0.28438882883842653,1.0481774912816428,1.8277416980353074,0.5519191010185167,-0.5359577938995455,1.2104226561375402,2.5043884213350114,two_year,south,74.36,0
-2.2821193336579464,1.4089857586051335,-0.413912014516088,0.06918802790131497,0.0660368681743213,2.0381155082578477,-0.8461632617074692,-2.7242600011739126,-0.45052482042241837,0.9534948903920237,two_year,north,28.09,0
-1.026629326461983,-1.9718165039334452,0.5721830313520784,0.4134059907301794,0.6668530369623109,2.6627271382483215,0.8853355415914831,-1.362935188001445,0.3745251689274489,1.276049802977957,monthly,north,67.08,0
-3.5681806934699694,-0.607323734853211,-0.19216225976433932,-0.45617328883343833,0.3203194805383285,0.9259519894376622,1.7795897331255748,1.1786711727630965,1.314721829938411,1.0916787819355285,annual,east,32.07,0
-3.100003079317982,2.9531965707805705,-2.460524507061595,0.27417818937196625,-1.5392854776591243,0.7762576809024355,-1.0735527472746005,-0.05063598536343011,1.0852834496950565,-0.3026015303685088,two_year,west,93.53,0
1.3959207459156284,-0.13621841190667128,-0.6084935232139455,-1.1624550890532903,0.08329662393070825,-0.6140033761206487,0.7742140778313499,1.3255979287103168,0.4400388086385638,0.037494741897086514,monthly,north,103.27,1
-3.3489718699179463,2.509000443508103,-1.887778992366919,0.9476681791203738,-0.3829308283156847,1.84249314909371,0.4593540710870583,-1.559658792736582,-0.2129604914317098,-0.38842519496199657,monthly,west,119.81,0
-0.6683461066152747,3.260131491366843,-1.2856294581530248,-0.2469275118720515,-1.6754295335103495,-1.1411595063413356,-2.7779239644456406,-0.5822809369704737,-0.2946766881141927,1.5935131311947877,annual,west,102.23,0
0.061549501390495864,-0.9544631246499297,-0.007248149106198817,0.13669288851781786,0.6709936627768198,3.1351957911362183,0.8240063646175573,-2.8792675606463574,-0.8978120797062265,0.2075435656463256,annual,east,44.32,0
-1.4660403845076337,-0.3037095867186099,0.6763718468951311,-0.34887538836528176,-0.7395021436598583,0.5953064985217078,-2.9682834243574385,-0.504533261508772,1.6648301253584812,0.8109583691811469,annual,north,117.53,1
-1.3362830245276767,-0.6571372320738201,1.6383764776010077,-0.3820593055954528,1.397951182152151,-0.3608784859568408,1.2004403546448619,-0.37575516604704584,-0.8445637646913815,0.42404173168192216,monthly,west,91.35,1
-0.29883623561114137,-1.373546481775211,-1.7383438420255606,1.102826401121898,-1.7544171368799906,1.7917994690705197,-1.688983196804677,2.074497949181642,4.188917266810446,-0.7618480468828641,two_year,east,33.28,0
-2.5730745310520415,0.14285405976486065,-0.68536640986352,-3.275198527990885,-1.7599748763194114,3.0056567450611356,-2.003957180446094,-2.53838760208038,0.2694501127034754,1.7230209283073865,two_year,south,23.23,0
-1.6813639325508953,0.26310555784995526,-0.3442833987138725,0.8748167005422155,-1.2829085858409763,2.154242113467678,-2.546892127338098,-2.040817898572203,0.719454131992995,-1.0599916062247199,two_year,south,58.84,0
0.0868416050525167,0.37565999489891966,-0.03575534579765606,-1.441293848939847,-0.23840692478680625,1.2455338254847852,-1.8455083010562063,-1.8124424619862338,0.18735114817238596,0.16236805794969836,monthly,south,109.7,0
-1.4502424236074583,1.4303790996878192,-0.6483258485827175,1.378333592694915,0.28239489381724825,0.8140776177222528,-0.1868268661579906,-1.0592974318141857,0.04452965035660439,-0.04649122607426842,two_year,west,141.26,0
0.5769526668903515,-3.3825133287764375,1.126408470828874,0.3767299280533862,-0.8324678523415566,2.297193242412901,-0.41075743612814675,-1.2056991139132534,-0.010258842239610155,-0.3403397741359703,monthly,east,145.64,0
-1.4939277010826844,0.7671985708301816,-1.8941592285513804,1.0026023771007124,-1.0983283501923298,-0.5200070869610844,2.0185626215039787,2.374022937141508,0.48638669142903623,-0.6180254793291409,monthly,north,119.39,0
2.2694930435191676,-1.8094618103017934,-0.11379130340653934,0.17167622772274185,1.3124516978544634,2.532562365481784,2.6813601508708116,-1.814657467683837,-1.349443535888684,-0.871328836710573,two_year,north,58.12,1
-0.5177727368956431,2.131908450313129,-0.9543195086601273,-0.5975008321301646,0.5378769565047437,-0.0011382436490663395,-0.4417285024320199,-0.5170790867825591,0.32243307978815494,-1.1717028106765268,annual,west,100.87,0
-0.9203236733335625,-0.968645696955279,-0.17236497471792583,-0.12776927207261826,-0.8105899524083261,1.1232074194883177,1.0238165439506273,-0.36160074258552777,-0.6866099692377694,-1.027710082374852,two_year,east,50.04,0
0.2500234604785794,-1.6145137457133139,-0.13763036848619664,-0.572768064910082,-1.4129691381561724,0.48840637929346964,0.48656352272697734,0.6036380207233458,-0.22778841264430927,0.0335552110650936,two_year,west,117.59,0
0.11211006140327529,1.1208929749358936,-0.017144850097187397,2.0726741921399685,-1.4553939978260315,-1.5488372243973245,-1.567574203262792,0.09281032182456365,-0.9232861811348294,0.9243057919604878,monthly,west,41.56,1
-0.18575708710033556,-0.816225956972018,0.7567118920625372,0.3170920008819295,-0.2345388242982811,-1.606859460393024,0.8193818075610286,1.6850614710020886,-0.2789547969847659,-0.5523382923979813,two_year,north,118.34,1
0.5984449955558478,-0.03338062965806543,0.39595576884993794,-0.009447862962179122,-0.38698316581152525,-1.3170384930360617,-0.6980121565914077,0.8634191619299475,0.054808803788658045,-0.08643030978797961,annual,south,132.92,1
0.21316413571984016,-3.9962655535081604,-0.6876939009033306,-0.5430051739838999,-1.0178961780911688,2.2021580374185614,4.887684303536603,1.4083594006997837,-0.8905519233144558,0.11122214879850106,two_year,south,87.54,0
-2.1947513561857903,3.802622212225895,-1.5377560838763977,0.5871893997086474,-2.089253310986126,-0.34741784684072385,-2.5835392088362523,-1.6468699925191213,-1.0764598495560653,1.0100227931006835,monthly,south,28.53,0
0.2814061704244877,-1.231872396389368,-0.13910648867271172,1.8281364552265178,-2.726888130623387,1.8112495980619219,-3.418154585676712,-1.4265517469332003,0.6088639611600066,-2.821145037981152,two_year,east,78.36,0
-1.7313315148473374,-0.9136938558330554,-1.0562839384799552,1.52916089573952,0.876022890611841,1.5504105064359959,3.0157148718670417,1.4415145044370663,1.521881506229883,0.9896738486367285,monthly,west,128.92,0
1.0445440729073256,0.5389456330669811,-0.48226711277306206,1.0140998496770994,-0.9273625859435352,0.754878503532893,-0.9703751287126692,-1.7341950428760202,-1.2363613178662956,0.6528003318648175,annual,east,43.37,0
-0.057387696575219915,0.15291434491336986,-0.5485443051677428,1.526736726275951,-1.5154819182876942,1.3846883398495957,-1.0423251022346616,-1.826035186919951,-1.0513724860490137,-1.4615158046640135,monthly,south,,0
-2.261456119383247,2.842637469168767,-1.322199831960305,2.0407619834778705,-2.120740901152308,0.7879585213073496,-1.683434157933918,-2.5633781522008605,-1.9200023020684474,0.9094816314804911,two_year,south,115.25,0
2.0896695101904617,2.0131712920384803,0.30575931213098334,0.18833075846931835,1.6666359468409917,-2.49518803254826,-1.68251504480857,0.834342355061775,1.0390844084736548,-0.13459654842549382,two_year,south,93.2,1
-2.6689875791149236,1.9205001942443696,-1.9370966405692072,1.4149353958582183,-0.8227904423501073,1.4812429651888077,-0.35865002938572166,-0.47948468537163513,0.9708343679951675,0.8571490015358911,two_year,west,25.47,0
0.5023776042770742,-0.7045626066250383,-1.5511645433412187,0.43880280885212747,-1.7733302560662378,1.0284409719263787,-1.0605730923898646,1.278678609203137,2.0995043628714303,-0.5665527036528467,annual,east,148.04,0
0.5109384732261109,0.9382381129882826,-2.183555878781324,1.1588163746254245,-1.3190630863329207,-0.4447195406219362,-0.9366472432367816,2.4471954739016457,2.5471786533813114,0.1374815916600606,two_year,north,94.01,0
0.08453605490675731,-0.5658864783074238,0.1739344196250065,-0.436545369368766,-0.8138291269296862,1.880512890754042,-0.3669348809477062,-2.630465192123668,-1.7393124943856715,-0.796119000495525,two_year,west,96.07,0
0.4276978081724143,1.8674093753166128,-0.0645225403549453,-0.9921755159637138,0.39363433369169987,0.21924676191744497,-2.897275491070728,-1.8046067658075897,0.5510214547289121,-0.837467468078027,annual,south,122.69,1
-0.04574516469306256,-0.8293878968831876,0.3869800355071198,-0.500597671679231,-0.37311200154158763,2.123668650495092,-0.2024035965175628,-2.681810080760601,-1.4612337482970736,-1.3904737766616562,monthly,south,137.34,0
-1.2077934016151664,0.340547554922753,-1.259725400596814,1.5684938059206484,-0.6588699218765359,1.3099278237511072,-2.0981104267943076,0.7615675664625,3.367060906777711,-0.21880288019499067,annual,north,27.9,0
-0.3492205735267425,1.2107233317902724,-0.9142050952217596,-0.44416495048306315,-0.8332790292942243,0.3700573217751293,-1.662863878191754,-0.42728530271160253,0.7067043220238065,0.011431940248700801,annual,south,65.31,0
1.6380617172052219,0.41009774987244496,-2.25824194667828,-0.4954419635311414,0.806315187292124,2.0470498671086794,1.8394815461895218,-0.13970500813543796,0.869250604926137,0.9347619200348795,two_year,north,46.01,1
-0.8481534253418763,-0.24681319609617625,-0.30135262561789355,0.1358120281532619,-2.6125285347735057,-1.2004399119003795,-0.17904645765950433,1.2467992390192764,-1.0106045989698407,-0.886166988214802,two_year,south,80.47,0
-0.9711919034914188,0.6546256402480501,-1.601475517403555,0.8235445129596091,-1.3784253733140293,0.7265239805037033,-2.306743504874545,1.2288055586339421,3.144639381290058,1.6547387509071385,monthly,south,31.89,0
0.017181728833711052,-1.0723384154638977,-0.39741033007883036,0.6326529268464991,-1.7421464536024729,1.279339538104073,2.028985209710733,-1.4156360955135283,-3.153270252062373,-0.23092044583434007,two_year,west,28.85,0
1.477871229982634,2.342868497725465,-1.2821184227332865,0.4333975685470022,-1.1493303770010281,-1.678058737294599,-1.2960847699411004,0.3494667329876522,-0.6510367512700816,0.8939035541248644,monthly,north,59.12,1
0.46036808832878284,-1.0293738255674634,1.6311278534928162,0.7148728627085076,1.1867107348127122,-1.9613056837957483,-0.33163240670622485,1.938042430214976,1.2979845601832443,-0.6182955037986098,monthly,east,137.56,1
-1.7619540838777743,-2.762574845578928,-0.25639302247868556,0.9584658992375885,-1.8082893999119292,0.5955748687863118,3.785214990291819,1.8646275297060182,-1.2414100600232185,-1.8821686720676307,monthly,south,146.82,0
-1.3802697615895636,-0.5914552074219461,-0.01316513896084255,0.20680915654564513,0.24890861420442012,1.3601033637395432,0.4923245701554143,-0.4096148056149848,0.5577336166569393,0.6959629458001912,two_year,north,119.28,0
-1.8956116222479964,-0.16049419348767757,0.12344262914025325,-0.9842013006624019,0.6566863455566083,1.9926317296857627,0.08143854143671636,-1.5047177676368388,0.43886246847391086,0.6671977267214989,two_year,north,20.1,0
-0.10377654309439976,-0.25253632202491816,-1.482477710743127,-1.2457870472857873,-0.7095960126512588,1.2613881332511951,-0.38079417932083437,0.971311872037671,2.1791815682484827,-0.22912359445663638,monthly,south,115.58,0
-2.4982022261522037,2.2440447964345287,-2.152106486501693,-0.08688994542908475,-0.05673007812677244,1.061856774247699,0.3544008107641774,0.25576218097921444,1.449842490305157,0.8381236634182843,monthly,south,22.86,0
-2.2388390683667456,-1.7686444839052375,2.338516110145593,-0.08965587838460999,2.365896395518883,0.7186400466744367,0.8802136151810291,-0.4219655271102336,0.8030049920326487,-0.41000941108549704,monthly,north,41.91,1
-0.739614638861517,-2.0691368827387366,2.636866737044257,1.4991039581571461,2.104400007263507,1.3321550225777985,0.8365801433607142,-2.252176139535923,-1.089317336234084,-0.5315629770043494,annual,south,21.37,1
1.2635722914723546,-1.1542145313597585,0.8105432640800112,0.14629077867700382,1.4686519199443624,2.6177792983078136,1.4360120625102855,-3.5661217467297117,-2.270664288542025,0.8024211203218281,two_year,east,39.39,1
1.488683938352539,-2.185969804190208,3.0608682082099583,0.12846285833672572,0.8348720836322462,0.6743179745605208,-1.2749818542311142,-3.1340180386347347,-2.1453806651054528,-0.7321113877654868,annual,west,109.38,1
-1.0191871002430843,0.2401621160032923,-0.5667884110090916,0.012591515324600292,-0.31512698375644743,0.8482930112973138,0.14265671657453116,-0.2912468212298691,0.23529541719583014,-1.3417908127297822,two_year,west,111.26,0
-1.1245149022405583,-2.643861099170727,-0.36558735756160493,-0.8747230541038364,-1.5303498298306535,0.5061523838639447,4.030389433168231,1.8392249085558767,-1.3840859851627125,-1.4371909445488322,monthly,north,68.24,0
1.39485530270122,1.2648635255363034,-0.17869076882476795,0.9943137140706146,2.8925640628456906,0.42812669369851064,-1.2217480913100047,-0.32775416711449773,2.6834910455069525,-0.06853394664569062,annual,east,115.05,1
-0.20126664646577508,-2.460372946172356,0.011839303661635908,-0.24521325682643427,-2.2511919630774466,0.5704228481343743,2.0726339094808788,0.5275577790622016,-1.9650615072987483,0.3844566777824798,annual,west,130.15,0
0.06874321935800243,-1.0788999572836306,0.0698157207961386,0.3979036096181,0.22516446959597092,2.885140396345919,0.06908386034379099,-2.55487336066749,-0.47788147541437787,-1.126907950108497,annual,south,36.95,0
-3.5746551329093577,3.776778423926742,-1.676657908776248,0.40788455684734226,-0.7741446056181979,0.945068589287328,-0.8167376327154499,-2.217995975278153,-0.9826164353419515,-1.8415084739022651,annual,north,31.36,0
0.47205825323815365,-0.6437903224103423,-0.6947969993923895,-1.480790737650618,-0.9751431395246168,1.0857043959069554,-1.8649120836213529,0.3740902695189881,2.1118777403470883,-0.609265318951209,annual,west,68.35,0
0.37684512826757066,-2.0008741679128548,1.5517928761588615,-0.8089330828228558,0.3760276818562862,-2.2501445885785554,1.967316742474929,2.5936676112340753,-0.42705855273407756,-1.1343955986726326,two_year,east,72.5,1
5.381810357683804,4.895656436287153,-1.583704403010892,0.004749128051884323,2.55352877810027,-4.491588490508418,-1.360840283357377,2.0050386644306673,1.112061094611498,-1.7323619668220458,two_year,west,55.93,1
-2.5316831074647257,-0.5553057374857495,-2.681681775513424,-0.12891579200458153,-1.971757582169023,2.6557172405932485,-1.294746098336926,2.17272970414935,4.931675317450485,0.8610932932791906,monthly,east,118.04,0
-0.7759891114492319,1.54088867562314,-1.7625393637669458,-1.3700574691516523,-1.234686481522795,0.6831577328511351,0.1726446525537335,-0.4631140509284881,-0.5278728257126046,1.1703747032848208,annual,south,61.83,0
-2.4151550702477076,1.6699015382454272,-0.8233149404731966,-1.1686050697839285,0.017432146173199214,2.1331775927777374,0.31688261143673024,-2.830720839784149,-1.3094011954023337,0.6946044413529544,monthly,west,124.02,0
-0.001935458400843082,-1.486704408927732,0.25242354268324346,1.511809885799374,-0.13032116230071622,3.0804302116259925,1.997694183209727,-3.4237760489581572,-2.9920240185500973,1.3584852038353634,two_year,south,138.47,0
-0.011104479574857162,0.5448674956429591,-0.6698629690340819,-1.3759699915238195,0.9021205787520021,1.0685545426937588,0.8355338585550531,-0.6996637975058893,0.1570580995468751,-0.04776426367984073,two_year,south,86.71,0
-1.0193038529427865,-1.6706552384112965,-0.3799283181225627,0.5288698809302865,-1.0888841112422596,1.166895179153703,2.382650448633182,0.3568743033689938,-1.000709562550682,-0.23401220648686738,annual,north,75.82,0
2.0531679400168006,1.0418742331989364,0.12841409293104186,-0.1033164382097643,3.6325148398154945,0.48512805956188987,-1.6164766172845257,-0.3214949484623031,3.398964441173807,0.2673376949050543,annual,south,31.91,1
-1.9653106968831557,0.47757563321527907,-1.6349608168098957,-0.531014364626407,-2.07281869869413,1.8820507441201197,-1.8981148995235562,-0.23222317523776123,1.7740722258255093,0.631002816227887,two_year,east,55.58,0
-2.2314062847846774,-2.6314660717767206,1.801477624333939,-0.28412859840944543,-0.676913429852656,0.4757547705638252,-0.45269539958297667,0.4685717560197319,0.6952438373900605,-1.2511176627706613,monthly,north,135.26,1
-1.565871443617047,-0.5238326716048176,0.1448866019360846,-1.2927168306658257,-1.2559224426346483,1.6664864385708769,0.6295391156354468,-2.2063096084883993,-2.305798241909865,-0.4847602890894161,monthly,east,51.97,0
-1.5515610449768853,0.7072321237381856,-0.31383249877445446,-0.08534028208754309,-1.9139598924785064,-0.882521152500038,-1.5388371677881199,0.7203939534280475,0.19919415980354693,1.1979205074340449,annual,north,100.75,0
-0.7079589774372119,1.3310902197287495,-1.9778911735871418,-1.1182658138861477,0.17276664001156528,0.6587823266091593,1.2535318967183477,0.8337876771529139,1.049800422830142,-0.19114698522611542,monthly,east,84.35,0
-2.225918152873496,1.3532325326926622,-0.7067014035597287,0.9333709217283328,0.7537121234677493,0.7609162994894079,-0.43809007828154467,-0.012213397732195635,1.7543503349680316,0.6792346520441839,annual,north,32.27,0
-1.7454565504890764,1.671844650872226,-0.7613645504291932,-0.15523511079566682,-2.1026375783707234,-1.3957428022812701,-1.005097945381507,0.6828146169702002,-0.6768132427244644,-1.0932388819912657,annual,east,136.92,0
-1.578303493031978,1.748280513218678,-0.6127532566367311,-1.324478192617221,0.30352794733778454,0.2039533894936687,-0.8532716864426759,-0.42612897625890656,0.783451469922509,0.7708036347593852,monthly,east,28.81,0
-4.154530830531656,4.324846970238063,-2.298727065301812,0.13491144580255898,1.914041524975421,0.9648515220034114,2.1813710341690844,-0.7651685072914188,0.34780101984974676,1.9742614160336862,monthly,east,108.49,0
-1.46040920695516,-0.519645158948635,1.1944314335385016,-0.11821321381296923,-1.965731884141786,0.9347255773034544,-1.6376514466080327,-2.8892017410591153,-2.6193359108393612,1.682671790459527,monthly,east,146.36,0
-2.2520593313096597,0.6276252938579181,-1.7937581561355287,0.6702892705107705,-1.7795572590775945,1.7744430354577827,-2.316499529610397,0.46331844017488855,3.0260390772597057,-1.2700547766527228,two_year,south,112.22,0
-3.4254317080965753,-1.4699549065458684,0.30269925589461805,-0.027779926300434254,-1.5208000889048576,-0.3254488384211911,2.193815221166447,1.7943317972704116,-0.6138574251904046,-0.5149248007073773,two_year,north,62.37,0
0.2496408058360602,0.3426373177615111,-0.5705630131085003,0.5675189743317194,-1.7553093219077864,0.7010193381025231,-2.4604583927630506,-0.9368680191833656,0.2729863129943695,1.2247276076656273,monthly,west,29.55,0
0.8285705410140471,0.10634192422162236,-1.1724595996678824,1.1295873746274603,-1.4066855919696308,0.02649331324343307,-2.3152007298816066,1.3617419570258285,2.4736107655820456,0.20180814710185918,two_year,east,95.37,0
0.8252979433598817,-0.9469135133207197,-0.1450456991664495,-0.46605428556336825,-2.760753948514442,0.46376686785958554,-0.7807088506422502,-1.0570848856136326,-2.0956284324039487,0.21360065725135402,monthly,west,115.36,0
0.6206347610187173,1.2417927300923273,-0.05695107173369722,0.43836654407301484,0.027951844772665657,-0.05536758763734784,-1.6486502260537326,-1.2958974223470798,-0.2921685547375166,-1.2988396686732955,two_year,north,66.65,0
-0.7537132294672659,-0.04080737069811158,-0.7923576680495347,-1.048174507305689,-1.5767741693787651,1.419941598729587,-2.723913952484139,-0.33525992575284497,1.9679355603027728,0.5021872882842372,monthly,east,104.99,0
-2.909217502166671,3.2324581213560633,-0.7262456615328169,0.4579483206657604,-0.2578435956522379,1.669923363227959,0.6629219306351901,-4.63133929790497,-4.098503771158925,2.277221642711816,monthly,south,,0
1.9226761928612397,1.2002401711647228,-0.40767718478155296,-0.7672904060074364,2.276911845262844,-0.9446013411174101,-0.33699321955359984,1.156315229133414,2.171711649743319,-0.8152617782404779,monthly,south,24.43,1
-0.29140159193253845,-0.10705468338346824,-2.0695193483809766,-0.8389699613801435,-2.068969361123669,1.0853762258276398,-0.9628252933545097,1.4307497834324079,2.2155084536129053,0.9274267331776739,annual,west,139.69,0
-1.111902364479562,1.3540614432132587,-0.230504408964223,-1.831147807587972,-1.0960709830424586,1.1476209030659579,-2.0695175218272897,-2.660742164033604,-1.0840551602512418,-0.7822770328797933,monthly,east,69.4,0
-1.8457628943759596,0.2885299549265675,-2.9568726330175714,-0.5583950575554677,-2.168457948714193,1.7837549665983832,-0.17289014193543006,1.8953083919030986,2.9419927967518564,1.1710509099539463,two_year,south,69.32,0
-1.4754070097279293,0.28007799202921413,-1.0957726619133756,-0.15257520153248136,-2.7124212966587598,1.3062184219246515,-4.304238452279631,-0.004510275038279967,2.804425619713708,0.30823290445495616,two_year,west,130.03,0
-1.433352884761515,-1.2592348824890618,0.799896068501412,-0.2665292474080603,-0.7661381854608968,1.9706292974334758,-0.027532085377685478,-2.3023730979591757,-1.486366417355332,0.8228083990994792,monthly,west,82.96,0
-1.2887043968501235,-1.3842548439439855,-0.5155547039518432,-1.548948120311939,-2.919683827248708,-0.9289235471125139,1.6104848821543774,2.267495000539327,-1.1119652860007834,1.009865851413996,two_year,north,78.64,0
-0.29333826552067166,-1.7500075472939667,-0.032680142268036255,0.49881694236044594,0.0624006589073125,1.4616553658229996,1.8169694715240585,0.05916035503300286,-0.05116630338649353,0.7476520256250464,two_year,south,103.18,0
-1.2693848156344354,-2.431359877572067,0.06376209170873119,1.2522866242379234,-3.660358584005592,-0.04115658115938636,3.0456806665878955,0.46291452111056447,-4.082505019756377,0.12658764099008954,annual,west,47.53,0
0.43240157437910254,-1.7274416825056047,-0.9178186577765347,-1.1167765589267826,-1.5702902462353787,2.073425655334338,-1.3593351320565983,0.3686773339502627,2.1674595918166686,0.17492280044986652,monthly,east,88.68,0
-2.7402131589613354,2.118392269086832,-2.3599983929796378,0.7149344675442514,-1.629803996533803,1.3632553741897167,-0.4948510300439084,-0.2959702392385269,0.7348140839190906,0.14298689683188173,monthly,north,106.91,0
-1.5595438486339406,-0.4570654641797869,-0.538500981985513,-1.1669372828797713,-1.5962590103380339,2.7153163944517975,-1.9233621482813938,-1.9324289944927242,0.6384979803045066,-0.8497128398834275,monthly,south,90.04,0
-3.9302846838688774,-0.672847301455141,0.3826674450466677,1.1449527474654935,-0.31134416586697955,0.15594535415399724,1.136240583868341,1.2501255268233236,0.780647643294976,-0.015191581026798075,monthly,south,112.14,0
-2.8978974964582935,-2.0256724770669337,0.46052860481844426,0.15132747088859547,-1.3910654243956904,-0.3321620615819616,1.4322594922409229,2.393605382466662,0.6254370369791564,-0.38267740062378147,monthly,south,97.81,0
4.323404349738517,-0.08435759902736206,-1.2161863859210815,-0.7157331676268093,-0.6043136497145227,0.5615146108253005,0.12915796279014835,-0.8891295236136924,-1.2435760959693836,-0.3746996760956439,monthly,east,129.38,1
-1.3027513284195562,0.7740115092898019,-0.17494310410679975,1.1584154367178985,-0.7165227433797352,-0.048674076309229264,-2.1016779876872707,0.08883445555169077,1.3163054534138583,-0.9803444004501753,two_year,west,134.29,0
-0.44958285406854626,-1.5693165136898344,0.5049502319149173,0.05654901909808177,-1.272987502226874,0.4273792465579491,-0.523621186318014,0.2009056235422112,0.07477438095595201,-1.0997129972063935,annual,north,32.72,0
1.8175711649744581,2.6253679837615507,-4.456126778160291,2.418167815957639,-0.010770169056535606,1.976189735348516,1.9091435597740332,0.17751329792756887,0.9475608532579185,-0.6417432423262253,annual,east,53.62,1
-0.45556354431677115,2.322003032896032,-1.2815251895747826,-1.2493762832345123,-1.129033966681762,-0.5586512968806638,-1.8160998962934425,-0.12410395694214625,0.3004836118735378,0.5443792657878875,annual,south,27.11,0
2.768983257547446,3.7848143799163307,-1.9021091090094588,1.58714821921524,1.0593342868641082,-1.1126853187660917,-2.1882031568910696,-0.14276386620951487,1.350383791054826,-1.1469706543086844,monthly,west,49.76,1
-4.244870928561557,0.992046213459432,-0.60316548284114,-0.21272031337869882,0.5961435511666748,4.3519878846775395,1.3502351266071901,-4.493041101459085,-1.6518930377310581,0.6398835620566742,monthly,north,113.72,0
-0.9662859002273572,-0.6748710973729986,-1.215859792323218,0.11134450247721937,0.638418433075107,1.0919465377919115,2.580003957967622,1.6682298506780433,1.5332682813066127,0.5929769331529021,two_year,north,30.21,0
-0.5604837083290248,-1.9868832007134514,-0.18722872632218043,-1.7368290910936732,1.0593667139531044,2.8165939189479543,2.5886804989313053,-0.6763237129454218,0.33819400091314833,1.35359044361263,two_year,east,40.17,0
0.3939228562411532,2.9161179691953167,-0.23950336179976728,0.1302118201982421,-0.13645842815231912,-1.2258016250776982,-2.1189999094406886,-1.5348267090570233,-1.1943438278934306,-2.1360378039777435,two_year,south,120.2,0
0.568049916470639,-4.123293055251395,4.100952667027478,-0.9420627201432724,1.9966620591590463,0.27222226201524913,1.8365251388570072,-1.5340032389567557,-2.3330062913208125,-1.2535954506928746,two_year,east,77.76,1
0.47035013789016067,-0.1530479059652925,-2.432039862262177,0.49291522197165805,-1.1182848645404293,0.23933684216902673,-0.4710636269918371,3.480101870666204,4.077848900425579,0.8220097422754741,two_year,south,,0
-3.4169807494250204,2.237706315879989,-2.03459407440755,1.4792103786438917,-1.9846068517092381,1.680950173220066,-1.6046816292259094,-1.072194411081719,0.7249471984110599,-0.267787927227668,two_year,west,103.72,0
-2.836640884152548,-3.1907207792909,0.4179581009363096,-0.17663881972480994,-2.4642449369966024,0.36167943132426317,3.5627707093306373,1.6864789064984755,-1.9060188108675145,0.0883141458979801,two_year,west,135.3,0
-3.274276486300991,0.4798248329041628,-0.5043716334213103,0.17975811702678798,0.12732147120997306,0.5541006790202807,1.5319214138341182,0.5520849453528947,0.40314529529443877,-0.8280137470612966,two_year,east,24.89,0
-0.3753737469375822,-0.9453741153915582,-0.05301186212647881,-0.6286492727194081,-0.9261830909349754,1.8111236396054653,1.5554373728031115,-2.0773132398126863,-2.6017764313593075,0.34463368105152475,monthly,south,110.1,0
-1.7274978986307379,1.978842001235178,-0.43311948044322796,1.1715167663944495,-1.7903009432047496,1.2691541308439582,-1.9396249435059791,-3.5754102198175297,-2.4667564471501713,-1.9495044899605876,two_year,north,106.91,0
-1.0070432654028358,0.37001243867037026,-0.2008926462820666,-1.3077037642923748,0.6394692925077492,1.857063305309739,0.26385790067891535,-1.9493492523263627,-0.3423436285034963,-1.1882828768403488,annual,west,132.84,0
-1.2962877247359714,0.7517453358190089,-1.5383667145637823,-0.2802240164547396,-0.8215995522590029,1.6349356853580552,0.12299041643983233,-0.5590578461282577,0.4425978557004734,-0.3109311800767365,two_year,west,45.53,0
-1.7771719281074754,2.817285255387939,-1.690653277005011,-0.804428775037369,-1.2851628890840383,-0.30594110651019624,-2.587849053828268,0.31808218085853246,1.6694227793787548,1.6197699423531726,annual,east,112.66,0
0.1008848404009004,1.2418306035794044,-0.9249743653705342,1.070674507355839,-0.6226360532396136,0.7073742284378419,-0.8686187240716947,-1.2455162192550013,-0.4350750700816016,0.4109635167822141,two_year,west,33.51,0
-1.14891776590279,-3.3775618265768226,0.22461118419869813,0.05487334354111294,-0.8242162590951668,2.1130337764991127,2.8443946343954165,0.4228317413966555,-0.4379295634146485,0.07085112696199898,two_year,east,27.36,0
-1.8344550647175661,-2.6434097450692597,0.46712557906579577,-2.1015255944853743,-1.8710369144719858,1.0959534341328543,2.9876290722142063,-0.07106576430801874,-2.5708187952003447,0.6200387607674281,annual,north,108.5,0
-1.4934124726444695,0.9780097179373763,-0.9626939030461039,0.4601567199557032,-1.3867511442118465,-0.4906048716686551,0.24683868112670548,0.721332941438112,-0.3664379906072268,-0.5973682258944123,monthly,east,22.94,0
3.431108158658202,-0.5759437494025379,0.40500071326068965,0.8659381378148043,-0.44773339789439526,-0.8336245698228477,-2.247736728080656,0.09887583383742093,0.42781463607992576,-0.05053484600737391,monthly,east,25.76,0
3.436604612355914,-0.4828587194237115,-0.5271761914296345,0.21486441700561504,-0.5652514615821378,-1.4004265767827815,-0.36106799044002447,1.7621306455171453,0.511359487890154,-1.1373917183955575,annual,west,24.8,1
-1.1790964833408424,-0.3453415749529867,-0.9137902617582536,0.8021832264078871,-0.27836844221771073,1.6366821250284276,2.3268480259229474,-0.5536106351268388,-0.9602516077931719,0.008483281214628269,annual,north,80.5,0
-0.7082348322283876,-0.25556816433498986,0.39371917385701727,0.3758764074782509,-0.4026437083498341,1.7802547830075937,-1.0550707722990462,-2.4598255748089906,-0.8065673955034537,-1.5010991834639267,two_year,east,118.52,0
-0.9036438104587194,-2.743355381180426,0.35039871657847893,-0.6830112146526622,-0.8613457317066849,2.466116584253574,2.2404842333748265,-1.1351748279676228,-1.5162651960792743,0.08141284883089835,annual,east,148.99,0
-0.6953322312551979,1.4311105905111177,-0.3663542287359434,-0.6383200118413541,-0.910495166936922,0.2221471711324705,-1.5372473500201544,-1.461654723586603,-0.7740136361208657,0.700456614093207,annual,south,49.46,0
2.495361858594137,-1.3382121641391052,1.0718015067455384,0.12628680620234525,0.6094103037785692,1.111760352536819,-0.5172167685652151,-2.1838157326593404,-1.1970468393802058,0.3396846366534665,two_year,south,123.01,1
-2.1036927759533968,0.35299259371848757,-2.1795046033841845,-0.728548952600175,-1.1465071253962498,1.979803003318517,-1.0101369249519208,1.2018444107198294,3.5082276702485076,-0.36960624544177084,annual,west,123.38,0
-0.586788978283802,0.9401783090076373,-1.3505092371918286,0.4036089779956513,-1.614686794179875,0.626382981852008,-1.742407454000858,-0.009680699302182075,1.0233879842760514,0.3620766066086382,annual,south,133.39,0
-0.944471106439789,-2.302545623449985,0.8000113113086723,-0.6527453269748831,0.9557536261721689,3.070448837386535,1.6259776871051617,-1.9653235322002514,-0.38496190937893116,1.3841131033482765,two_year,west,60.85,0
-0.12182562489246473,1.1256448645013404,-1.018143615665852,0.28435866932686343,-0.6886267628400591,0.32229393652676164,-1.1559475716446501,-0.22193981684370884,0.6107241545467221,-1.181661488159528,two_year,north,37.28,0
-2.408833573312992,0.30414355113293623,-1.139671904195232,2.1775432556336494,-0.96730105185111,3.1465736086758307,0.28082925899818467,-2.4153349564002276,-0.6026507968864379,-2.5852608909467847,annual,east,123.57,0
0.4717344518661448,-0.7439523254870948,-0.22832792957584308,1.2025270141073008,-1.7727074625486294,0.7297486424974784,-0.18005275677632904,-0.9251243440055276,-1.4871801935127098,-0.3068027811876793,two_year,west,93.77,0
-1.2928417293116614,0.2038123910769456,-0.29763733336202236,-0.46792030117801864,-1.798504072017884,-0.6069175549500252,0.08663653015901451,0.4446497090725926,-1.055271626337295,-0.5815080867067737,annual,east,73.91,0
-1.3436722294460317,-4.474691830597618,-0.05628714991512585,-1.7705641705812363,0.7080878995717661,2.679177321451215,4.418157643810149,2.3050541708744197,2.0149679708589523,-1.356591446737248,monthly,north,27.62,0
-0.9130622569797223,0.7558393247026468,-1.060601281989153,0.8404171487978104,-1.767632350722272,1.2441923893455975,-1.6831524234229565,-1.117982637973831,0.11345451669813944,-0.8289784166599364,monthly,south,20.85,0
0.2864213347585942,-4.282654177777335,0.17011967648864945,1.7453422018988942,-1.549585191365337,1.7433640110432123,3.840038401298077,0.8398524531738593,-1.6158252124347032,1.5423181283452085,annual,north,61.08,0
-0.4041227376870885,-0.6985537470336667,-0.9717558285479381,1.1785211404367295,-0.34387692323983143,1.9228095813547772,2.3579924705097444,-0.7616592352364661,-1.0957356424651479,0.8151070990498617,monthly,east,55.29,0
3.0769716874556114,2.480058281616708,-5.1794024309545,-0.8132921232858792,-0.7329427337863745,1.6456423246611067,2.8260529588062604,0.7948007090076197,0.22004746969037203,1.9624464302023992,annual,east,81.84,1
-2.220316084920789,2.378108259005674,-1.5499853349071075,-1.6954584195248148,0.8177533339441465,1.3687557898204123,1.7690716675525695,-1.4505473227516335,-0.8267575923126154,1.1196991893553256,annual,east,140.07,0
2.3541322182469795,3.827562237584894,-0.9684440315960907,3.126320663965834,0.5882715358808811,-2.072975829068922,-3.26203341996582,-0.3360746310630597,0.7379095501412789,0.2928258863861102,two_year,north,74.17,1
-1.2022295709356308,0.7562493120313738,-0.11459585298158204,-0.30657074787784794,0.4181954625715316,1.3846510790053255,-0.8784918231056038,-1.677321093975316,0.29668298519146075,1.1299625660028039,two_year,north,57.42,0
-0.052224619978025855,0.2570584397642528,0.8399379582426683,1.0233632997581072,-1.135700540045021,-0.8731327059013738,-2.4268481548971494,-0.6252481394858559,-0.4701314114536672,-0.26102268284355024,two_year,south,,1
-0.5872100481954885,1.8741345942278853,-1.07906532919387,0.01940442128617024,0.4953386050953008,0.3740322790524635,0.20531705230334096,-0.6610447772642241,-0.02199023538254763,-0.3671016537067822,monthly,west,59.9,0
-0.4529600604551476,-1.9290262686025055,0.9838855685768447,-1.296305508222802,-2.152109964125475,1.5089059069671356,-0.2949329651382424,-2.3520439561189397,-2.747399762112427,1.4530210609137504,monthly,south,139.03,0
-2.672345021564658,-0.31577626205534093,-0.3346216448669399,0.43277970289417217,-0.9390582244665571,0.22856916101103697,1.6197996209672005,0.7897414609161145,-0.4447409392811368,-1.2323883553440074,two_year,east,132.24,0
-0.7150666987189809,-0.4810463435114687,-1.5131906829418313,-0.18348953690413589,-0.8487912345750497,1.6804653045842883,-1.0529718020656997,1.1648539374326266,3.2044392864399907,0.7896061940196445,monthly,south,103.05,0
-0.8496759159625545,0.8713924436100772,-2.163626982268298,-0.020517508870003125,-2.332537474536407,0.3282631873765277,-2.6542667079036315,1.9124484639103168,3.3110602715162067,-2.0945550514099813,two_year,south,117.2,0
-1.876415767265322,1.4096575395206168,-1.4618636835597694,1.0672349889463097,-1.0303437976590861,1.2886403914968056,-1.2239336753275425,-0.5772889951331235,1.057830990837732,1.516740011755806,annual,west,40.45,0
-0.8097213451430393,1.6857331042606454,-0.2956449775549918,0.9082231751851557,-3.283555376259843,0.2627338993970011,-4.965993194062197,-2.4538852596832488,-0.8491423395860604,1.7428212416759465,two_year,south,98.37,0
2.5712590766889356,0.09449614706020659,-0.9876262829450965,0.7635379911848402,0.8866707097549106,-2.916518650030299,3.8408135032891817,3.931072993597422,-0.29370203245763427,1.3503038457626446,monthly,east,62.51,1
0.4677730877643933,0.5131107490883782,-1.8945549284840482,1.1332266754760552,-0.9465484959608564,0.011914697172569322,-0.6083463740531332,2.046264392680601,2.415948711910477,-0.5855862733101443,annual,north,83.53,0
0.48154445219966946,0.3370526269947032,-1.328513845910983,0.4346608005178723,-2.512428390759035,-0.07416385953370996,-3.3731038898038914,1.2120027749488567,2.35107420836388,1.2425747699916894,monthly,south,49.3,0
-1.8488389268151186,-0.9939373129064506,0.13335685932232264,-1.2680745371027344,1.2292886706399777,1.7127605184274777,1.9573023738589423,-0.19852703132759092,0.6438176252132355,-0.9011257572260973,monthly,east,137.25,0
-1.6402074291587074,-0.4168069068630018,-2.449317571086398,-1.3111492470585975,-1.8364522151287426,2.454871549959836,0.3336587002642364,0.9911221589524924,2.1972611094749874,1.3496593276159354,two_year,south,73.5,0
1.5859696104050045,-0.9090750627667983,1.1233836823509795,2.3904686385733616,0.3521547745056425,-1.6763104504809885,-0.8109449435452603,1.3649435708885496,0.6751406564015323,0.21275127337098812,annual,north,81.98,1
2.4119528846479747,4.713754525781692,-2.101599992527427,0.09872964596362985,1.3880683045363194,-0.7050757749145015,-2.8650398037030476,-1.0519658819737336,1.4504574338035803,0.2158167161536378,two_year,north,113.78,1
2.7174009689227594,1.2857678145096536,-1.1701910905558175,0.6416404467955009,0.09103585483788446,-2.7623242542211868,1.8733612246478883,2.4010147910467103,-0.9152557951069165,0.4812266936765978,monthly,east,35.89,1
2.4317363632365487,2.592140878537746,-0.7899114210413553,0.26782907626438784,0.5524231842872607,-2.4684986876205084,-0.3776246702088847,0.6350856730414883,-0.7089755046850037,-0.6131333546744258,two_year,north,85.4,1
-0.7428997457563336,-0.04717296405938687,0.0938506543722241,0.16745063742998398,-1.9698902111471488,-0.17872556355323477,-1.1653330449469301,-0.47583188169168106,-1.0419195971608248,-0.22665251015986732,monthly,north,125.71,0
-3.997010993186325,-0.2405179571693834,-2.065191263429699,-0.9151921918771337,-3.6448055351792563,3.942689004135764,-2.2160105840409807,-1.3654836437181126,1.627238521362469,1.287981506049712,annual,west,108.05,0
0.7784567125269989,0.10278316740058147,-1.6698650953259626,-0.49779982554307545,0.6884557463862059,1.3942672056933527,2.957627616918968,0.08776353070029805,-0.3295344775512742,-1.051681630214495,monthly,west,61.81,1
-2.564089129807332,1.3426971067080085,-0.5611219527058379,-0.8217720921435213,-1.1541072879263896,-1.1235974538573195,-0.6539188225240153,1.3066938486911779,0.6415906247665428,1.2814984477113112,monthly,north,112.39,0
-3.5741108514028985,3.770739360924299,-0.3297359666026894,1.9942932390806296,-1.1042708575430253,1.0411669666167507,-3.0525932200466053,-4.29206958209196,-2.0068237539802816,-0.49538245520810825,monthly,south,141.48,0
-0.5558287854131514,-3.091443167777188,0.309900462171874,-0.2682106421397767,-2.0427064243797353,1.8286583229547282,2.514075559921723,-0.7300452025743492,-2.578271191718051,1.5485659180346347,monthly,south,136.32,0
-0.9409266234349096,-2.42222693343767,1.9213044489932318,-0.3475848419865761,3.433685310729711,4.2556116813163,2.9777550486168627,-4.252622142391471,-1.5755658383696816,-1.2032944939461596,two_year,north,116.49,1
-0.3022723237197583,0.5886472008851478,-0.5796399001830974,-2.106457169760274,0.589748415162271,1.2609571620296736,0.2661240643722512,-1.0894454838368566,0.10735940159678647,-1.2898164923240267,two_year,east,54.59,0
0.8604922210031258,-1.959354502991421,2.9968832026933407,1.2161314777149637,0.8896659256539668,-0.6789482409406262,-1.514223013495596,-1.0361140119206915,-0.5933783510459709,-1.3989875336951934,monthly,west,68.42,1
-2.4914257869732155,-0.38251407258759873,0.46454906408807106,0.5503711174895553,-0.5451594216371554,0.7434525963913043,0.13327552709046953,-0.6231599764653099,-0.40197540559613976,-0.8948607073143503,two_year,east,92.59,0
-2.2756636506000323,0.443540794585227,-0.6956451363401963,1.7795811204338106,0.3531616489610838,0.9903581677345814,1.2073894118368695,0.1414649614243791,0.6197545749383879,-0.7487172381201579,two_year,north,69.54,0
-1.074907730960967,-1.6316318982474483,-0.5591562178899395,-0.03845805425278453,-0.2857312452627241,1.831040126888135,2.393605144092505,0.26528255115477595,-0.017703080345790156,-0.07614585445363803,annual,north,79.25,0
-3.4647723329049387,1.885808380689961,-0.8267612243872025,-0.0016269709824652304,-0.19758675565526695,2.672481066034022,-0.00148175116209881,-3.4471366009499054,-1.36959506008286,2.7820525998565317,annual,west,123.16,0
0.37562687507010173,0.18174638102403373,-0.0422895674210102,-0.42300840581630733,1.999007395206751,0.28196945142041185,0.2871733123206561,0.521372924865549,1.8764896913820954,-0.31893232568606283,two_year,west,33.51,1
-3.2069715655576685,0.0248246040637492,0.15293554827091702,0.06630333079776375,-1.187836705784414,-0.35308091984527645,-0.26670564885852444,0.9280430344712738,0.4578575767030848,-1.189420248127502,monthly,west,146.49,0
-3.1625815716561134,-1.7496276418220449,-0.17747976395545456,-0.05304776416907416,-0.6171440102067018,0.7466169728189177,3.946968318239777,1.4827460126866747,-0.764627885212354,-0.6400573701227612,monthly,west,111.6,0
-0.5637526169977557,-0.34412702613179746,-1.0375218015438692,-0.8335855258777577,-1.7464511326720777,1.4154455083305906,-2.5464202706027623,0.2838101093494667,2.436661977351325,-0.2254862781297418,annual,north,132.41,0
-2.053925361975757,0.5766824599304905,-1.6535401431819539,-1.0170768703318072,-1.265265324982403,1.7340140562877535,-1.818502494089922,0.43418912139098004,2.8832819213653718,0.7439853872833647,two_year,south,121.62,0
-0.9333097092054365,2.0917874865963895,-1.5746282618390706,0.5439237174977385,-0.3534077947301366,0.12440758473796887,-0.4171758690393005,0.06701751926591562,0.6205650373187113,-0.4438436677823107,two_year,north,76.18,0
-1.4949498677163016,0.6187046518017031,0.08844673385238937,-0.050134008272929485,-2.1450862403085713,0.8331538194263226,-2.3028410341032277,-2.2276197006207905,-1.3844270649878854,-0.687187613802669,two_year,west,142.53,1
-1.442281603073769,-0.28909796569971835,-0.16769437689500222,0.6977266712875958,2.1151400745233047,2.4337618115720248,3.025893661782689,-1.5849277650351659,-0.5331946056747285,-0.524543957008152,annual,east,52.9,1
-1.4968035037308773,0.5903899783029356,-1.5511954594315018,2.1561390738112207,-0.3058643985041728,1.563563348446862,-0.7075512220372924,0.5046467527236385,2.5546318707470537,0.16281094481789476,annual,north,26.01,0
-0.8202783915351637,-0.735782052003622,0.07534865569265832,0.026215908868666996,1.621597979471952,2.4393874987099693,0.8203109694619347,-1.3094127856024065,0.9992896328840104,0.9474732789720829,two_year,north,32.59,0
-3.2901815691238356,1.1662739301432432,-0.7750988854969638,-0.29626959291842175,-2.015268250730979,2.258303335005858,-3.984576954838873,-1.9692483933589018,1.7064594130698945,-1.993178910859707,monthly,south,46.1,0
-1.2832761109485546,0.9183560581342816,-2.1658397170938786,-0.6209227591928351,-1.3965811563921904,1.2055304644336546,-0.1134940272962125,0.6294004592461394,1.336167842458873,-0.6081551734571014,two_year,south,90.08,0
-2.463809721059296,0.2239845157714122,0.22145016949747548,-0.4623655287890157,-0.48233364932567235,0.9577158103753793,-0.19817042284757846,-1.1974016933179485,-0.5438864285212621,1.110838633325168,annual,west,49.07,0
-0.9392257076473963,-0.5687366329849253,-2.0198616145390402,-1.2478107575091788,-1.8883774916536904,1.9096730243462412,-0.893145860041446,1.2312532790544557,2.7699329353103037,1.976690937237238,two_year,north,128.59,0
-0.0293070098031305,-2.4113472225887933,-0.31058174496271235,0.9311290649502004,-1.3233608544477953,2.1443449137382125,2.8845513731910346,-0.873361869063102,-2.2329787748114636,0.9726364022822266,annual,south,21.21,0
0.20707693274053485,1.4104432880511097,-0.5488200245191097,1.8605800305940245,-0.5618664078205775,-0.10554317586175799,-2.0918366617571884,-0.6364160561267178,0.47469508157406526,0.021289520032667333,annual,south,116.97,0
-1.2839371115832556,0.6367973026927229,-0.40742006899563993,-0.5015503493688571,0.2201079516167288,1.134339854302355,-0.5537996298483141,-0.8285457221248139,0.7322188286588767,1.927665079546714,annual,east,145.97,0
0.6469396975534463,-0.4532127313881533,-0.6728458212777081,-1.2159372424230561,0.46083102695013833,1.4646928869401978,1.0489663768970132,-0.5157381915480663,0.16583785673577334,0.4803837614368755,two_year,north,54.73,0
0.18995671383242918,-0.8687266364417252,-0.2066099853699753,0.9430490040031365,0.7021566691631691,1.8859412413475747,-0.25321144819160535,-0.5725185095916998,1.5313003438566866,-0.47725767961035626,monthly,west,101.1,0
-1.01582288349623,-2.7388469267635767,-0.7041890838391192,0.35091458228820077,-1.129267730393747,1.1564287861211469,4.261509058493335,1.8250570649739621,-0.7419844061045778,-0.31177003334033143,monthly,north,112.92,0
-0.8689036624002233,-3.4804280201244446,-0.5596610462468178,0.6483086420415969,-1.8294736543346017,1.26213363553927,5.2335823158626,1.597777052474313,-2.137091480696685,-0.15634221611490473,annual,west,62.5,0
0.4262896154979037,-2.1093072179593593,-0.9133289937603751,-1.0775918993942644,-0.41721628190682003,2.291005153874699,-0.549671858369108,1.117570261781347,3.3297659127440995,-1.5782430504937333,two_year,west,76.31,0
-0.8374124058699686,0.4746127912203315,0.00046163587858439453,0.033259240865631305,-1.4547190975586464,0.6108373256628494,-0.7778627742506907,-1.879875812018493,-1.9067858469195718,-1.0948964238991312,monthly,south,115.47,0
-1.5614701970969445,-2.440098959621648,0.7914615482763155,1.1464135271860962,-0.9676986454102722,1.769506160951655,2.0684835064316403,-1.1027927849801367,-1.990434033039199,-1.7133162000661408,two_year,east,37.05,0
-0.8778815844150528,0.5328337332311421,0.07866230589208906,-1.0565743336754174,-2.541353822138633,-1.3828561941838147,-2.5266253492882416,0.539387121429027,-0.21012942220927722,0.8942547809597954,two_year,north,38.68,0
-0.4238512122028697,-1.680428417385309,2.5766176817970603,0.6524890843732906,1.1308171905811166,-0.026763286458374003,0.3265858157015107,-1.425625292495801,-1.5271645196396615,0.6891773179240783,annual,north,68.8,1
-1.1237027738880168,-1.9614973807056937,-1.343761827007522,-1.1471057542343328,-1.2220938352439215,3.2765732495573947,-0.7289238910177024,0.5300181058161293,3.2896022182047178,-0.011732667631380929,annual,south,49.69,0
0.7195673593659017,-1.0265152644896085,0.2717049800737326,-1.3204769513198185,1.0459508717796329,1.0804273904310502,1.3642665727291048,-0.6251864807920597,-0.28690952288994953,0.569273667691096,annual,north,59.91,1
0.04486965973485746,0.5150585626089692,-0.10219771246947121,-0.16269973285105838,-1.9889861206751074,-1.0268042396774475,-2.746554428987692,0.419287562920267,0.4089355727653068,-0.8854226246601415,two_year,west,39.51,0
1.5163126466917825,-2.195027898545133,-2.3765343368388385,0.8046573725136925,-0.4553207358010086,0.9499230197812043,0.24283416283249837,4.9978741390081,6.130834311061655,-1.9009954328726966,two_year,west,32.56,0
0.4173947549277053,-0.9818633476532765,-0.09278766275732636,0.8498281892348523,-0.866340371887582,1.3137131693990423,-0.5763287659976586,-0.8847706842024113,-0.10420070042980945,-0.26268886830833127,annual,north,139.08,0
0.9271818896700721,-1.4883363388140447,1.0886425809500035,0.6021998933418705,0.9518532319265963,1.1466210852816499,1.4961666767522093,-1.7558265306678615,-1.8212221686738759,-1.801924043901205,two_year,north,64.97,1
1.0746117464685065,1.5632434522683467,-0.49511490920414436,0.5687514456110978,0.6346592005638807,-0.5699069235642109,-0.06625902651176174,-0.5392519365079308,-0.6071459481885035,0.008403310760210241,two_year,north,93.58,0
-1.2694994396647874,-2.8942644307776817,2.4598461903863225,-1.413242755723356,2.7918278321338983,0.00030909797114131443,0.4630927109513301,1.9314651616676686,3.335839730437471,-0.8931096265692305,annual,east,91.14,1
0.12902356994590614,-0.5802392556397737,-1.9854594635535852,0.1568685198770031,-2.8014723733743905,0.6387756053405296,-3.014056730933655,2.5463426703395355,4.101370785038055,0.30322002241078105,two_year,south,78.55,0
3.7746273132230215,-0.9631116105233092,-0.20706193586418842,0.024559444979703218,0.2746785034230744,0.9033813352722875,-0.04500735268507272,-1.0605825454334818,-0.5797139807123665,-1.4145664049847126,monthly,east,117.22,1
-0.9107933540225481,0.45387129012486915,-0.5825919079992716,1.2535047967899844,-1.4575092442521291,-0.5728960927944411,-0.2780327502917257,0.7391138813367426,-0.18979173476908706,1.5695877623550916,monthly,west,63.1,0
1.1533345869016496,-1.6903900519390627,1.8157235350689334,-0.9646305968766955,0.5032058804087118,-0.25855617058575797,0.42227590089450895,-0.8829351900572151,-1.6080307684006496,-0.7872492327583591,monthly,south,136.02,1
-0.9485460204261102,0.9354433616292125,-1.7109026423035538,1.9757541467143385,-2.4740036225072943,0.8244452027149368,-1.887348506451948,0.0023955686136444628,0.8369721103289521,-0.185983034855112,annual,east,28.84,0
0.414932280821948,-1.1004442303437196,-0.8926015182679989,-0.02803643587373496,-0.4950504173928385,1.6745271370630919,-0.5038356219143156,0.46136069768205973,2.0176065521901525,-0.2725784239819797,monthly,south,94.74,0
-1.24303303187242,0.7345341441017907,-0.4250368664511958,0.05843457054221049,-1.1436507863006469,0.13706503796252223,-0.4254935927865231,-0.5245344094677287,-0.715058341897143,1.0293559988524639,two_year,west,64.08,0
-1.794448559404254,-3.157249430461913,-0.031108394148115705,0.1182173942378474,-0.8549659996962288,1.457477266066557,4.381647122249091,1.2717331480913054,-1.0728335473083084,2.0639281505547724,monthly,east,67.31,0
2.4221316243998685,-0.2844220246722583,-1.1024250981443104,-0.3669270147308166,0.9238483817585281,2.0593788569910965,1.3539405010627978,-1.4025525947458677,-0.37089602870440874,1.413471274192499,monthly,west,59.66,1
-0.985259054119829,1.0022444470021752,-2.764957504113977,2.3002362923363115,0.011066591207368859,0.8882085275770425,1.758445594844766,2.259271731453212,2.5069419361535594,-1.2837904730489342,annual,west,98.47,0
0.37803930889162807,0.2381778424311729,-1.3207011646629356,0.6860676268116496,-1.1078873547743742,0.6173284012680063,-0.7604812446680494,0.5211650331831594,1.1100935454435192,-0.2179225853962664,two_year,east,50.47,0
-0.2263668680671107,-0.38524423749179504,0.4446539183350476,-1.0452241953819206,-2.368608008779413,0.6741343207131012,-1.3209538304530808,-2.291373672107709,-2.647787706831161,-0.3908416128003826,monthly,north,58.26,0
-0.7450808012322411,1.0281601590252332,-1.5899632728787354,-1.0749228615858393,-0.6137066912475436,0.4975983316016559,-1.473574743617752,1.149214461087683,2.7293731101656906,1.781943150579047,two_year,south,,0
-1.5900224412233435,-1.0684687809903306,1.988512995027698,-0.240312515511201,0.9861963144307214,-0.8589464716105499,0.8720331546033152,0.20758495969911647,-0.6519026655490661,0.04754348540128216,monthly,west,20.88,1
0.6086446551679265,0.0509258953937195,-0.02795037539704322,0.6371710406657547,0.18005544584822264,2.645179261944068,-0.9171071580271639,-3.5882757326126193,-1.151643375889044,-1.476619344124255,two_year,east,68.31,0
-2.0372034854807346,-0.44628712936928383,0.1634563311566552,1.1992218191277841,-1.3625001161485,0.19454247744264175,-0.22350870801050293,0.13570790956340834,-0.2528966274292965,1.2863713421703706,monthly,east,26.36,0
1.5049329757858172,0.9737561655523815,-0.38268566840045154,-0.109427302387035,0.7571519976249862,-1.4137490156882875,0.2783020477078908,1.043958389967043,0.25083496217729406,0.14285367830345097,annual,south,133.67,1
-0.007089909219875512,-3.781656244215911,0.10660793750221544,-1.7235137368204576,-1.7763125939961562,1.688059509459628,3.593243097163233,0.38784308688105296,-2.089857344624251,-0.9882657023500538,monthly,north,113.84,0
-2.6478553534147196,2.5882071908852624,-2.5020957646109996,0.643205917729805,-0.22213364085619847,1.1850455794734656,1.512965755549203,-0.18588335406333661,0.15674404924226937,-0.8236079497999516,monthly,north,97.39,0
-0.5441107276417083,0.7704162053519231,-0.748613127734168,-0.5955656601568046,-1.5554497439691042,0.8559469567285046,-2.4714946615379505,-0.9295121131423039,0.6522209864890669,-0.10276157878579985,annual,south,116.7,0
1.897456387984393,1.2622210427104452,0.3244905139716817,2.2310139212626727,2.6528032388324503,-2.195037852577756,-1.0548907861433938,1.99191730292623,2.765572064408381,1.008087780375517,two_year,north,137.14,1
-1.8858461356095937,-2.0496423418734793,4.184909099645785,-2.2501615422830317,1.7568877744696536,-0.5111188630885386,-0.12141427543215944,-1.9107018182092335,-1.8505612844247268,1.2093151978096994,two_year,north,110.23,1
-0.16969121855941127,-1.5435452392567466,0.7724303416679669,0.8882238287991033,1.6464176645139652,1.416807807344975,2.283113035813834,-0.762754830384296,-0.46647388963528924,-1.281324801970232,two_year,west,96.8,1
2.529083847082111,-2.162129343869,2.2576126786148714,-1.2381753449676216,-0.019102551977682625,-0.47567714284356555,-0.9130473489623852,-1.2691477792655055,-1.7689611001805452,-0.7372724917411038,annual,west,36.15,1
-0.5007870655864517,-0.6901849725760117,0.33473180219902937,-1.2000574336550534,1.7491872488207818,3.171150522871241,0.5110383677939583,-2.830455009965405,0.12143614630472177,-0.17622031132261995,monthly,south,,0
-1.401626618731993,-1.1073330478084364,0.6041164916937711,-0.14154536890660446,-1.8282963340746163,-0.28002107646897634,0.5009652388373866,0.08662998348470187,-1.6717561635118292,-0.6399400966789045,monthly,east,95.26,1
0.7707764252695817,-1.4994946046739273,-0.9417637850200149,0.4232120491866845,-2.574210784380716,0.04844547488344675,2.2286522877225887,0.9256990044431018,-2.1912375015246104,0.165726163460681,two_year,south,98.37,0
1.216623541444183,-1.687835380270454,0.26047971990864094,-0.9491306408592745,0.4128978604115652,3.316306201558094,0.24842010090725952,-3.105022945937431,-0.9041167457226542,2.238677926139898,two_year,north,144.9,0
-0.5737086224703505,-0.27146387979709097,-1.4924882119769622,-0.07195707816333739,-0.7185353926531997,1.4285864571251268,-0.9885698513944512,1.1884059171972519,3.0501826697127887,0.5867758102011422,annual,north,46.72,0
-3.090015817067177,1.44619476550682,-1.4952940674390105,-0.010290522106329738,-1.1358019844329064,2.2379705828243197,-1.0006471841050613,-1.4881818725981462,0.6839326734584834,0.4143003214233007,annual,west,106.21,0
-1.217052558428452,1.9022694813579704,-1.7742941308482487,-0.17736635679985702,-1.2195506702795096,-1.1342579398902775,0.916094663821638,1.5686897013980214,-0.2067858194325397,0.7433677610943058,monthly,east,53.34,0
1.3550939978336605,-0.8503987554131911,1.0971559294819075,1.2144686492655445,0.389415122040637,-0.7506033767107658,-0.8482222723935109,0.1749773389646164,0.1626601052273664,0.4292591031560771,monthly,west,74.31,1
-0.0009064482724332468,-1.6337093907246598,-0.48464793544161194,-0.40305568605357694,-0.635020756415266,1.42928983482955,2.137125689326437,0.05005390699469127,-0.7330683038125894,0.7476031406723975,monthly,west,146.35,0
1.73219534274345,1.544814744898714,-0.6274641433209143,-0.32409838991189505,1.398449518991647,-1.7082908486493678,0.10591426120538916,1.4869910434708902,1.0820022882157816,0.16543871578230795,annual,south,63.04,1
0.31681078387099926,-4.528846887225354,-0.16453494573128777,-1.077638903968903,-1.1354338823202828,2.20297424100779,4.888583057250781,1.0776493259172106,-1.4391963588160133,-0.930274418636354,monthly,north,67.06,0
0.34050614073391205,-2.735399617037816,-0.48208990751746034,1.0936265753489456,-2.6695333720782797,0.05154547165720236,2.6175604047096916,1.8308008722113105,-1.5699032705135378,-0.6156771933589483,annual,south,77.14,0
-0.33672560502557736,0.7560960894694041,-1.6595072438942993,0.3041480125872634,-2.2928103327432376,0.41907422933413485,-2.2059593338333867,0.6768534884791118,1.556148745671682,-0.8774838737360939,monthly,north,25.29,0
-1.370845752118457,-3.0050861234093404,0.5786683019779807,0.12854862566215244,-0.3324990971535907,2.2399203778578367,2.8486310326071127,-0.4885197354549133,-1.0759373401274561,-1.425965161547335,two_year,south,71.81,0
-1.15880736799392,0.3098335545226538,-0.8000617769357308,-1.2837119427370804,-2.0066111539830365,-0.8645186157751896,0.4434616355003387,1.2514293673491133,-0.6870589116597752,0.4167310981206395,annual,south,100.47,0
-2.327174131266061,-2.1423141240458086,3.580124013516609,0.014716600414308287,1.7888439468027801,-0.7309817629482069,0.7340450973746919,-0.4262619690367653,-0.8363546957068733,0.4899438368224665,two_year,south,95.15,1
1.7735733216055642,2.409177875928191,-1.5333948114385616,0.46099415302882996,0.3359543185364682,-0.5887324231556137,-2.272574862382755,0.37905293909188176,1.970230201920267,0.9131070599418576,two_year,east,133.54,1
-0.8864931797976562,3.717364248410656,-0.057726181297631636,1.0916016980852241,1.3188679140912143,-0.5905015511076064,-0.6888918883419572,-2.7726040746132643,-2.091327280995358,0.6291452081040917,monthly,east,103.35,0
-1.22368252855463,0.9412317769603058,-1.3107901508707196,-1.9775681623776558,-0.7353719195741388,0.3496542792872611,2.0976601308649787,-0.054077324873458336,-1.4825555193449507,1.3902672120707307,annual,east,92.4,0
-1.0134074360142415,-0.06706511110173774,-1.2678658779171426,1.6070148603976606,-0.542696042656225,1.7793893639512248,-0.5268887071175128,0.1709142525658263,1.966760165758521,0.6847167708015105,annual,east,103.28,0
1.3175945705878735,-2.140364361409908,-1.848118316106865,0.16111781581998516,-3.7027201207923883,0.7250514085470303,-4.013270246097209,3.5392700547162352,5.294615692698141,0.16130248419111234,two_year,east,26.19,0
-0.5914571628846308,-5.156459027661755,0.24950132850301518,-1.0982881630520969,-3.778169652601676,0.9888730461280885,4.966478579017805,1.501834149937344,-3.711321093226575,-0.15355895246259035,two_year,north,149.5,0
-1.453281086137146,1.5941826301392727,-0.17973293119764883,-0.8531553272702455,-0.9312805478637586,0.2986369765853072,-1.5542924501759456,-1.7996164188708348,-1.0510190327784468,-0.08631451089860492,monthly,east,39.72,0
-2.4040680607532137,-1.8902233157466501,-0.8042673084337129,1.3211936338059946,-1.510370443771242,0.8930660230053421,4.48910000541688,1.4836510621242165,-1.6015869615229896,-0.18799901380902465,annual,west,74.4,0
1.689867651209937,-2.6966055969953993,3.6777657013110776,0.02514614426863877,1.0374273115585773,1.4652901766661357,-1.4557998673659527,-4.541869530166405,-2.9477194259318926,-0.5103550906243444,two_year,east,58.38,1
-0.7625525570429175,-2.8273907756305343,1.1690756967650242,0.16218196292521328,-2.51163444242027,1.76777225949954,0.7384919991616189,-2.2263589968383966,-3.411248027440678,1.4503266960792671,monthly,west,95.04,0
-1.2729735575784944,2.726283351346786,0.6024939589260285,0.10109416239233668,0.9746688571648481,0.6644956262721345,-1.262712716172358,-4.209050925225663,-2.5721938099967225,0.9253933456133583,annual,south,92.74,0
3.6168493942080837,-1.4169475082122078,0.5540150908754111,-0.5304593173418987,0.9723882405988092,2.2703728052679413,0.9775600037509289,-3.508437718459175,-2.649082069977207,-0.5797779599558229,two_year,east,65.77,1
-1.7665310718722615,1.9971633195048009,-2.0812742909247026,0.2511436533534898,-0.9825658844049934,0.5808869465425153,-0.8740337782942277,0.5832581484149583,1.6586793682701066,0.6475354880307667,annual,north,146.57,0
-0.5932954895430609,-0.24279282443648242,-0.6863214036501818,-1.2384596889671515,-0.41376140888396895,0.43810785271474784,0.6523084151914427,0.7534963251435143,0.6099748325102654,0.7383923739144663,monthly,east,117.67,0
1.963350634467823,-1.6673477419151697,-0.21926644883190144,-1.8753474457041042,2.132293807093117,4.277247266498169,2.9500318590061467,-3.6587091846378996,-1.6334162715075886,-0.020159206809706193,monthly,east,135.68,1
-2.467283243320997,0.5080166800084798,-1.982866798801957,-1.3973898089920156,-2.7759124075198156,2.4240935185252885,-1.3822074811916678,-0.8191886003550608,0.8129490120222095,-0.7436802016391757,annual,west,79.2,0
-1.7093544021325262,-1.1196745423802639,3.0564805821613192,-1.0761208281893215,2.1001648634947094,-0.09143793998995808,-0.5158693802871404,-1.4747434234528225,-0.3278191201378523,0.39077517025096437,annual,east,97.92,1
1.7062546670120358,-3.115373169785381,3.0107531728709476,0.592733600008886,1.2395294606668381,-0.4991838170343976,1.062646419319441,-0.6730081139083971,-1.8235215156753666,1.2108841110548243,annual,east,73.75,1
0.8354670257247339,-2.854859784229898,0.31407630160266514,-0.6710526070356657,-0.3027000684043093,3.5947539377298177,1.700346115045662,-2.7350055725534816,-1.7957489173335324,0.8102510653136415,annual,south,59.55,0
-1.7811897463667852,2.448369634814331,-2.0106167397410504,-0.7300011745747247,0.2123874881266148,0.5868999532455905,1.015864634272773,0.01669085839249892,0.39282036103372464,1.0931447607614546,annual,south,88.31,0
0.020996465374831685,1.524710912087952,-0.6409034944604545,-2.2120645004250865,-0.44225635155753285,-0.09497058021544269,-1.888588495543425,-0.5441071057275998,0.5471807156047781,1.1873001476264489,monthly,east,44.83,1
-2.213595054692759,1.385145733199523,-2.2577801400305355,-0.5096603920139645,-0.5136643864616188,1.4882601636941888,0.2258286695243985,0.6596207468641184,2.027753200457937,1.1345984731738838,two_year,north,47.83,0
-1.8037489733503773,-2.375403022633554,0.08008292667347483,-0.7113932689630986,-3.3613119484720713,0.17644245493594402,3.4495212917192477,0.3661596425953428,-4.073609526911592,-1.394756816376456,annual,north,86.4,0
-1.9498362304737087,0.5352933174697407,0.21633168194013924,-0.34546826467163483,-1.1897868370326068,0.062042057990054356,-1.413793699999736,-0.6918429991466221,-0.2983111665199297,0.2933091770110306,two_year,east,21.8,0
-2.3544138985982332,1.6422758824078054,-3.1083645250556176,-1.1848564320595762,-2.166969133571958,0.8894299192037963,-1.0141203414374107,2.0266561277108033,3.0812100299816216,-1.1583606381877205,monthly,west,77.91,0
-0.46353062143478496,0.3698216934200296,-0.8447642477324347,0.5557740623419922,0.3835891374751028,1.280631475218285,1.0379372154117301,-0.6442993981211519,-0.029287297151905478,0.4410483205323471,annual,south,149.57,0
-1.0815644223300975,-2.2454616854352984,-2.9062796472610573,-0.3557327128887563,-1.596772710119763,3.2375103446612368,1.364740496596073,2.8713666493701697,4.334949386160044,-1.4408469057338198,annual,south,126.95,0
-1.9970937386340692,0.6959055810264538,-0.3259791026377945,-1.0920765194335578,-1.1113284906277086,-0.41572934627139313,-0.5390389388428973,0.5290550068404007,0.1830148801960234,0.004464656510239896,two_year,east,30.85,0
0.6323880885554634,-1.2986921575215364,1.63435674514201,-1.4604870662072749,0.7455354935225686,0.13570222857746583,0.5465479543980092,-1.2943701770714398,-1.6049065704097574,0.37152243672165675,annual,south,105.27,1
0.056850942524388826,-1.0973624432171776,-0.49018275693172314,1.1057257937004072,-1.5209102925998907,2.070951704576011,-1.5159553970494126,-1.0363144483632798,0.7064996444038685,-0.7075476778131449,annual,south,49.3,0
-1.1740431206456858,-1.1507219243289208,0.42177706304252244,-0.20136704553833096,1.245508473103552,2.796727502723071,-0.05991299944578965,-1.6643448375738468,1.2712444224845467,-0.12021877939693248,two_year,west,35.33,0
-0.2572031516443063,-3.359811946403554,-0.23382144372455563,2.3617511570227316,-4.172810576182448,0.024613462244175932,3.3454061665044525,1.3093668924832331,-3.6904881085505528,-0.5755814049507112,two_year,north,65.33,0
-1.5989415542943224,1.751580263391817,-2.69431277468903,1.0399768444993358,-2.087845693263774,0.5726560876241447,-0.5475340969999211,1.1201515445113546,1.3737641991678449,0.3605762291084192,monthly,north,108.03,0
3.051677929466,1.923271611638289,-4.42498679848734,-0.9207754479925324,-0.6372719406665606,1.1495701688206197,2.393258522459522,1.1196398210898177,0.44354512875742347,0.4656792196783952,two_year,west,91.6,1
1.7485049165052655,0.12618007974140522,-2.0213925784453983,2.023598324366094,1.2355685018198093,2.3242049441614516,2.0484504600141347,-0.3857427325038785,0.8887388339539666,-1.4896558123872958,two_year,south,25.72,1
0.3273414743587397,-1.7834783808558066,-0.10522557177743387,0.9542077424476422,-0.46612430629037316,2.2124506833297577,2.2518241699782817,-1.6001495763945146,-2.025718958906001,-1.2480245818206868,monthly,south,131.38,0
-1.0736451702309169,-0.9618358390308014,-0.6491177205960477,0.9696316621253434,-1.2994699620800039,0.6793505044589048,2.3967834425759538,0.4092221641277595,-1.4269724856345496,2.3410036916690697,two_year,south,82.09,0
3.056260713392362,2.1759569716949785,-4.420830112558399,1.2694219396305155,-0.2794954314407736,1.7432192507631172,1.865179791367432,0.337047457456125,0.6704855479163916,-1.3054846155454665,monthly,north,131.38,1
-0.7513599878579247,0.8441109165747473,0.49319147518666784,0.9237701163291546,0.9433880766711968,2.1068308961742517,-1.502067372501518,-3.5653452677991195,-0.5768806665746555,1.9694618542815852,annual,north,44.4,0
-0.6153140527368625,1.0263722499851688,-0.6205702725882867,0.6263977318765378,-2.0046357152222916,1.04249940359764,-1.9203331299949085,-2.236937729006149,-1.3819170151600697,-0.1619041585390451,annual,south,30.89,0
-0.6084380306935357,2.874442206406701,0.3235182464958562,-0.324343947099723,0.939927953584436,-0.008141620397456029,-0.8739915037946183,-3.4211581560550184,-2.556345963142124,-0.523441748157068,monthly,west,87.08,0
1.9233439131886825,-0.28649344250894615,-0.3568062757469713,-0.22135562446704454,0.7555672217882408,0.9216637786694359,-0.06471824710112184,-0.585134355711408,0.5019084817824413,-1.3207110771624322,annual,north,79.09,1
-0.21314802751810036,-0.39330541652158735,0.04650159931252754,-0.5681085549773861,1.202876821817596,2.6472313006947292,0.1513100732709992,-2.376032425512261,0.14436509893377925,-0.2297140953461052,two_year,west,21.81,0
-1.657791604713935,0.9412586408535446,-0.06320646642975639,0.47095015529378653,-1.8082987984125052,-0.3484245231867902,-1.7301319218950697,-0.6312149990292828,-0.7066730745011709,-0.23089513648200688,monthly,east,25.12,0
2.5549622234652687,-0.9089691635545251,0.004806768029556857,0.5302625533950284,-0.4821500739985187,0.30391052491053894,0.3825790379190549,-0.7775516933782503,-1.4768084385088374,0.31706556790667484,monthly,west,32.17,1
0.11053912943695332,1.5197142710586118,0.21596398493573676,0.4980847457259984,-0.8979358145959335,-0.8938009111839973,-2.8445216814139194,-1.0157138060980309,-0.360770434437685,0.18411214204748635,monthly,east,25.29,1
-0.2529358926443017,0.37386139344695035,-1.5548127241115668,-0.24862644075187756,-0.9938169007946912,1.219226310594344,0.41358692286345256,-0.10351580991823373,0.19209724720689625,-0.5689135128379644,monthly,west,42.85,0
-0.6452837258435833,1.8552678539390195,-1.1967316081202444,-1.1232395253057297,-0.4704736710245929,0.7109459970310681,-0.7064990896557675,-1.2274103057390806,-0.31320348885213845,0.053804966910520745,annual,east,94.82,0
-0.39488154731629266,-2.733828204502058,-0.13765804502424103,0.5392062570269333,-0.3430191043693429,2.096472939217322,3.410150188716946,-0.002840140894081162,-1.0424299250661226,-0.580248950862311,monthly,north,81.98,0
1.9258676012200322,2.1992940006837527,-0.8315318329908297,1.7251338888791066,-0.9444259989600083,-2.2772958362191393,-1.2186282387066427,0.48163901704975864,-1.0266849838484573,0.6214468353134284,monthly,south,147.37,1
-0.7358634721512392,-1.1174306365043976,-0.6680704515315955,0.05715271601900418,-3.2074288166227007,-1.2943933376964303,0.6682865379873024,2.539269469400513,-0.6115203819489076,0.599120656995624,annual,east,29.2,0
-1.4765115689354131,2.6695174712647893,-0.9128321772900053,-0.5523485146672797,-1.287572513812614,-1.4422763285289681,-1.8818728466181622,0.33602374803112284,0.08938582640034731,0.6403716057187966,monthly,west,132.76,0
0.02434116599948344,-0.32102034039089133,-0.2865222198338369,-1.1660681985081824,1.5879724386023426,3.0968262819718118,0.4593410605055952,-2.4492640339278813,0.47920564172669766,-0.03663634801349847,annual,south,95.21,0
0.7426402388886777,-0.4858785830044351,0.2678317816756945,-0.641029875128731,0.871544727796839,0.7513875998734476,1.1291495108199083,-0.9706826623856328,-0.8755343329171492,-0.8698859894293733,annual,north,133.94,1
-0.2897897228682801,2.6529625432750166,-0.6462026515229716,0.6186611375865906,0.430917192154854,-0.4576326237912747,-0.6709344704554283,-1.2735597589158942,-0.8616537232115511,-0.9538926575354835,two_year,north,27.24,0
-0.5242125645197799,0.9599105000216221,-0.5526383919377167,-0.5899147122762289,-0.9802421726961571,0.42560917354617356,-0.4697171197022949,-1.2178070218615642,-1.1663758823399752,-0.9747466156959451,two_year,north,32.89,0
-1.1751701373229944,-0.0564641141708111,1.1573261856380088,-2.6886280265761715,-0.3357746462597354,2.9617041091051375,-1.127285621397625,-5.503265529000639,-3.2562969487025413,-0.08376793090518135,monthly,east,132.2,0
-0.6009146069632237,2.7986295554971665,-0.8958346331302204,-0.305537773900283,-0.9001183539061979,-0.5310227396183589,-1.7452377518380993,-1.336094194609618,-0.9877711356701697,-0.9499403427796911,two_year,west,94.15,0
1.0834948709100685,-0.10792658061260074,0.15549007910680462,1.0565895947787611,-0.8575341810069068,1.4490673279079405,-1.643210479377787,-2.708523151730892,-1.3391971494691928,2.3007654315983244,annual,west,92.6,0
-3.463518981272865,-0.26603988385258903,-1.6914566740990846,0.37178627149547855,0.38825714323884375,3.8447439560288665,0.7808393700808081,-0.3448626816308667,2.9823991609492326,0.48365327555652,monthly,east,21.69,0
-1.848039387348606,-1.429652286011495,-0.13916116414333474,-0.48338959462746733,-1.551645394075615,0.08589202765305037,2.0845281164957825,1.2569029711032298,-0.9000168012246559,0.9090746991074171,annual,south,103.49,0
0.6827545988180242,-2.051258685348783,2.9615410634975463,-0.02606425552572448,1.2723107609497835,0.07931290026922733,-0.5537838474071404,-1.8763412343019221,-1.3704392296807604,0.4342210528739549,annual,west,130.2,1
-0.658702268457444,-1.4848366747107187,0.1623719876714056,-0.7581410787849708,-0.5215376337595476,2.7609161520752865,2.2989112189132865,-2.8782129246502173,-3.039668411046884,0.5450085781334899,monthly,west,149.5,0
3.339918607139558,2.7275901148030837,-0.4271731448627137,-0.876234206689714,3.3271308701028826,-1.8911384867981922,-1.4710602404469706,0.8040907327031305,2.427031523258155,0.15996346338248804,two_year,west,76.28,1
-0.15671677320971678,0.8945087989277803,-0.4087079379094711,0.8937039596808539,1.2597139988662338,0.9147565549944913,0.36473332972753236,-0.9879847749175552,0.26704803008569766,-0.7367001343942283,two_year,north,60.48,0
0.07556375888290212,0.8960217389618825,-1.1729604126335633,-1.2324969259333314,-0.8308556370165661,0.4925632828793949,-0.3426922392177636,-0.30756643401461264,-0.041915522990583876,-0.9036806010331047,annual,east,72.62,0
-0.3526786611155155,-0.9361300079272269,0.2395491935094275,-0.5485042102598053,-1.6858967257885908,1.1933401554780563,-0.11705706634382995,-1.739762256365456,-2.0203814030006733,0.017432876226521177,annual,south,49.64,0
0.41335744134984065,1.1751091483459128,-2.097664801613312,0.19977328077637307,0.6952854572230831,-0.7004112221932963,-0.2270167397701035,3.501494213759201,4.3084097017223595,0.8555347213331205,monthly,west,49.39,0
-1.897021054622157,-0.8176407182294716,-2.8653299236917973,-1.4566412206739172,-2.715050695376297,2.5294427079419393,-0.8510527091005697,2.1122540468006683,3.914901341915914,-1.5903115722791097,monthly,south,76.37,0
-0.8813499766390114,-2.0478573652718817,-0.3848569838830308,1.3031606567979317,-1.6670640202413884,0.8340819141628698,3.5487983265798806,0.5275065013242158,-2.3383779201351063,-0.9866418892922382,annual,north,108.99,0
-2.5077368744797273,-0.5601023649803957,0.5608979709238369,-1.810672432980341,-0.8853443822996119,-0.1297197526672753,-0.292461628423595,0.5904911675673887,0.337274002982781,-0.31933648699535744,two_year,south,105.9,0
-0.488008585882338,-4.313674317867406,0.8413857652330946,-0.42710119619121945,0.3753277760574394,3.577355641072666,3.2964009947633706,-1.0675327995091313,-0.6582657508262437,-1.7471859909079812,two_year,north,120.42,0
-1.1194784298450136,-3.6497137763745036,0.2531427552651387,-1.076915365049572,0.383812674710015,2.2870079861723145,4.106799739170778,0.9085652069765634,0.08594948412792047,0.48526569072748393,annual,south,48.19,0
-0.21378628148805656,1.338893251550895,-0.5486339540856827,0.7148460990398952,-0.4346127488166682,0.4172854297198102,-1.2647520066486415,-1.2589704321636128,-0.29764056405911266,-0.6042613258468924,annual,west,,0
1.7641859459846079,2.0559655409209223,-0.062003419297802044,1.1531812679914322,1.2505020415107595,-1.7371803124377188,-1.5336332518781297,0.19720753850590453,0.6429726847640546,-0.8353791985064067,monthly,north,123.38,1
-1.2289782544075045,1.6090734924722314,-1.1126938482702662,2.1063639149913773,-0.7449825550766627,1.2478934946713827,0.15477074356989173,-1.9865505751931922,-1.5152318473401256,1.340714405807467,annual,east,,0
0.5157734926808197,0.39442210124940424,-1.4236218032196886,0.4816715581216868,1.0654949225414634,0.5173308429249204,1.4821839526908605,1.3159931784768286,1.675453602040439,-1.315772935013766,two_year,east,80.54,0
0.4712758032170885,-0.046069070615769814,-1.2267214691907744,-0.12630487023758108,-2.5741718346188804,0.453884830744695,-2.8601766743823664,0.621505586637234,1.671641223790387,-0.9143450877559793,annual,east,40.57,0
1.079757789846198,0.03991640448863698,0.516491016958241,-0.6006480254908008,3.1281388570092656,-0.04525641408273384,-0.1966856180683676,0.767443437569823,2.827178621840706,2.6782095569526696,monthly,west,26.04,1
-1.2034267279786555,2.582492248880982,-0.7998358024202863,0.025309299080698018,-0.11237823654346302,0.05667717115562709,-2.2748286210305317,-1.0461830075612717,0.7586083566624735,1.2837253851653634,two_year,south,80.3,0
-3.1376445636818446,-1.8078048534581428,-0.3276292546989163,-0.3992228108335229,-3.1240961426991998,-1.4046883249319317,3.2888956214820118,3.3504846031752584,-1.5231599605695818,-1.3892351443257231,two_year,west,105.06,0
0.7352801786896079,1.0916856336704508,0.6511349106261815,-0.540104812275719,2.165851044167634,0.01286241611210448,-1.6756462697070442,-1.0562373937302838,1.318488258535902,-3.173260553453932,monthly,south,47.63,1
-0.2760789846815751,1.139535059666075,-1.214522526086494,0.014456673780309038,-0.5286068359093125,0.7641654473164655,0.341525196028283,-0.8114904202447643,-0.6596398274865516,-0.15709491472448556,two_year,east,71.99,0
0.22877805500470894,-0.2640572019792986,-1.625236204433874,-1.7333633422927992,-2.903361621919359,1.0764296728735971,-1.4760207758048485,0.21686052138210452,0.5592312366777721,-0.4784334464561094,two_year,west,84.69,0
-0.46598610915712424,-1.1455746911383622,2.101804361837928,-0.3055004225796944,1.1480644337807837,-0.6212753030342277,-0.9913358074758669,-0.021496415554702886,0.6508596854061854,0.4760153316035269,two_year,north,144.14,1
-0.9516380095073949,-0.7846239212555637,-0.07900996662776938,-1.289059337337884,-1.510716164171408,0.22557344669463486,0.3080269713827788,0.23882008571331345,-0.6696749128015353,0.16312594652023077,annual,west,134.07,0
-2.903348805269193,-4.166340420080899,2.8331564140117824,1.329755804074268,2.145223392026656,1.3367484226620188,-0.04403261453293339,1.6416999945208819,4.12353694616697,-0.4903904116667924,monthly,east,133.63,1
-3.000177347138107,3.83815366738425,-1.1020940978006382,1.7089375516886798,1.091334769612203,0.5683699882579423,-0.24743265045031393,-1.9991676534238854,-0.3949974793354134,0.037987482030673446,annual,south,149.56,0
3.2354380139859953,4.011922407477792,-0.566054366613076,0.7008347640164869,2.8823856787131685,-0.11854068004028218,-4.587347655531359,-2.4788321881623987,2.2418510486886727,0.6101732948811932,monthly,west,120.55,1
-1.8538088891987554,2.11099842945148,-2.145615130839767,0.7807118105312092,-1.6411456948009842,0.43058922329486105,-1.312965488505102,0.48510090988866383,1.3443437968026835,-0.23075009582304717,two_year,south,46.4,0
0.762600038190122,-0.7232875658581224,0.7306325804126023,-1.216846331138075,2.465635916296259,-0.7818780195372019,0.10500132701141607,2.0814587521721277,3.04080368873482,-1.1919521657144725,annual,north,129.19,1
-1.3841119408953408,-1.4867222346852467,-0.23824399769640628,0.03718499143085244,-1.9661600243767605,0.5296132733186003,2.500001715546156,0.265432313608139,-2.2640161320811023,-1.2864067064223406,monthly,west,41.61,0
1.9841648987217355,-2.781288376275172,0.3188455685604356,2.0278501862533607,-2.027475725076366,2.6496219992917096,1.6685704059717883,-3.211683199664286,-4.302218598637737,0.3710908830222651,monthly,west,135.58,0
-1.2241855410269422,2.6206262756839678,-1.056093617252641,0.10875235647432026,0.14096695247023883,0.46475945249464223,0.44728207900614625,-1.9094574381981408,-1.7001717214659178,-0.6496152835417048,monthly,east,64.02,0
-1.1072137041503,-0.06725485278054233,0.8002695154533915,1.107813975503903,-2.2149093957921933,0.10181906012243569,-1.7985326943947983,-1.9200677498187502,-2.2087114403003034,0.4062845756130016,monthly,east,57.43,0
1.238674550481295,-0.4934253678134274,-0.4793889141284065,-0.8416107262327259,0.4081080199556454,0.5575465166403564,1.5095620564258867,0.0046071514762685275,-0.4455479456509356,0.3257872747220139,two_year,east,98.81,1
2.5636210437366023,0.7120233171992134,-0.9881432196585404,1.6577037222540072,-1.2512434086132855,-0.30710373190672824,-0.0576192349106166,-0.7811376550773568,-1.97025709669696,-0.43006284333015793,two_year,west,27.88,1
1.3657671878178108,-0.36321058626546443,-0.006526606989471863,0.18916002810584082,0.5972618467088289,-1.4054351161526246,1.8450400699211396,1.6756129339242036,-0.3646821158539657,1.8286296038329652,two_year,west,137.92,1
-0.568429067536538,-3.2904773517412984,-0.20531543062906563,-0.024114958331665395,-0.6062078636594175,2.3573597186526714,3.7785049818109027,0.3184777393360852,-0.8948670818797541,-0.013195362807957498,monthly,south,,0
1.3273871218284354,1.9405261596443102,-0.18086380463115406,-1.2303242201542366,0.20777909052589993,-1.1107231045470232,-2.431616959285993,-0.5205876963025402,0.38930730574801165,1.162035502056505,two_year,west,122.7,1
-3.5874475374998727,-0.026784569693145355,-0.553966306303829,-1.7277109543074738,-0.23215346917565782,-0.6641007924084623,1.1230050825344446,3.0956008133932285,2.382232618500282,-0.7351450975578122,monthly,east,112.37,0
-0.8960731930085268,-0.3003107971134773,-2.538890187129894,1.368547171021564,-0.27022919210489427,1.8308352557935068,1.6607330721658822,2.1593646513765337,2.9862915840866124,-1.6321467167505253,annual,south,111.54,0
-1.3442032635565075,-0.04383863050718706,0.7523901814284061,-0.6853714944101648,-0.5441132051384612,0.9884295667095795,-1.7407830610172002,-1.8820062017218282,-0.37431556461921145,0.3858235085900395,monthly,north,89.24,0
-1.8269180528531797,0.2703295385644403,-0.8469271452100202,-1.7635416164464268,-2.5128020475994304,2.270123098432708,-2.5962766503777814,-2.0539543685889217,0.12875924404273675,-1.7040295428227328,monthly,north,80.67,0
-1.9764488376231908,1.5075289610371563,-2.144752716911445,1.0049916605182694,0.6704320139913773,1.383670894283005,1.5324454646123784,0.701104561250082,1.749714894555357,-0.21350786359944837,two_year,east,103.9,0
-2.9230243831519327,-3.84226134998815,1.9321458424975873,1.8038183563799068,-0.46610157986342204,1.9858941688884548,0.5644257500489815,-0.053006430428135534,0.7385907425860796,1.0362904818574241,annual,south,109.91,1
0.5430536041242129,-0.6336043928186865,0.2819986625326499,1.3928074584588905,2.0875991209624205,2.972148816676724,1.7998213732178874,-3.20171658523081,-1.283852921536245,1.1857368736103746,two_year,north,50.66,1
0.7744322438215205,0.28357780822064127,-2.0282940993445893,-0.6477972878888468,1.3921403166579502,3.260337868010161,3.108479521563304,-1.699936020264178,-0.4268806664649729,-0.6007641514890094,annual,north,118.0,1
-1.9623261861589858,0.18726094365246126,0.40140927338660864,-0.8300515313573421,-0.7138007613306341,0.616717483145563,-0.4491154881366626,-1.300358139062163,-0.9753398787734826,-1.616620835983898,two_year,west,141.76,0
-2.0338238095848666,-1.5865976692149415,0.4638113747656114,-1.034962173147932,-1.1291455075630599,1.423910984956345,1.7997135034221563,-1.0300472741436613,-1.9865401422658002,0.6003064125333778,annual,south,125.96,0
0.5144815840908867,1.9304968246429168,-0.5506525019595134,-1.744729214693069,-0.4918550227515377,-1.0849088795422186,-2.46462245596008,0.03644203847952742,0.7409797175799575,-0.9165420067397688,two_year,east,114.98,1
2.0475136657603237,2.1357995028183696,-1.410499458511496,-0.04398974617062331,0.5894456468280367,-1.3304859416059451,-0.03558099122640124,0.9002460675167938,0.4091223564948673,0.3569513735018032,annual,north,126.82,1
0.7448476582188552,0.7569217113121349,-2.219964403005433,-0.5732575193025329,1.3187243603830259,2.0635303338487674,2.455759871312817,-0.16340032749432448,0.8118230417319816,0.6144484177410895,annual,north,20.9,1
-2.0924236824809244,-2.5582568919984294,-0.006315534047233881,-0.3520163083111296,0.5493765392611873,2.3419619492439274,3.5062230560266587,0.5202538067355441,0.3929362344802938,0.5151658020174739,annual,south,42.73,0
-2.1958121962038155,0.9506709447972425,-1.7430220117219108,0.3359569465474798,-0.7330229442026401,1.929142428541677,-0.4280340426479362,-0.22815094081311682,1.6393680935695163,-1.1736702052790275,annual,south,64.46,0
-1.3189280787968567,-1.3222867101220235,-0.39851140329025186,-0.42262436793461594,-1.7934448810001509,0.028926734860322934,1.7841004328389234,1.34825023179437,-0.7833687511179984,2.483539443219404,two_year,west,115.36,0
-0.5159391948761753,0.2963059209468326,-1.1017174547681152,0.6773587842903864,-3.527988671559092,0.9374218262006045,-3.636675091931716,-0.7110040186775162,0.5954177839304673,-0.40986407849776374,two_year,south,147.19,0
0.5395924031444013,-1.0657628577234173,0.3159747284349537,1.06037227414449,-0.1477824256288851,2.215003554141527,-0.06794982493258384,-2.5062096905048916,-1.188871609578992,-0.8053878962969111,two_year,east,115.27,0
-1.0076107096755458,3.764362992877347,-0.1338979506103197,-0.780435595040926,2.026394760432149,-0.32624257622664454,0.6992675471044016,-2.9851440504056197,-2.6651936226288346,-0.9621961644601206,annual,south,82.27,0
-1.7307579047047925,4.33951909545959,0.608623666562436,-1.8068734652852891,1.4001106257939222,-0.14462505566194017,-1.0850566221309965,-4.915263293941817,-3.815903660659611,-0.7862883665048687,two_year,north,139.74,0
-1.224184939483062,-0.613842014550539,-1.6758283375039862,-0.2353199894733834,-1.4262812350868024,2.0206688739448557,-1.490151633379076,1.152578725584283,3.4869008475025085,0.3910112207495335,monthly,west,69.1,0
-1.4201023259727166,-0.6734198705671283,0.33183354069684623,-1.391241100024617,-1.8483491766279077,0.19839151394797205,-0.20793879010993432,-0.47455698695004,-1.3515471164039667,-0.9727102105487251,monthly,east,103.42,0
-0.6624301555359394,0.7272977040051471,-1.4164318065892854,0.5943690221879255,-0.6147529846639794,0.5166481841696974,-1.9460020292735547,1.3455480820619063,3.2775204433524947,-0.0831540549497435,monthly,south,20.2,0
0.46138923161225676,-2.680962944833844,0.45889021323520146,-2.7362026327610183,-1.4956894087546804,2.376506106355649,1.7954070406145481,-2.2067180013960632,-3.019991917778765,-0.15966784937405415,two_year,south,43.32,0
-1.9880122684770463,0.8057924253393106,-2.6340877907757223,-0.989112267313735,-3.6187539634304557,1.3476219597868706,-2.3640183240059187,0.9818733087976819,2.215100105382402,-2.5014584751633904,two_year,north,58.33,0
0.9804609317173147,0.5633140874441455,-2.0849087990462642,0.7206362103016395,-1.1409350116150625,-0.4590156279546804,-0.774867916857672,2.669394918959874,2.717404920952392,-0.08941721632258223,monthly,east,70.31,0
-1.6396701014989283,-2.5593663692000383,0.12817599163361326,0.6464361640684747,-2.172199202705958,-0.002989825531769519,2.12905557972512,1.9533862914456408,-0.7007126190569672,0.39613122839596693,monthly,north,79.78,0
-1.3667583655423674,-0.6124282319221088,1.1556494278538916,0.6904212772000006,0.02238862395849861,0.03516158881705045,-1.4781133028769666,-0.1674893393974027,0.8885841195498615,-1.222689051268732,monthly,west,123.57,1
0.8148185240324028,1.368711062488111,-0.2294201067197527,-0.5051789370958055,-1.6594911090655713,-1.743996180588562,-1.1224937873728382,-0.2016886198800561,-1.9048708370003848,-1.1118496996872116,two_year,north,56.38,1
3.0973325258596547,2.0818778806438853,-0.6277347773886494,1.1831154225439093,2.909990373748024,-1.6947775561908034,-0.5593348365687323,1.333080834252497,2.278303235097773,-0.008753497019062957,monthly,west,30.75,1
-0.7937327686311277,0.5948567993940392,0.1868670229809418,-1.8163895631874567,0.1519007903059979,1.1121712844566365,-1.1580151558016594,-1.8937143207208198,-0.22079036838985333,-1.116649240610206,two_year,south,87.78,0
-2.230735766950232,0.20934318052840406,-2.173910826283909,-0.06510194067044595,-2.375720285772185,2.112574817878694,-1.5189304690990546,0.5943814148610138,2.5194766806193547,1.5322296036955956,monthly,east,147.55,0
0.7686540195408325,1.1759789000643963,-0.9451203673474357,-1.253368674058296,-1.2967947246266727,-0.61296779088777,-2.487787097791248,0.497476918195009,1.165499829447033,1.3509885433929205,annual,south,72.1,0
-1.0518911393979504,-4.381734953090332,0.5708834516462905,-0.329229478460058,-2.2665053784952254,1.6106129100172808,3.4894647158099157,0.6750597196980076,-2.0556699975415773,-1.8222722967917298,annual,north,53.43,0
-4.044401564591221,0.4186056351944356,0.4448149933394976,-1.5749218129611338,0.11820420107656271,0.20703391505815083,-1.2367073297448123,0.645340437931252,2.200159025225435,0.5442485910235811,monthly,east,120.92,0
-2.0710056672355677,0.6487839336703245,-0.054339994156111425,-2.5314768268778556,-0.9391363009133867,-0.07118516583137313,-1.0038219950117484,-0.07965060455949119,0.19714678396645047,1.38326086459851,two_year,north,100.03,0
-2.9420379768458504,-0.47573563153935283,-1.358900066072044,1.1426815429661024,-4.300125434700016,3.3250729873413727,-3.770730140406752,-1.8763284142247396,1.0690218569787577,2.51344421618378,annual,east,20.98,0
-1.6033154821392737,-0.015044010125574547,0.16242659217081634,-0.980230390213643,-1.039748796298826,0.5239019389630863,-0.23833771039373408,-0.9055053176850749,-0.972383546002001,1.155323243283325,annual,east,148.21,0
-3.9742880218265326,3.2746976125677234,-2.9410846772183934,0.0659326208607283,-0.25772821925772993,1.3177223301111973,1.053980907099437,0.19230691986040904,1.2098363189117598,-1.0966049213410511,two_year,south,83.56,0
1.0395806134888812,0.58618576860833,0.5679513622862121,-0.773001815850267,2.779601390773176,-0.8383833337143295,-0.7073683645001116,0.9642398566272856,2.5624185263704002,0.020873762679035412,two_year,north,59.52,1
0.4541291580074085,-3.677295075369399,0.5469391016751479,-1.0315178700764378,-2.7762087851941453,1.3475975789735366,2.881425630345225,-0.7429969404198105,-3.871457824947081,-0.3631218693998007,annual,south,106.46,0
1.455806188857679,2.2922654001447107,-0.25860102038221555,2.523979917465318,1.6033185952324263,-0.9062294496189148,-2.865635456118453,-0.12857382713953527,2.232016594110239,0.4879401582496946,monthly,east,57.12,1
-0.8024444848501338,1.0507369530225343,-0.07841516268971359,1.1125993313442715,-3.472058257477857,-1.1347194258560074,-1.7821399421652564,-1.1624511472003394,-3.0604624932859457,-2.435876374283883,monthly,east,80.26,0
-0.1755945934948988,-0.5148570337786011,1.1327419599654216,-1.1441840320785917,1.299285672973892,0.8937178902014129,-0.01319245923240353,-1.6195873656824007,-0.416203213744161,-0.11828322972313124,monthly,east,104.74,1
-0.38880194441611937,-0.4082349329293562,-0.4039241119440227,0.22982058181229695,0.5288930292930334,2.5477797142928447,0.8167808561557477,-1.9911892751840201,-0.3483998561518725,-0.614722102916994,annual,west,35.84,0
-1.851893373054541,2.242833305317594,-2.3485282094431175,0.9698669107144143,0.8972475880584957,1.9447279436274365,3.069431241110735,-1.15281823231574,-0.8494476590497845,0.874385449821046,annual,south,80.74,1
2.858010864959933,2.1648033514939686,0.07574992077961144,0.7503948121716152,3.407799828555941,-2.6555341278969395,-0.13196368190106866,1.5936181927865183,1.711045523573361,0.3916592130375604,two_year,west,115.58,1
-1.7867764442194152,-0.7714531165139523,0.055485527062834904,-0.09704480120611353,-1.0400799072211218,1.2037437996633027,1.7963316280885167,-1.1775249419556058,-2.2178176692052,-0.7425372598052549,two_year,south,144.87,0
0.17741402659566274,-1.4921138164413756,-0.7578000677213271,1.2794474703977505,-2.2514031352355808,1.5657068451701517,-3.7884894015995503,0.9014085046624571,3.721476754567499,0.030610618736885815,annual,east,22.78,0
-4.047310363062406,1.6045852893159025,0.5477323817125322,2.1655187123339674,-1.973681256716606,-0.8539300292446597,-1.2346167744333165,-1.1473819738642617,-2.041012756373683,0.13774955348893733,annual,east,128.22,0
-1.2807819522729298,-2.420112875653172,-0.38919850387481447,1.3689635817321615,-2.205797424504307,-0.4281841151120436,2.6551356752147495,2.9364509289880236,-0.3000345380580255,-0.9412691150513713,annual,east,142.09,0
1.1884038107529813,1.6572196370215657,-0.7842057159629668,-0.7391962388691583,1.3421819804664954,-0.33854489516601227,-0.5587487665261823,0.11967159556965205,1.1855554345970898,0.6324663577060502,monthly,east,148.16,0
-1.395571205598629,1.274049660167134,-1.44596343626832,1.1204637148081613,-1.9539140587750914,1.2220923320510528,-0.9122386967936068,-1.2723229607676576,-0.6602360500756976,0.2007872945190227,monthly,west,141.92,0
0.8027862828491538,-0.8645072888630437,0.34979925712825594,-0.061258421666952806,1.541533043266074,2.0272764972029895,1.931549283666221,-2.208394766045085,-1.4210924615648335,0.89296914330783,two_year,east,36.8,1
-0.4164976912680791,-2.996854751870357,-0.3200368170863828,-2.938772350906615,0.2526055669107543,1.783094292545508,2.9101488238497564,1.7168017665631121,1.4276362404698069,-1.08817216368213,annual,east,135.18,0
-1.8878677524071412,0.9569234679854783,-0.6197174739517708,0.1672824499664993,-0.45975911118289303,-0.1552742404626739,-0.23957231888191655,0.6268494251971316,0.7450978265061481,-0.02106876099855218,two_year,west,39.87,0
0.29740600815817286,-0.5372915268844232,-0.5422667901526104,-0.5243618530142361,-2.3710078274118773,0.5685123760423993,0.8514715801208149,-1.082011869486045,-2.8821555150885834,0.4940176895814743,two_year,west,66.87,0
-0.5886807502082377,1.5296931086375447,-2.965637805614257,-0.7390345962642376,-1.064434752602538,0.15690404853430595,1.0967378102591399,2.208697562258467,1.6525680250596042,1.4166549482161457,two_year,north,66.95,0
1.2665526625817707,0.5896550020567803,-0.4452142447004196,-0.024643991511925173,-0.3262346066012869,-0.3766098700187168,-2.0061687371772168,0.35844594870551644,1.340149706431117,-0.3286460044665412,annual,north,56.37,0
2.721327904028721,3.347268094543244,-1.3548863517539527,-0.4651071488982562,2.76926802590836,-0.07808894365346575,-1.4715259516162356,-1.0200817116875944,1.690764825691876,-0.26824333651669796,two_year,south,66.12,1
-1.2640217763878672,1.836827598553462,-1.5048457653219756,-1.3031255068921976,0.4080626048713265,0.785127251763397,0.806096296605513,-0.3555869832239752,0.28111562325456363,1.68861093170386,monthly,south,90.59,0
0.45581471520258776,0.7297189759120479,-1.0257960439732061,-0.9106649012708079,-0.3445003042141631,1.0862722269512752,0.9321417200890856,-1.4313242768609484,-1.5195820219570682,-0.8605793655879734,annual,south,30.21,0
1.2278684380564702,2.042808133046238,-0.6285070645475475,-0.25538634532134574,2.083744957038471,-0.18035876301771459,-2.2024990264737134,0.09326812025364456,2.9655243409416494,1.0310452122643936,annual,north,68.47,1
-0.29698038143805017,1.2164295499398912,-0.949466711008799,0.07160195134508004,-0.9321958948513743,0.04953826920416693,-2.6148191658430298,0.2967004677079611,1.9072405985956478,1.5772011525633245,annual,east,95.82,0
-0.6370592320986874,-0.08556516345183618,0.16683178791425216,-1.058973090019085,-0.6641546268828142,1.2264021245853374,-1.0596653374791223,-1.7188763677051595,-0.5554504861753613,0.8336822167150479,annual,east,37.45,0
3.0725522140255324,-0.6770191505908212,-1.2625335346085746,-1.241903257967196,0.6078297201560863,-0.9952888870230494,-0.2857481115403613,3.7458127406342028,3.9287769358012814,-0.12138782715407273,monthly,north,51.59,0
3.2242233158973628,1.4885842850106508,-1.2742182482351556,0.6236826142686182,1.1096041907160727,-2.3874233410711625,1.806083979145754,2.2623397072412734,-0.0830471886371309,-0.13201912811123614,annual,north,60.66,1
1.6405885889962466,0.6455226295736596,-0.5726497673459198,-0.35185587643361976,-0.2918810470116273,-0.00353097491690324,-0.12711754983382462,-0.7706496003942209,-1.018488990849881,-0.5466922624673846,monthly,south,29.69,1
0.3591579416358224,0.19251178857715634,0.2663406613882988,-1.2333929732868785,-0.2063077512561099,1.4495466933928889,-0.5156056777596735,-2.9255829606657096,-1.9451971091840337,-0.8618873562827511,monthly,east,125.0,0
0.07590366602707121,-1.3011510411706024,0.6313476975237229,1.2049417443979016,-0.6715481075591543,-1.8514312431059783,1.1928827494240197,2.3999868928293124,-0.2443783818017249,0.5746468616591267,monthly,east,54.24,1
-2.2517943397964117,2.2926731466516097,0.04225439407224763,-0.8024270617099172,-0.20643817265957554,1.6166977807828158,-1.2950626819670776,-4.26054045202042,-2.4293144878892345,0.5862533695175539,monthly,west,73.38,0
1.4027923675621843,1.228126115770634,0.4515845617696295,0.6241600222729438,1.1913340053751829,-2.628086278264978,-0.9457051294752182,1.6118704654406804,0.9801739216686031,1.1472940350327243,two_year,west,72.7,1
-1.9157877263109842,-0.514817564286643,-0.34394524464843074,0.35679203374078416,-1.9147671221428495,-0.7964431324386674,1.2941386920766749,1.6196793112420491,-0.8034057658043434,0.5024142034628044,annual,north,59.62,0
2.5196118109956145,0.5379419939781178,-0.8329336103941958,0.9514997646439075,0.5256172843435793,2.120221837785534,-0.7956990324655422,-2.7524582036682195,-0.5432997962646949,0.29681479018147616,two_year,east,36.61,1
-0.8334010792993856,0.19832365145261943,0.42402756330138314,-0.6234211003552175,0.4180499663209515,0.3975813664580621,-1.6802833897631984,-0.3954011069824106,1.410598702683774,-0.03599627157952417,monthly,east,136.16,1
-2.0211080748338137,-1.779557849994113,-0.22506290391270442,-0.5191011126952588,-2.1591630269659774,0.5184263092060951,2.773762673936929,0.7405634627841516,-2.014055361750278,-1.7071228204675448,two_year,north,108.58,0
-0.18854835269351555,-0.513939448820175,-0.6800503242132144,-1.5085636380099148,-0.39548736658549855,1.8723122243693404,-0.31442300319828453,-0.7459432871912284,0.7714337926755334,-1.5421167287646407,monthly,east,54.7,0
1.9870489285041164,-1.9764661335794649,-0.039105094908383334,0.0671619913499834,1.112522566696562,1.1817749416201164,2.9563901323438286,0.08271587245776157,-0.6286621212746181,0.5810822169542632,monthly,east,32.02,1
0.13308614618367431,1.6445051434138613,-0.7713673257159982,1.1875697431425443,-1.1614248374805942,-0.24692989388760656,-1.922623078114165,-0.7922665237068746,-0.28589312933421707,0.28884037898494924,two_year,west,36.05,0
-0.3120988943231463,-0.5677822876031609,-0.9073676105358043,2.12051919227064,-1.094788351340547,1.2192536781047623,2.619580380388051,-0.7147078921615496,-2.312587086685944,-0.7955875828284251,annual,east,55.94,0
0.7006956636255224,-3.978968000037431,-0.16845280391779774,-0.7081341965179033,-1.0157039168605548,1.9034455493437585,4.480419619448455,0.7692301277527391,-1.6753824581320573,1.3415900174983744,monthly,east,26.38,0
-1.6529376582492572,-1.3708309454153433,-0.07109239761610855,-0.8978943848534681,0.1437968573127999,1.6792238614390196,1.2006534269531712,0.1683383221600703,0.8961683153170414,-1.362516138093179,annual,north,38.87,0
-4.056060390042666,1.9029446655804105,-2.5426954402584614,-0.7144179586772771,-2.733540983737378,2.3428306579630807,-1.2232471943893644,-0.9463768231713268,0.7673218168703239,0.8375363896151286,monthly,west,81.75,0
-0.7057660930848153,-3.5920088988361765,0.24985623297593024,0.25655999575482424,-0.9112070184689074,1.2626347780024278,3.3101270839905235,1.4578822229959183,-0.4115108409237329,1.0650092308238883,annual,west,141.68,0
0.7825571293675315,-1.1899291905132632,-2.6238250076329668,-1.7972773069548778,-1.1868569024482385,1.2323200656459783,1.4647186138587287,3.0769216561379134,2.9314095130824684,1.144117494229896,two_year,east,76.43,0
-0.6170580258237537,0.9663148519091408,-2.142417492712191,-0.9861490155839824,0.09252126181256748,1.0128871075991228,1.9960095718256743,0.8122581097654666,0.7208157003148985,-0.7026326483953663,monthly,east,112.19,0
-0.7242712852853443,-4.174597688845941,0.9845173004709309,0.28211217909500697,-2.935518209556379,1.5208231300394048,3.0104032318535516,-0.6927186123511203,-3.841147178619633,0.36615008782711855,two_year,east,94.14,0
1.5287416462605132,-3.6889155407251586,4.612029686029675,2.0846930771152863,1.2359042652696148,-1.5786218863395676,-0.8693284803142525,-0.5571601191649368,-1.3780180680160583,1.560523271059688,annual,north,146.91,1
2.665072368192672,0.6906881236263986,-0.07846453278023328,0.1515384992790655,-1.8984258688519104,-1.5821706348850912,-3.8962063591782954,0.14386988404255008,0.31920303266951544,1.0837150589742799,annual,west,43.17,0
-3.5607638813891733,0.7986859388311464,-1.8548956944497272,0.6703228757583387,-1.5655596079218967,2.8803463664772613,-1.3029122894549001,-0.8021574064488141,2.0144148523819876,0.06425646845581746,annual,west,116.08,0
-0.16027114559403266,-0.47636600974314236,0.9053289615284638,-0.037290765564836945,1.5918674340170915,-0.11308734471308202,-1.1411971675047439,0.710969034642218,2.4581615424950414,-0.6253323039236924,annual,north,65.55,1
1.0628379892480622,-0.5160595779145822,0.7143303474357157,-1.0447000014506587,0.6935744840015718,-0.08905789345000015,-0.6466729960354496,-0.2518313450082275,0.3577663759567471,-0.6796706015173372,two_year,south,148.86,1
-3.027776390065989,1.3729298554512934,-1.7136039059948918,-0.5219786302416021,-1.1375472960475637,1.677721786071013,-2.526017034333041,0.2642523031849984,3.3656255844940826,2.2986265839664757,two_year,west,65.87,0
-0.191920349476145,-0.6138416064246169,-0.33741644851336866,-0.12526576931710826,0.17116097426203924,2.528882711697814,1.2779700053634078,-2.2799074348927006,-1.2960851932265214,-0.8607299031281136,monthly,east,147.24,0
0.6402830726071205,-0.3679998374364438,-0.2453444586486125,0.39541180233896994,0.6213891007782348,3.0395319251529886,-0.43124162610124084,-3.0281064058036953,-0.24953468330910467,0.726839209637808,monthly,north,131.85,0
-0.727948718575531,1.198402379706478,-2.0747731654354955,-0.002495622848037223,-0.5339413431033821,0.6390965667429109,0.5427198263605415,0.9835849151461015,1.2871871082160689,0.16932219361167142,two_year,west,97.71,0
-1.5195447718759774,-2.710529842221936,0.5398528806644588,-1.3883562973551553,-3.2713653777455276,0.6279154585979184,2.7578965002482714,-0.47538428674469924,-4.186694305789078,-1.1261427430224868,annual,south,23.57,0
-0.7012029006960613,0.7068540243363979,-0.37444938762158847,0.816613537487151,-0.21782415576848402,1.4500728103955933,-0.7696577754301466,-1.9246844493425626,-0.42926638977709763,-1.0494462840797074,annual,west,44.12,0
2.585827604124616,4.6757790493807985,-2.7413589989444866,-0.6224307079066022,-1.9800038675007379,-1.6967795241515946,-1.9950050963048644,-1.0999122305311804,-2.159249135104047,0.677644120174636,monthly,south,27.35,1
1.4069649738838392,-0.5750535744237777,0.5899975447127879,-0.09543446405053628,-2.0203967819845836,0.555461047199123,-4.148491298049426,-1.7129796660884054,0.060641141158937484,1.502877077667105,monthly,west,123.02,0
0.27451920582915745,0.6740091470901626,-2.2502232543072362,-0.7514071379989009,-1.9024094297086966,-0.009368859545716424,-0.8969611018290429,2.0280297104979867,2.047669302427126,-0.030271006825515544,two_year,south,29.61,0
0.1036962582354084,1.9553404012125988,0.08791346686584466,-0.11332558769553591,0.5409953907339946,-0.2037502126608064,-1.5350961197706763,-1.806866673470847,-0.7045618328990806,0.6287892112777653,two_year,north,122.24,0
-1.192811141052875,-0.1389366907915104,-0.8707792314006974,-2.3782131025364905,-0.25731390673588395,2.128148054663275,-0.6657296741219841,-0.6176976668958651,1.6023301361826734,1.7618857548999414,annual,north,23.63,0
0.29112296684358685,0.7615099080834725,-1.2291086999105736,1.4214918760453816,-0.744786211396232,0.06992859943041618,-1.3951951653120502,0.8789346746898999,1.7783875012014914,-0.49760161251906715,two_year,east,53.18,0
-1.0253242346644664,-2.460753013413421,0.45295614260916467,0.9498695512019589,-0.8869729411594174,1.0781306906204613,1.7331232224503696,0.43024616360371204,-0.5176148982945199,-1.4660900123780396,monthly,west,58.69,0
-1.8419201369234584,-0.7748973610076966,-0.29638186707728537,0.39579366293806756,-0.33591464455525943,1.0556687050080362,1.5577220224841715,0.25735193242665694,-0.025055488572215623,-1.4388065847390463,monthly,east,93.4,0
-1.9172615874282537,0.6043158276751097,-2.1786356078965197,1.401557817542241,-2.693525436630039,1.6534703558261563,-1.656733777857961,0.37569054534556856,1.7740833655807795,-2.5128680318462364,two_year,east,93.07,0
0.3668952168116624,-2.930258740588803,0.21272426444803458,1.455384421699546,-1.7721437288406778,2.027093692665143,2.4190053163557828,-1.265753973530329,-2.8420989839702977,-0.18473869498629772,two_year,east,135.36,0
-3.080016128928023,-0.1548943366578408,-0.40325467699204687,0.4343067355711835,-0.027999305723406476,0.019466205072279474,0.6725659940872417,2.0963985731839716,2.205566655744274,-0.5678329750840838,annual,west,102.86,0
-0.2714856191251419,1.4957333878685342,-2.016649993463858,-0.6478213876513836,-1.6636722779467306,-0.49537229746853595,-2.156088468521314,1.9499080607192267,2.6820593725116426,0.7847773959362193,monthly,south,40.99,0
1.6590783888592058,-0.38799495718755406,-0.7135717319591935,1.092925010148731,1.0609605496838521,2.4603070763259653,1.8224620425144198,-2.2360547646345186,-1.236974878094855,0.03136115408291594,two_year,west,23.51,1
-1.1389238868018488,-1.1815148245775595,-1.3113615256083184,2.175106254628942,-2.1805679615052025,2.5121037769741914,-2.094350084758836,0.24353642160556357,2.746545687377952,0.5804706569703928,annual,north,119.06,0
-2.8504754751561094,-1.6229838555800895,-0.1949833184855676,-0.2531624158164911,-1.655198682539886,0.7315173844680114,3.404825913115107,0.6841111584403142,-1.9727409064546406,2.141016502036485,monthly,north,89.62,0
2.5879655336944616,3.4243202581138332,-0.5594628382935621,-0.6346244338508542,0.6054037949733804,-1.987514059869588,-2.6980998450500873,-0.9109386290560262,-0.34061961652148764,-0.6028839045158826,two_year,east,95.22,1
1.5601530623406712,-1.1191347904628153,2.156403723196319,-0.8119840986729977,-0.009487566528776803,-0.3310155495014979,-1.6041827250862029,-2.0814586751745874,-1.9271396017385496,2.1166903427535,two_year,south,73.83,1
3.871020747784894,-0.033224643436930656,-1.3656129408709268,-1.9894527393124926,-0.19092291970775577,-0.3775408569234733,0.9939713741761358,0.8349253563185212,-0.37021544902321657,0.2966073330240723,two_year,east,96.68,1
0.2715071497027681,0.4429029809198246,-3.458402878610413,1.3287566951117409,-2.601851242696427,-0.5182103796071242,-1.354504673150843,4.938618921717785,4.988763062392129,1.3074777105631348,monthly,east,72.73,0
-1.4171701634379277,0.26346946749508826,-0.6485448533311713,0.8864310693026553,-1.3661242323346456,2.2877313894862983,-1.0301159059683689,-2.346053755134716,-0.674676526642497,0.8568347195971273,annual,south,77.94,0
2.1358559428713715,-4.768213245206225,4.85463131156148,-0.2681093303917096,1.0859468691742085,-1.657514801283436,-0.5328597800702652,0.14226558761841646,-1.1106817495208752,0.8454412412374773,annual,west,97.06,1
-3.3956630799137786,3.1624417787781214,-2.050367847385459,-0.892719223591654,0.8399878925137552,1.1743085832450573,0.8461879991819452,-0.5185612712995525,0.964952988473077,1.24195075343108,annual,north,84.0,0
0.1489578115983745,2.540468809002087,-1.7662276443569864,-2.127674981775052,-1.702017602883564,-1.316037935129435,-1.9953012884108823,0.9035782516340998,0.6293295593122763,0.7167454358343702,annual,west,27.68,0
-1.758975533521096,0.2423792246056231,0.4308388082140142,-0.9243107417187919,-0.3175829857178175,1.2689044817215112,-1.3074614651260585,-1.8902543272720191,-0.2382604144976409,-0.15303080305825256,two_year,south,146.98,0
-3.810488891278105,2.294277972736081,-1.95297063900414,3.346998130175278,-2.1761859005846578,1.8730929414209216,-2.1169662746570426,-1.3534627796599235,0.8443366421382285,-0.11617628067448936,two_year,east,131.17,0
0.023545776515544237,-3.3210087418673835,0.36779038628615324,0.2747459068748959,-1.2801205477409205,1.8250866189496813,1.8228573433173425,-0.028275924838744252,-0.8463542537705774,0.4448509757301547,two_year,north,69.28,0
2.294017051411013,-2.105398942778036,0.8094612190622791,0.3471078883276993,1.050112487842205,0.21204337751953195,1.7903389425280183,0.27696815527798385,-0.533329780766737,-0.8301985744692374,annual,south,91.05,1
-1.7798480023046759,0.9054018109625067,0.233122871814748,0.7138846666167401,-1.8319159550811248,2.179305211134688,-2.8052232910602073,-4.275251781600002,-2.016279367555731,-0.2941037705089008,annual,south,141.27,0
1.3853383044150118,1.4981829639389108,0.395319941263806,0.5275517088995669,1.8748925063473187,-0.13653989801573563,-2.8427543133219517,-1.0697666444710499,1.8469942111710849,-1.6690619538601172,two_year,east,71.74,1
-2.6318048373579064,3.3019942636258786,-2.0740108694003725,-0.22571163455481377,-0.9392029947693543,0.4410486880794279,-0.5111188065930266,-0.7633235520078607,-0.11717256343123128,-1.931231624458962,annual,east,142.82,0
0.1924751917392422,-0.16962308912881552,-2.0083114055500575,-1.411538434906668,-1.164027042081937,0.7472693103800805,-0.5288839509398617,2.135206339344662,2.945695094494745,0.43316044167487966,annual,east,23.96,0
-1.90967455206654,0.6560296134029451,-0.6801842168107692,-0.7279745474062467,-0.7760405859998663,-0.1728383893538492,-0.025209432001057852,0.9099965239033964,0.6923510848149006,-0.17239515341000913,two_year,east,116.95,0
1.3142464591183298,2.7366280178483144,-0.06013190363563945,0.6989146620434326,-0.8525427946598467,-1.7505517209766692,-2.6689230628685365,-1.6024770685575138,-1.8681409686126051,-0.5313387140743497,two_year,west,123.61,0
-1.934815954701135,0.058144417731982534,-0.15936645589067602,1.4574726035984271,-1.9062036632857575,-0.041076976388204844,0.4456237506421592,-0.29155550049779155,-1.7278827250182514,1.973198099660436,monthly,north,45.2,0
-0.6141364933822571,1.4946869608138669,-0.8079761333566449,-0.6099405732681181,-1.0064566639471608,0.6113161625422319,-0.5777492185800637,-1.7082513705624376,-1.4492358527795597,-1.9764985192958635,annual,north,41.17,0
-1.7049578886433883,1.5085982253453665,-1.0017606265644803,0.12133991556355125,-0.07870124005708923,1.2777740961053474,-0.8820374702752106,-1.079981464301123,0.7597436789992821,-0.15458453125717359,monthly,north,96.84,0
0.05968763489048512,-0.11519316483772424,-0.4545897409690227,0.7040029778785238,-1.5057948639565226,-0.8823726726833687,0.6383103932131984,0.966295315095678,-1.0150443056042744,1.571700398031716,annual,east,82.36,1
-1.8648370798050253,2.4457680858148443,-2.8506944948992574,2.110648299251283,-0.548752317775652,0.10874085581533188,-0.06102130087485502,2.0893242992200363,2.787391515353675,0.48893846494232,annual,west,96.25,0
-3.029530195856881,0.835615402127029,-0.828671248928701,-0.0454616215586661,-0.37537289280081254,-0.42803887038796407,1.2036163645408648,1.6709149600908093,0.8188522749901019,-0.16647860656909247,annual,west,37.2,0
0.6478143864575788,-0.37504226437388977,0.4265785563327145,-0.45581579689982665,0.1933626747245033,-1.3023723904726758,0.744531677718798,1.1715226366735196,-0.29571455523490586,-1.0611596622918873,monthly,north,56.11,1
-0.3692486119349875,-3.6225350985973064,0.3827164377191284,0.8516687854635427,-3.5347267908008564,0.3564247057325445,3.2252886165514676,0.6172766028957183,-3.7880523642819437,-0.8954753980783448,two_year,west,29.06,0
-1.3617316887028665,0.438886444532514,-0.021860977160167824,-0.04051950492202023,-1.1503221897336935,-0.5652313043066974,-1.6533578800592066,0.5924431703702218,0.8263968907197479,1.1305569766188666,annual,east,34.04,0
-1.5172747592418452,-2.49265490866461,-0.1890817541396281,-0.044271879682807276,-0.035683910670704866,2.5055299321659907,3.3296934039123727,-0.07329127213687055,-0.4156705303882221,1.0011695869463677,monthly,east,113.13,0
-2.3193665132500145,1.6376090675991044,0.03618226144580413,-0.1319618034785534,-0.5762694729575724,0.5252020794394676,-2.152954658550442,-1.738323083759155,-0.07595668512308118,-0.6699113820760161,two_year,north,23.43,0
0.000404630420190899,-2.247360996693728,2.0235402250825505,-1.5040020346341758,2.8319334293767264,3.3141008453206426,1.2916664236651711,-3.6565906607548064,-0.9048774876109402,0.3535354229215814,annual,east,90.15,1
0.43561055005656546,-3.4032496992330645,1.8373336956498145,-1.3571390422663732,-1.1369898742376556,3.2661238552369234,-0.06628934187010782,-4.083216975945692,-3.0212925948120257,-0.3235148253647425,monthly,west,58.83,0
0.3369542960604708,-1.0290159050218028,-0.7802063665219021,1.4126893014419577,-0.13055150906462154,1.594673574530188,1.5268592150132387,-0.10828679038941039,0.02815996507250107,0.05458118752488159,two_year,east,132.9,0
-0.41942565026752743,-2.4723223786394186,0.3939380661904954,-0.47745062687888484,-0.9488909780457494,2.346484469517585,1.6120488439199911,-1.5050433537863734,-1.6674152058856686,0.11750001179503382,annual,east,90.86,0
-0.8705051838924256,-0.06589629380715456,-0.5842027803844568,-0.6645675716000244,-1.5688361892695086,1.8137091532728524,-2.183304900840388,-1.3477732308658188,0.7267596457363141,-0.028312861152775655,two_year,west,149.68,0
-0.8322979545338222,-0.24623965046380658,-0.7531357136653354,-1.0025232792305192,0.8375107571604912,1.3284909296226073,1.5894287491649632,0.2877666366004336,0.9558513561647708,0.05418022485994737,monthly,south,92.94,0
-2.690311861102801,2.0634621676681277,-0.8474744510030765,2.3705756760118954,-1.037009097069148,1.530384012637529,-2.2247120695189926,-2.260807745730735,0.08353480363265953,-1.40856781163655,monthly,west,93.07,0
1.7230903069919759,0.9724475688346187,0.26646012901594546,1.6118609093743061,0.8318388997388941,-2.309531503611688,-0.5379083042531136,1.3377748654933033,0.3887181171759635,-1.9766396057704505,monthly,west,63.56,1
-0.5804487128666068,-1.644502814393249,0.5274093602211636,-0.9639398433049705,-0.15533256674600193,2.009993381336135,0.16975835003328488,-1.3582222678802347,-0.18110196418498115,0.13534773849491138,annual,north,52.8,0
0.2059560948843,0.20571376938582409,-1.0593678804059727,-0.5202697942744998,-1.662661617027652,0.6769271045794207,-1.8731233815270771,0.07085937597566663,1.0918884212814544,-0.17882654905652234,monthly,east,75.56,0
-1.6879103524722021,2.2860092246486694,-0.28113536016554164,-0.41855216157859887,0.1057231785603776,0.5526238418241053,-2.3093260985376562,-1.8862947667065735,0.33994531860018284,0.4851922904416512,two_year,south,49.53,0
-1.4646704309378134,1.9910713617519082,-0.7437126366817771,0.07720094324737539,-0.5944369866938886,1.0285430840066958,-0.803142682662183,-2.3659288305676296,-1.3416094246404118,-1.0615330641993954,annual,north,29.21,0
0.19621849749589426,-0.1304672481968614,-2.400357423427112,0.057486788340651775,-2.3275392522138354,0.39284405963413604,-1.720478137231309,2.88389102870009,3.6940661211048127,0.378241802967536,monthly,north,75.26,0
-1.8556784656470557,0.06555488835514522,-0.9278823372674874,0.9074963297137314,-0.7634444332966172,2.481360356776796,-1.0677637362946866,-1.2075070937427328,1.266917893181936,0.40082460535654435,annual,north,33.83,0
-0.5635083213320486,-1.8432949735391944,0.018605657833186712,-1.0863345316795212,-1.5116023967049432,0.8066770667402394,1.6613890125001283,0.11831439002364398,-1.4073099804450062,-1.117159863485607,two_year,east,114.01,0
0.37899447804621933,-1.4401394115951622,-0.5050787541862114,-0.8004799270987059,0.2665783104748649,2.561501131947548,1.931853601208517,-1.2664033056452095,-0.5893318063307376,-1.0195821577775073,monthly,east,58.79,0
1.2433254154246032,0.8156961736961736,-0.2647907523894132,1.1327067245771747,1.6332243106950086,-0.1634325712181196,-0.27285158706287016,0.19409845965959102,1.2892128468129906,-1.5892161703478822,annual,west,83.75,0
-3.022826474414204,1.3805424625733191,-1.7324697437638084,0.5833851010099642,-0.585063274246423,2.165243415520779,-0.4921257073809002,-0.6834999308490392,1.5419894324726113,1.6273772073735193,two_year,east,45.43,0
-0.35204663775650336,-2.0109684170362603,0.12023540231478719,0.36234973015813593,-1.2392275397248962,1.2605922369714384,1.5170142518233611,-0.33144911256273507,-1.299697299705218,0.3209525845990241,two_year,west,108.51,0
0.18894752987572994,-0.451805712613254,-0.5445411883116239,-1.0220496226508193,0.5453864734495462,2.8582007227888973,1.3772195504157185,-2.5449514944245815,-1.1585703725686949,-0.8396087946507373,annual,west,128.01,0
2.3694297818559793,2.007327038136799,-0.6737150016253715,-2.23520411041322,1.473867846283585,-2.6329035863201087,-0.22779112942939472,2.084853009111907,1.258401808066552,0.60778764863155,two_year,south,48.65,1
-0.6058934895946627,2.061560361779674,-0.056821869035824216,0.15768274728924594,-1.2193329904348083,0.27985559462380527,-2.5314419718196888,-2.921079517483069,-1.881752651463255,0.5437085584165667,two_year,west,21.02,0
-1.1067935694567077,1.7389488443786827,-1.4389669905243707,0.10498818293936146,0.4619584773860951,0.5655170828933768,1.4523770282507344,-0.2751153013556049,-0.27803856693887385,-0.5639812635225128,annual,east,52.62,1
0.28016021199559504,-2.507099986282232,0.317470745235028,-2.0205473934506726,-0.5767617522454046,2.2993454400087465,1.623477209849642,-1.3214612986970264,-1.3182781436906996,2.3122268061055133,annual,south,101.59,0
0.20350902805822546,0.19443356683384883,-0.649147374998719,-0.8767224865778014,-1.2097949722818053,0.25429524460354924,0.16278412257181907,-0.4194557536043564,-1.087581859679634,0.8827473749053264,annual,west,60.41,0
-2.1276876025962945,-3.9811870083380287,0.7475622843623133,0.2034351774453123,-1.4516167731672942,1.0279961045948633,3.29396166893011,1.7177603803453323,-0.6009217289855747,-0.37052304436609246,two_year,west,128.71,0
-0.8396000470232147,-2.4609653723280056,-0.3959784241773063,-0.9299874280188418,-3.4846703818601963,-0.7916040931610344,2.8735860861386437,2.372169381680815,-2.2644477749126803,-0.5912370049628085,annual,north,130.86,0
-0.7999555211299423,-1.532183423524692,0.32190601721375833,-1.9558524608928556,-0.8011471660369001,1.571966016638672,-0.4535269822133814,-0.6647649872605115,0.3432993025691644,0.28745548278336885,two_year,east,68.33,0
-1.3103282773163611,1.1511288639141957,-2.5614343271863436,0.44364473123423376,-2.558483683020987,0.8397768635875859,-0.8587304154080336,0.9978436889333,1.3220392705594488,-0.5539290825861171,annual,east,67.49,0
-2.665716649159352,1.2901313597917548,-0.08237478196896539,1.0069491715074417,-1.3326030703735416,-0.9024905247298822,-1.6204270085354202,0.43913816928095184,0.37888681565351634,1.7179503571347665,annual,east,22.15,0
0.48001096266868326,-0.15461586146089767,-0.4465978044268017,-0.932712355614236,-2.0002475365153822,0.6441047587624922,-3.2965075868872775,-0.3827569142869582,1.2661124950068925,0.25221471473490903,monthly,north,91.46,0
-1.6091345846869356,0.2219115526378771,-0.36485117252679017,0.8048422848329513,-0.9469623586791803,2.1520534795235,-2.1969233544938884,-1.8604894471725464,0.8750327956373855,0.7503770996894275,annual,east,40.06,0
-1.2478045836735725,2.613053804668695,-0.527997210579586,-0.07811171604907892,1.2205741655217595,0.5060830486330468,0.3244211536374353,-2.1314604318689963,-1.2050589412870094,1.3641499220349018,two_year,south,34.65,0
-0.7690536646383737,0.723840919164862,-2.2355796089834405,0.16834032021029557,-2.1370439571554924,0.7776273739697386,-1.1077941997246437,1.2140514446271136,1.8671795977089265,0.5739851318235674,two_year,north,26.93,0
-1.2629093268159775,-0.960123981425964,-0.520958723297617,-0.5491470395314765,-2.762554701880823,-0.4915517206309721,1.247368048962549,1.2800971536953152,-1.493674955762226,-0.7441296790748627,annual,east,43.31,0
-1.2859075321147004,1.7198766970514257,-1.8100895815408362,0.053687110611148774,-1.790411517860753,0.473792274990521,-1.615731364240867,0.10173169398732641,0.9646772850670634,-1.3175864900939176,annual,west,40.27,0
0.1282271660886687,-0.7131727137173403,-0.04278819311751935,-0.1476055305189089,-2.2625248382396683,0.6476085507286173,0.0014448871945047514,-1.426060350859783,-2.5688372944050433,-0.8170259185085087,monthly,east,24.61,0
-0.9102686644871406,-0.7271345179458943,0.03690339171293844,1.2704918189547914,-2.2738679722373076,-0.12421097749985877,-0.41918362767340067,0.13555447831109882,-1.0461725553286148,1.0064241044227458,annual,south,,0
-0.8334023899920846,-0.10910845360438759,-1.102254483858097,1.412620235073263,-1.5270017347123501,1.4494821255246544,-2.328596740389911,0.22495302024397354,2.4169287025623705,-0.2057191284273512,monthly,west,105.58,0
-0.20594910929721721,0.39949822071332286,-0.707385242482847,0.5715284889842158,-0.4802034282152656,0.704097779013179,0.4219984867976222,-0.6331460644664677,-0.6325198731272497,-0.3445629758318495,annual,south,70.31,0
-0.5248003315340934,-1.128003477065008,-1.0094802435385932,-0.4410466862858676,-0.2214434769289486,2.06216384291697,3.2111955275100548,-0.42276491557774837,-1.1446158322717426,0.4231081251502475,two_year,east,28.12,0
0.19581377288742785,1.6354973604415681,-2.7147724429094158,1.151556294586123,-2.2271465855445225,-1.1094821124407739,-1.8613349418856868,3.190792630131873,3.066305748595265,-1.7069307707586703,two_year,east,26.14,0
-3.582324395906933,3.5416890941960726,-1.250829865328428,1.8777796157418882,-0.866465540531819,1.3182687500240289,-0.8102884249457953,-3.2464245789194095,-1.9736878986326305,1.1830813285765196,two_year,west,124.64,0
4.596070380829405,1.2416563041374222,-3.5059625367841827,0.6313032903797192,-0.2763595873070004,3.584135765581721,1.4637799637292397,-3.165633233344093,-1.7835206735560418,0.12411014499968522,annual,west,74.96,1
0.7209227251663981,0.9226975898936626,0.013332566404920795,0.46555772189620376,1.4405551640055574,0.07210046767079659,-1.1111252995607253,-0.41215531042220127,1.3008002193116828,-0.47676353098588103,monthly,east,34.07,1
-1.6750861958042145,2.269968150006017,-0.5060172561383313,1.0888368083774416,-0.7642870993191365,0.6838160679098706,-2.219938766822882,-2.265983988858228,-0.5794845096722148,-1.6100027610382133,monthly,west,41.71,0
-2.7660199994934365,1.409800975502248,-0.3354634313669306,0.1543059999451481,-1.1882630420353497,-0.966604879340504,-0.708707509337082,0.6685812145261013,0.05218708486351642,-0.1565638291552998,annual,south,108.43,0
-0.2352389524486056,0.637106468902404,-1.2151398275174548,0.7983499457537883,1.5978326628764372,3.1204710622415495,1.608040167543515,-2.3903235557187354,-0.09917811774696861,0.632427062971076,two_year,east,75.54,1
-1.4479357734714733,2.2163346433237283,-2.17747601977659,0.2645940149698628,-0.4104001038599284,0.21139062873207726,-0.04364441322406154,0.941522243368808,1.5061571836448229,-0.9931888821240545,monthly,west,32.59,0
-1.239054379817318,-0.9775850892777432,-0.5208405683455198,-0.5553802916788484,-3.5559930916650195,-1.380140697832708,0.9717775011082059,2.0891219143772215,-1.6154822874104797,0.7298049352161579,monthly,east,70.96,0
-1.2785751735119262,0.2359422639051646,-1.375364979691806,0.035685284623154005,-1.8380527485961173,1.1390514105301786,-3.653835466416378,1.0943447328185731,4.017341115868965,-1.258394337135846,two_year,south,25.82,0
-3.1450903895357483,0.20386201150915406,-2.9255597725701508,-0.7281785108519576,-3.160555380569615,2.4501748526534977,-1.9789448751154062,1.5296592355718357,3.8820238370451867,0.12315244377497257,annual,east,55.23,0
2.2780012781395023,1.0032233587892785,-1.3254718171979953,-1.4294241040001305,-1.3155143694710998,-2.1621516184363943,-0.7316858275247677,2.330303623689522,0.5756386350540672,0.2409671950262778,annual,west,85.4,0
0.4513148791039032,2.413579378755567,-0.5496120209261446,-0.044678847673827765,0.1711194734919057,-0.7407698245441021,-0.5950446890749532,-1.255984534173521,-1.383578254905573,-1.521041394211808,two_year,north,79.47,0
-2.853149343601006,3.2995632724310933,-0.8568772675745236,-0.2518475282133345,-0.08804120444505426,0.6497456399017328,-1.6109737423848376,-2.2278914406791674,-0.39915005233949374,-0.355576467698239,two_year,north,119.92,0
-2.7941588233495604,1.3346598372598408,-0.9105326571157601,1.757242866364177,-1.7135330170185432,2.1752725365090813,-2.091806375287936,-2.480786288466418,-0.1707699251641801,-0.21097575803153945,annual,north,40.83,0
-2.872142195242411,0.5162008340434079,-0.3567307304771961,-0.6298411626294268,-0.46604864930913625,-0.7588195560815392,0.11663058806638438,1.9458384351842704,1.516481498593087,-1.0282484648398926,annual,north,86.31,0
-0.6200653736859045,3.0876569856943936,0.5249916632468026,1.1511858081907627,-0.7150808194185208,-0.4212749234653599,-3.316576872179432,-3.835514002633136,-2.64532941532999,-1.854260067421548,two_year,north,38.4,0
-2.0537950605252004,-1.0248088997113283,-0.7697297610618079,-3.2163049764538765,-2.4126742570126156,3.0903252292561634,-3.1733411550527966,-1.1615060865071383,2.2843651458567993,-0.5592282084452878,two_year,east,44.62,0
-0.5866756209531128,3.7825812100138356,-1.0024127786445975,0.31572326965899344,0.4814855010046044,-1.2486161109143277,-0.6213749801898832,-0.9524820234493956,-1.0456894425343841,-0.3678575079257395,annual,south,73.29,0
3.3871874272366123,1.7225640073456,-1.4537097252273938,-0.18151085658592306,0.4611711198896854,-3.1268059054896584,1.858491038558694,2.7631832568686656,-0.561860877060673,0.8326289224557389,two_year,east,38.96,1
0.41017746943147837,0.6092516444915447,-0.45204674262559386,1.1070607436794189,0.16446055723042607,0.0004114679744864347,-0.4099134512951229,0.02146800154692904,0.4782435419157439,-2.1024014707441436,two_year,west,93.1,1
2.525438175577305,2.8667259593779537,-0.6366790672830748,1.124299368660283,0.4063935544222772,-2.5227113146922457,-1.414197076740611,0.24063809623733326,-0.5505583861768999,0.26781978789905625,annual,west,79.18,1
0.17138446237294036,-0.01266769659700473,-0.29580425041314906,-0.8811533142297583,-0.4347580557541104,-0.568438796176514,-0.17031005707053715,1.0340085075888088,0.5792890987701276,0.015134496021851278,annual,north,142.47,1
-1.0224092546583687,-1.4744341484016656,0.4385924253816884,-0.8569270271451319,-3.1058241223105068,-0.5199741553867598,-0.69690616884118,0.5872305402605524,-1.2556412322063122,1.2357672898154768,monthly,west,107.1,0
-2.7709672898799615,1.21096823662266,-1.5818881492773686,1.5329406534717476,-2.250489169369077,1.8752546629748035,-2.6067975871105604,-0.8734295962702279,1.533555049053485,0.663374236957861,monthly,west,33.41,0
0.0003988797603200478,-1.251543915981813,-1.1675741999278118,-0.7200799937180561,-0.34754410474274633,1.3670184757103319,3.0210722950174387,0.74919199565131,-0.35312072192110133,0.7640562126843702,annual,south,98.92,0
-2.7002957374286876,2.9241675754102974,-0.5865197986452064,1.9421044192215893,-1.048055900619445,0.7985443301637366,-2.9762485877125613,-2.6794018027750472,-0.4580914935900291,0.4238483016059385,monthly,south,74.64,0
-2.4893358363266067,-1.5252597288888592,2.39336331867958,0.14326936262847872,2.319934997877172,0.7070677327823149,1.544827329258589,-0.9809627001926255,-0.3426366225480688,-0.8822813681533643,two_year,west,85.08,1
0.015368705014082273,-0.6821346281485847,-0.9546459000510064,1.7452952775944275,-0.55981574548274,0.43594340091233763,1.250803209542861,1.2904066878362401,0.6534382872278794,-0.9738101313399037,monthly,south,105.25,0
-2.9074617633038233,0.5762623353726066,-2.1674449396459194,-0.014806256903710263,-1.2266750756539948,2.5901666839534254,-0.2356612625174882,0.07101538164399335,2.175865055694101,0.3681338396112909,two_year,east,44.14,0
-0.6907781381878808,-0.14371647815281152,0.23193277127617196,0.5733463510668333,-0.2553152272913175,1.9475462124798224,-1.1216207222469659,-2.4436597653494965,-0.4820053777652491,1.1617681096400159,monthly,west,66.74,0
-0.7025692381377777,-0.34519516152770535,-0.09761938400848703,0.31234164535844405,-0.7345995833660548,1.0520018323706366,0.3171920536660515,-1.0935508321734697,-1.0175820644350835,0.9551726992721588,annual,west,82.45,0
2.196826805453469,1.7282774498008373,-2.2897585070690645,-1.6790032472563756,-1.0123609999006513,-0.670021105719607,0.30863157287171505,0.8760937694823234,-0.260466333749112,0.8147733359953947,annual,east,99.92,1
2.325254825724654,3.370283136015824,-1.112123022173062,1.1220802189046213,1.1550860854825338,-0.6042942815270727,-2.951567546711651,-1.1924801352707555,1.1198524282700568,1.7300164291180842,monthly,east,57.12,1
0.4919818532549347,-0.9611179614679619,0.7213528737818874,-0.8766099657806243,0.8060363191867208,3.7242932501955948,-0.5869117285233882,-4.6675436594263715,-1.4534383242469104,-0.9941782631890415,two_year,east,85.36,0
-3.0466096364561768,0.9197214423481554,-2.9768739891288383,-0.19819684983089023,-1.969012930323888,2.34217222239697,0.16313206039364436,0.8361125639523942,2.2033873800176464,-1.0392683389547421,two_year,east,56.21,0
0.7895264884635556,-3.0591965733922697,0.2799306182658911,0.14639502030327978,0.21126322610823878,3.8097643646138972,2.1719147073888827,-2.469144869283959,-1.3316517141114639,0.6890427526444799,monthly,east,94.41,0
0.5391975311190602,0.14381971703683016,-1.4217176601576937,0.5717778049755619,-0.20733752804324157,0.6609942005437143,0.5426808148653517,0.892060203046277,1.1795264306780127,0.8418881617244918,two_year,north,64.5,0
-2.3290003369111534,-1.6332827391053506,0.09447023430205762,-1.4577314164436959,-1.13184654952764,1.0215388119921864,2.7287860611417454,0.10289381291318511,-1.6436848511632336,0.04367520036459215,two_year,south,129.09,0
-1.4692488539866313,2.1961533180554587,-1.4964483512112556,-1.7677552952481947,-0.13121592029713858,0.7047545416475032,0.5051296308123916,-0.9393923634802576,-0.54609962052325,0.21101164066937755,monthly,east,109.17,0
-0.4433275872744378,0.6989685870566535,-2.430285560972238,-1.3592651756535643,0.24082110720259164,0.5965239604768481,1.1673770858398145,2.587176593023059,3.12189857256879,0.6823509919566846,monthly,east,126.1,0
-0.08067845617434166,0.27884152462289835,0.22537914491770814,0.3832253712454536,0.5503871552232513,-0.02793537055096107,0.8716225775550557,-0.6351760802090042,-1.0531636089762526,0.8066016066369704,annual,south,40.05,1
-0.7801122069685255,-2.320991508159357,0.9581709492136483,0.47629160022472083,-0.0489016177558832,3.0698220428718823,1.0621903845359477,-2.802095110459692,-1.602636206453588,-0.21324336319798998,annual,south,44.08,0
-2.9684927167837296,-3.033956655597238,0.4124224978632522,0.5756791722958604,-1.3580400369687256,1.3363680848153505,4.039884382412216,0.767288255340003,-1.7723876904805038,0.4434194963548135,two_year,north,90.54,0
-3.9036418719861823,2.6056729489724324,-2.3114218148946333,0.6431951080637882,-0.254582066324188,2.4551288703796743,2.0425794203064376,-1.9580155824841377,-1.139832788785787,1.5394688647741759,monthly,west,27.98,0
0.10051361374797341,0.16440038478484786,-0.589385443902109,-1.4294523799457053,-0.5503742371259053,1.7825334684591656,0.40968046554564685,-2.21329472083161,-1.6257095341160357,-0.8469003878282665,annual,north,89.95,0
-1.9575369329466048,-2.4206517295209258,1.1850642949278316,1.6199385597459712,-1.4696600058552847,1.4420590235915691,-0.1799492437346506,-0.8160437265332018,-0.6123051814638971,0.41818204494125655,monthly,west,63.68,0
-1.760700503735658,1.3924201042865074,-2.6138136529127958,-0.5656138658684031,-1.0388115727868734,1.0365330213378696,0.2843834975529418,1.3465722388974781,2.0654063560904845,0.5555467857591634,annual,east,62.18,0
-1.2818811024378514,-0.6607273553856969,0.6370333998124796,-0.08783259379425731,-0.25689552742015476,1.6025627287311472,0.5139881090536642,-2.2313059790736904,-1.7562790692196573,1.6123303938817504,two_year,north,49.88,0
1.0201453231807287,-0.6984453321959947,-1.026036084152894,-0.6273180467251849,-0.12452960300802784,1.5524898883718425,1.6665995528076594,-0.4214742673138157,-0.4785983731089608,0.8822139994435404,annual,north,20.61,0
0.22863761910849312,-1.9901196550939886,-0.531907620912876,-0.19175352521800382,-0.7755086913880035,2.1353210626104993,3.0303593049554065,-0.8436350671320422,-1.9421223928283728,1.5647590412985268,monthly,north,109.32,0
-0.0014160540893332074,-3.770328990315632,0.8925230807684983,-1.413199188408038,-2.7958612187669853,0.3957327918829504,1.78372754030057,0.6465057384521683,-2.287445271180019,-0.12235373615705208,annual,west,117.86,0
-4.786530203710868,2.2418520937017763,-1.0067240833548112,-2.3572654304903686,-0.8585662335426582,2.9934059490980767,-1.8590313415531994,-3.3119432020338473,0.14986352251284296,-1.0397716797183474,annual,north,63.98,0
0.9467385748669153,-0.9093141781350029,0.7689297520390505,-0.7366392140029452,2.3741461863934488,-0.5445864978132737,0.5463608460432043,1.650768126372882,2.3344920570794914,0.6257998258439271,annual,west,81.07,1
-3.3751561385425406,2.4896975310556733,-2.1293438283418515,1.9971106049519423,-2.622668167576516,1.7285618000736687,-1.0088460557970353,-1.9688056628394757,-1.0901380260011253,0.39463668692287746,two_year,east,123.66,0
-0.231416236205216,-2.0958004756921076,0.16020384964578985,0.446573755212118,-1.2453782120539647,0.730360368843755,0.450622624339336,0.7463528313507739,0.2555405097726766,-0.8725537071184026,two_year,east,104.17,0
-1.1175514401785855,-1.0226450773736366,-0.3076933964363271,0.48256437180863465,0.45670989575653964,1.1812552700124035,1.1891345945174794,0.7785975982077619,1.3850197953250292,1.3669683265857249,annual,north,22.99,0
-2.80054692933456,0.7321193633165146,0.3519079622628542,1.6701189718948282,-0.5581142758202763,1.5699223334927441,0.021175308236930812,-2.9774798470306885,-2.248581613173583,2.7362382822313687,annual,east,56.92,0
2.7338314759179916,-5.439741958316142,0.9106166751564606,-0.9475009231248184,-2.1088489404949975,3.938042545597056,3.162465639635978,-3.236705237558749,-4.6492563885978315,-2.661182094228291,annual,south,144.07,0
-2.6281086173558155,1.4773458482042914,-0.6111894745038033,3.0158628704470303,-1.72979269737182,2.1197395056363764,-2.144074381880251,-3.218372240017094,-1.079314393207135,0.9035021848300795,two_year,north,134.81,0
-1.9103380517632804,1.6981971340287538,-2.0695660165140977,1.5730705991471843,-1.08673059084172,1.1467019173493673,0.07332466088290523,-0.12388559085006447,0.5554740217025628,-0.5409669676794546,annual,north,62.28,0
0.26460018617985626,0.14636834929862141,-0.04139645201308848,-0.5960140411116871,-0.7314720291056149,-0.6559823555121684,-0.16079109784794365,0.22231442296614562,-0.6529246673955669,-0.7041024546640791,two_year,south,138.38,1
-0.9455867645840935,-2.320542215653396,-0.2867003794601756,0.5965752228433597,0.18562895621441777,2.2902525776920344,3.0302159301139002,0.15027190737141485,-0.0065953641588319956,1.0464730541573377,two_year,east,82.29,0
-2.7593629646346187,2.419865968445153,-1.7558071581594505,0.6434704960146089,-0.7715902623543298,1.003670660362629,-1.4747420398994926,-0.4032740321383264,1.519485552675789,-2.0803414608155224,annual,north,46.27,0
-0.8233668557136502,-1.748951958892098,0.4511483227683032,0.9480221034892412,-2.7624163785898297,0.24827960962546702,0.0049722167987977794,-0.21213010349039726,-1.8566168789969106,-0.5547164152141297,monthly,east,55.29,0
0.08871016158765221,-3.3218234818940844,0.2160824316556718,-0.9289561785658118,-1.6602854464899701,1.256877424701617,2.798578987537267,0.4396481330606731,-1.7343749330900518,0.7830849095034341,annual,east,51.33,0
0.6809094462202265,1.0276524647502836,-1.7308320818505658,-1.3973384866126044,0.037025599076954574,0.06896004057235328,1.5908334059587568,0.8008690064161489,0.024228366861617223,0.5785794797488671,monthly,south,27.22,0
-1.0625722293258932,-1.9740587766418498,-0.2281417569674321,0.19670733138879237,0.07426419913806992,1.3871144372455058,2.386166868852538,1.009750067027831,0.6428189572135175,-0.6350872255025691,monthly,south,76.83,0
0.620620438860018,0.3609720773856313,-0.036548651512990415,-0.26498005763809784,0.24196426042145414,0.9715728639147384,0.2694609986008246,-2.011294717743949,-1.5686615269532518,0.7059646308014341,two_year,south,137.6,1
-0.24638339623807914,0.39386330433690364,-1.6840035834493543,-0.9566164041468981,-1.0393136023101333,0.5434766957106656,-1.5261891691133633,1.6479795960841037,3.0511958637116434,-0.6206010382687698,monthly,south,88.35,0
1.4477634119311544,1.1507100189244446,-1.152448555782844,0.7866218064365026,0.24535022472081403,-1.2211086800807074,0.8636713571190144,1.412121167610692,0.1831784781457989,1.0146787050005448,annual,east,90.91,1
-0.10655929506554318,-1.1363546485719906,-1.0508774425915242,-0.18054127856360713,-3.2142086326168893,1.3723847814333034,-4.272558283247218,0.8366272587020745,3.3033056389822,0.25205545765391285,two_year,east,49.51,0
2.2922156646270926,0.8055681434392018,0.776706887347838,0.03502895237973291,4.074347614877573,-1.594621505999976,-0.6504491700725783,1.6258941737322918,3.348887515022235,-0.6022105830845352,monthly,south,26.03,1
-1.2214687523195682,0.6229904245338402,-2.4862289441629457,0.231917935945425,-4.234074430435269,1.3384726265181977,-1.6075300358576465,-0.03281578792827187,0.00508087274135971,0.7653830174172616,monthly,north,36.36,0
-2.6255239409447424,-0.15302910686532523,-1.1501842159462612,0.13130387621698889,-1.8027431320829947,-0.45895963289871156,3.7169712630601257,1.7166582499091585,-1.9516871302888066,0.5619387286331738,annual,east,47.97,0
-0.9365230830136635,2.0810852889485423,-0.5580872212286648,1.9405980519902362,-1.0125116284874882,0.4549584926432818,-1.7431670924915366,-2.246571196483946,-1.3215227202227218,1.3193706698753325,two_year,south,133.54,0
-2.008081401723879,0.39021566320348366,-0.39831035363238976,-0.22031728955687876,-1.9812274463970159,-1.351691055369646,0.16950789362496088,1.5858781956210113,-0.4688206415533044,0.7637093797828136,two_year,north,148.48,0
0.09060347857456252,-0.6371447553081335,2.0376932796097758,-0.19145504026656612,0.7244888517196788,-0.18366219155672825,-0.594677948257182,-1.9066449477464862,-1.7233576580231234,-0.08294800845133889,annual,west,22.31,1
-2.03010877978432,1.7625061965615842,-1.8441509055889915,2.540349114990471,0.1418898588892552,1.3242786856910556,0.9176333538340877,-0.2567149571336764,0.6968142013015923,0.6087991710858627,annual,west,,0
-0.6709960038582965,-2.545473256341442,0.14972188561486618,-1.0374634607784714,-1.0363384172432921,1.7868391525526965,2.0392654868660367,-0.2563038097968279,-1.027573934028184,1.3860580640092184,annual,east,68.0,0
-0.2828417886651938,-2.1597432973722386,0.5700353668320367,0.4793550367882798,0.9359425080265082,3.5590593495299414,1.3695154529786213,-2.666245825405479,-0.6236968344371212,1.2387400406417735,two_year,west,89.74,0
-0.6509190332676316,0.6538859542973696,0.5057995711982591,-0.7178389783929936,-0.40538922131104527,0.9560050769077788,-2.3901514047664403,-2.3820035136166355,-0.40634228534712036,0.2757543355140311,monthly,west,100.15,1
-3.031046260199735,3.8990289294198197,-2.0566938556653707,-0.5555281742336483,-1.1195446076275168,0.34399153544235983,-0.407123219279647,-1.4731280190964187,-1.147965745632991,0.9850662975346088,annual,east,71.48,0
1.5802378097321643,-0.14655487101018227,-0.673387318223849,-1.1465099963702725,0.5492109298741856,0.45883405499556984,0.8530605640960258,0.1608237003334887,0.23434121271478658,-0.5771262499453043,monthly,east,43.9,0
2.091881605042603,1.2648180314063135,-0.10983473592704415,0.8632315946735194,2.1523201447191274,-1.6318892026673217,-0.020680955569308934,1.2223301912927107,1.3110497141309614,0.3210364731059552,annual,south,,1
1.9462154736860056,-2.7590782662763473,3.6009193397640797,-1.4726372249576452,1.0622558373957405,0.8687464610403468,-0.45351072012254945,-3.9039695149003597,-3.4539681811705094,1.8229763030868846,monthly,south,24.33,1
-1.3825548930261236,-1.6207482577141432,-0.6265036498211678,-0.8744172767878978,0.17787246043050753,3.8614453220582194,1.1053308830694588,-1.5995240476723285,0.8250920103163596,-1.1050052732482958,two_year,west,136.22,0
0.6677429865705824,0.7202780994461742,-1.4045921799972039,-1.6428086386377392,-0.4441182236411809,-0.10389891059862588,-0.5846201102338799,1.268635625798361,1.661720172882502,-0.19676609899364358,monthly,west,103.77,0
-0.5667636273232297,-2.839772236333733,0.18232727301682253,0.6120076072170014,-2.1588463621708245,0.7320300654005396,2.484590542445626,0.6211513265433943,-1.9733781039997673,1.1665830878722114,two_year,north,32.29,0
-3.8253375554903157,0.8701427193002738,-2.3934299290715813,0.6145079690111236,-2.0506214686166304,3.050855090874983,-0.49571802021790734,-0.6340278578571547,1.5369692575293734,0.6418859564059876,annual,north,91.68,0
-0.5489343215815037,-1.7518494518969607,3.0388987664441607,1.0533142106168656,1.7611211554128028,0.580878034597611,-0.4647783512569841,-2.27429014312972,-1.0552758278529417,-1.294328744601787,annual,east,36.77,1
-1.7010472659591198,0.22697176020328702,-1.8354150730679455,1.5543281868790573,-1.1522463315750298,2.222415606804718,0.18286286471151492,-0.16313973587474487,1.1825039347539488,-2.7492636645730966,two_year,south,35.45,0
1.9710136704941061,0.007406859980735536,0.03099409552162306,-0.4826535510621304,-1.6964132421967215,1.9901910460253276,-1.7017180984924356,-4.3617841982061,-3.326083353197683,-1.6089906566034249,two_year,south,54.52,0
1.75776993176701,2.2685548746739252,0.21067924716079783,-0.25324570953867875,1.8620989632285831,-1.3650231673370714,-2.966018305501436,-0.23474507012994794,1.8810536797156323,-0.8482882684110874,monthly,south,119.18,1
-2.2735261236195763,-0.4633294808162749,-3.0382075055021565,1.8650055461111674,-1.0377003346394076,2.411891822383555,0.07482216811534737,3.1060520034864214,5.408277426460069,-0.12486196729447975,monthly,north,110.77,0
0.4672910731071579,-2.5349624427345923,4.081990573615392,0.04895222496522818,1.4755679866819555,-0.3836039606638295,-1.783739833776818,-1.9471004735988355,-0.9423973049454675,0.12004407970197813,monthly,north,92.65,1
-0.2583835806865151,-1.961395985498398,-0.20942926839452355,1.5099261281187328,-2.0513392332847875,1.3854079122551965,3.133348746576516,-1.0982205636064397,-3.7483905861412334,-0.08601598335184345,monthly,east,53.18,0
-0.12204918980644819,0.9059401006742217,-0.6140445486280051,-0.6399869603914962,-0.685471918573817,-0.30101535012714964,-0.632820294545626,0.058583831364496,-0.0321857813441675,0.721098705069957,two_year,east,87.32,1
1.5171884630719044,1.499071737515554,-1.6224528411198302,-0.36389759930293614,-0.35043881008866706,-1.462002306619501,-0.7603266242673343,2.20520352837937,1.7747236463887424,0.6464619338630351,two_year,north,140.87,0
1.0719323516542054,0.8150784604285388,-3.6913547689583406,0.38327877084148443,1.3293200285234295,3.8901094347257197,4.199507462388713,-0.8402187784733344,0.4428194551467244,0.8950597163256019,two_year,south,44.09,1
-0.010709275150435293,0.6012922525223834,-0.07875661840216995,0.6800740917742245,-1.5626681331540702,0.41781587759863703,-4.243988561303487,-0.9679631125383391,1.4098474602593911,-0.9198493304624779,two_year,east,115.45,0
-0.17439237816218733,-1.6449964313373742,0.16767441569696526,-1.2861986837336201,0.41934273143131495,2.1085031856740555,0.999891293850321,-0.9059279907771403,0.18402950552563668,0.489499579804927,monthly,south,133.38,0
-1.919447509954885,0.4720868043326971,-3.2073904679949665,-0.8058865392257706,-2.001983019051588,1.4779250398235153,-0.23828910304681816,2.6898293147427585,3.7952167455091574,0.6188655478567427,two_year,west,107.03,0
0.028600627969672665,-1.4797884778859112,0.5267948097089323,0.05965877640635986,-0.7865326564794629,2.9151574393559674,0.3600557487567444,-3.6289309277542117,-2.6119594635817487,0.031607040010639235,two_year,south,46.48,0
-2.222723533840054,0.30726384190680633,-1.1212442882409508,0.3311934748636413,0.10450856296338551,0.5650503916186191,2.2728172362709897,1.1638605865310143,0.5337049724129916,-1.1215192986003792,monthly,east,36.79,0
-3.247664619096374,-0.39838819476401266,-0.14273581072551228,-0.6574672303213911,-0.482308678602662,-0.16121415200451916,1.3524714382184677,1.7649818699367161,0.8556600487461432,-0.2555930395755915,annual,east,86.95,0
-2.1359903826329596,1.596094956831735,-0.08497914184094228,0.7272674935069287,-3.132741991490806,-1.0918344444843306,-1.3182344626707585,-1.2878535292244138,-3.1598653497352402,0.3033917718975422,two_year,north,36.94,0
-0.5757856724207716,0.6920750607377073,0.12270343834201533,-1.1858485894911341,-2.3072383919854302,-0.6665050352514212,-2.745799940007786,-0.6771468642887101,-0.7178860694282325,-0.4440511407236976,two_year,east,127.34,0
-1.517926565151045,-1.8715983115576496,1.0687759472868374,-0.2754217465619179,-3.2636966502842375,0.13038341824089517,0.37022352715336904,-1.1397420472758766,-3.630174587385809,-0.881396411432969,two_year,south,88.07,0
0.028027373523542787,1.1814029936285375,-1.7870151302415227,-0.16209233336209802,-0.5497077744818297,-0.12909841398187494,-0.6530061790444495,1.5935693654392549,2.1154709783533754,0.17663400392786402,monthly,north,57.89,0
0.5472327431606279,-1.1831698076014951,-0.17197305032643703,0.022811458898057066,0.2699048037542884,2.5057402544360716,0.9321445163123578,-1.9054776418472907,-0.6737037788016638,-0.43847923191450455,annual,east,93.86,0
-3.374656557526996,-0.5086813846095328,-1.478816760694383,0.21449529645444043,-2.665205868448516,3.8076045783404444,-2.0548913014609793,-1.5353792985829477,1.6895056515032176,1.2432816832175673,two_year,west,53.88,0
1.1528071030865494,0.9280825659583557,0.08263309216905051,0.46884583715017714,1.5898642173432433,-1.2417842562959271,0.2492618280990797,0.7583247935910186,0.5895652754160643,0.1759689814095987,annual,south,95.98,1
-1.5746761940009597,-0.9695452592282163,-0.5540093873649511,-0.1390825114876375,-1.6387004811841326,0.4387696536116683,2.005506979749367,0.7101190796811668,-1.1813353040794805,0.5748434850875707,annual,south,50.18,0
-1.7872889265212528,-2.974676824607145,0.34560830106587054,-1.2920948902682508,-0.6597687923888667,2.1250921178987534,3.252849130779726,-0.11004490337552841,-1.1801846950868065,-0.6255099621090032,annual,west,48.48,0
-1.1968554853734856,-0.16086882738138608,0.7470134479708075,1.5977688333300684,-1.1937930611365573,0.7860198814318585,-1.9610211153401038,-1.8617781031919274,-0.7884698035725852,0.7053374075509993,two_year,south,87.41,0
0.1794345629119818,1.7067237053027426,-1.729300089012686,1.2706577364852285,-0.6293491539019588,-0.75196243507614,-1.3880096036895955,1.7380532941092524,2.2524220420338787,-1.454873802495339,two_year,north,128.6,0
-1.5813498934993215,0.0051686262445111986,-1.4363465329453489,0.10877908862800456,-0.6952954098652968,1.8882203476009622,-1.2938463473836799,0.6285966460244341,3.1219002604456056,-0.24350551592143285,annual,east,103.82,0
-0.1668539254572724,0.5088287954986352,-0.34851601359661294,0.4248042238443133,-1.988151098835675,0.7550834550985748,-0.8001961922725787,-2.1584770511917877,-2.4402250227436237,-2.0724204463005473,monthly,north,32.24,0
2.6612143469397544,5.011715646438341,-1.4438293921136611,0.12632909871041578,-0.31881900049715717,-1.8448317055241876,-3.927375420754504,-2.0002836375615085,-0.9843407209097024,-0.0552507500550529,two_year,south,37.43,1
-0.11557314886234449,0.7594036072233998,-0.2585294067968398,-0.09417227110631453,-2.1441112171955474,0.061771179272086196,-1.754802325328618,-1.5217834534395012,-1.6916492570883896,0.6916210389246068,monthly,north,70.74,0
-0.24551862005141878,-4.124694156832233,0.16353857702241031,-0.7020918658928382,-0.16671437650798693,2.9176673498832892,4.548724815370727,-0.06285857426712572,-1.2571085804229316,-1.1592231593355073,annual,south,61.54,0
1.0855947632861973,1.7850084474638788,-0.08173678474116522,-0.7156472050405757,3.331053272683839,0.9370188482296606,-3.5289232787073903,-0.7595264317879526,4.630559860208209,0.14772941630577924,two_year,south,135.86,1
0.02871201774503951,-0.6859964879477345,-1.323196069578151,-0.3176963018815906,0.017971646657557683,1.569599308302624,0.19240592773319287,1.107913528466009,2.586252239407891,0.6917355684383274,two_year,east,135.87,0
-0.3792675750683613,-3.745950405336404,0.7714686567138869,1.540147815897031,0.17594823545527283,3.6043280804065976,2.9642266797435797,-1.8549696525112995,-1.3975118025677717,1.3086993677857024,annual,north,23.88,0
-1.7302456313860097,2.098271406781663,-0.6880775713166336,0.020548120324482146,0.3586153377475143,1.5759136920987324,1.077545559386449,-3.2269206666928425,-2.630091618454155,-0.9969928149658597,annual,south,47.37,0
-0.9029124678262497,0.6668219129224251,-0.8059772500896267,-0.6341192896142217,-0.7219480543989772,1.1329077057162427,-1.9684586213014201,-0.49957552469525257,1.5696579769119459,-0.0664735110195589,two_year,east,70.49,0
-0.3746489198027879,-2.5289515540688567,-0.35188098949450775,-0.8777348761969515,-1.527208544255772,0.8625511831032402,3.814654927206363,0.8817285369756879,-2.081506855635242,1.1653075736105574,monthly,south,42.93,0
-0.5711232419595751,2.169417305847997,-1.0649471340518109,0.35169644705941555,-1.1130955798747613,-0.2366258947015234,-2.0896472671370914,-0.6021225290693127,0.2109376941987131,0.5598626543983974,monthly,south,139.43,0
0.09695812438328777,-0.5887610751598851,-0.45862552666190365,-0.4023939314915032,0.2074546737194547,2.313630806971872,0.8354600344886843,-1.7564586990024045,-0.5351593634791627,-0.9652858183892562,annual,east,,0
2.4094178088925364,3.075129613732806,-1.985624379237412,0.8986019751792879,-0.02531892471125685,-1.2534228280685102,-0.756085813391904,0.16592052082737707,-0.1493198375615561,1.3248895882162968,annual,west,115.42,1
-2.7132810288300337,-0.6838136206313579,-0.14010169068729417,1.0229602924615189,-0.9538876367769381,-0.19098823066366766,0.7539472593111444,1.8327494993849933,0.9928011822879885,0.9282160669375263,two_year,south,144.4,0
-0.6425359511439703,-3.312962294217518,0.5388869686547693,-0.6040344018466061,-1.8601073905855232,1.8656926732678205,3.05134302820204,-0.8973588471985291,-3.0488792656813013,-0.18055485692335493,two_year,east,82.1,0
0.5610774828742406,-0.5375272037106569,-2.2198729305050913,-1.3296062363658758,-1.8599663325972036,0.5430323281202247,-1.1808436459909808,2.8938878872929203,3.6619165259360824,0.9668525697015952,monthly,south,125.85,0
-0.48580404853581827,1.3320391838707668,-1.405695992778277,0.21684064621416335,-0.7739107123913145,0.015578704722208347,-1.9333500645322077,0.983986718084884,2.341424470953319,1.2866245340787381,monthly,north,75.67,0
1.3569785865199677,0.9966816121245943,-0.9166967088851906,-0.35735052073012064,-0.19048231681628103,0.2633176828778888,0.44452163688345436,-1.0005337996239658,-1.335093277012593,0.7685449162404513,two_year,west,125.75,1
-0.7235221289782592,-2.410009983362303,0.1878500745820144,-0.01483111213151259,-2.628763463819797,0.17976791162080963,1.5067660127338642,0.8504031527422561,-1.721438805483253,0.6178869305978052,annual,east,119.02,0
1.3163377972843804,-4.3781282898796245,4.227615636755348,0.49287237827209746,1.7965188087364112,1.289208979875231,1.4698719998639445,-3.19144384302579,-3.326484273911296,1.2439673157741105,two_year,east,144.75,1
-0.5012291109284517,-0.4300794594830075,0.040697867383051076,-0.6967575358128795,-1.5006913043001937,1.2760479293751863,-0.09114865839440722,-2.020832814969668,-2.1168665806266445,-0.8891770047903443,monthly,north,63.76,0
1.4429186185346077,-0.25015970796630627,-2.282783317775578,1.4490189228241632,-1.9140078972384313,-0.18883229672675705,-0.6630809314615261,3.0212443337527293,2.72462469153215,0.3351293358952254,two_year,north,119.66,0
-3.532302009459539,-2.679194562021401,0.03366319176176456,-1.4088754238475032,-0.2982660029102181,1.342027988548734,4.685661641267732,1.7184876280607004,-0.3704911599195223,-0.2541949961455388,annual,north,139.81,0
-0.9761850468799136,-3.3064911606592826,4.374152914599796,0.09563871049040826,2.7246428330151433,1.6408112477528995,0.4329625607067633,-3.441159607732584,-1.7453810023576168,0.14455986799501205,two_year,west,125.4,1
-0.2740267942441985,-1.6297333695372909,0.12166394856905592,0.025163552015869922,-1.3257322941176257,1.0746944524481457,0.6056090537889042,-0.4082439567119687,-0.917537745982397,1.0582027192885466,monthly,west,125.86,0
0.5407137769822001,-0.3552804805883971,-0.2594285291749469,1.524271053224327,-1.244540464638485,0.9180076741723058,-2.6062659176141123,-0.5625662744688953,1.2254878010668322,-1.4235698744659757,two_year,east,143.28,0
-0.3862456171418768,-1.5738034894319295,-0.45629017860663107,-0.8273941892465458,-0.5870655614041814,1.5456032676552636,1.6890320015658347,0.10580744609020759,-0.1796701340424045,0.5195379222467972,two_year,west,57.79,0
-0.7491555574545751,1.4909138239360442,-0.6574187963430208,-0.01505620517660286,-0.20983467395273137,0.2756954009844458,-1.6034348408738075,-0.5682605679932666,0.8326111586792433,0.2593740829041316,monthly,north,77.22,0
-0.532464605052264,-2.9171026713555896,-0.8222862655194119,1.4362829412159377,0.1647867156831737,1.157530333156557,4.083380859179753,3.00709183768379,1.536214256515314,-0.7644709047214381,two_year,north,33.79,0
-2.1311898576134514,-2.3945298404024626,0.3381548546975808,-1.0538713091225438,-1.9267218706267024,0.28436399715585503,2.8405918927621343,1.097083306945783,-1.7879084501596518,-1.5017184592167476,monthly,east,134.05,0
0.34465045317353526,2.6211410158829884,-0.3283098722639543,1.433674261176394,-0.6365179755826613,-0.8627886939319471,-1.7150024682711356,-1.9164406360900936,-1.94114112546943,0.23142969407371264,two_year,east,64.68,0
-1.825861818461079,-1.550878354335052,0.4889214145181707,0.3954722567562455,0.2830892784951453,2.2877402877497155,1.4460172174548285,-1.3560359588630428,-0.4953675220345285,1.2121446115006458,monthly,east,137.68,0
-0.6487449095795417,2.401463992671076,0.8983117737853193,-0.5106424106344941,0.7887876168935124,0.5778341259673231,-1.3915063008522899,-4.538716119077622,-3.1477855815311013,-0.4322282508375408,annual,west,46.5,0
-0.19073387336713865,3.3645014112871356,-4.943330501202275,0.9283921863334832,0.5744420631956287,3.292802689171422,3.744121142603936,-1.1024043061104407,-0.13940224352727626,-2.0570844537071595,two_year,south,65.45,1
-1.12161106435151,-0.8910849906464928,-0.6573370431252964,-0.1835381135886491,-1.1222305118888183,0.8367502746195354,2.3241950739185353,0.27007057221105607,-1.2803150595040012,0.9150929740454572,two_year,east,109.76,0
0.19760769354744845,0.6262839702964196,-0.5714978476410632,-0.12134434680781063,-0.27291070223300884,-0.7871854838221067,0.28637091328951847,0.89234661613502,0.05788632699742924,-1.0631070712195252,monthly,east,139.95,1
-0.1578677720307735,-3.6196279985977995,0.058348698344135835,0.08096856810741646,-0.7403683252110435,1.5869456223467973,2.9892402601283288,1.3601744772080626,0.07025665248008472,0.5953125409560036,monthly,south,109.43,0
-0.8568853392480542,-1.7572775131451903,0.6750504514893926,0.7652118880197254,-2.707960085575351,0.9350178277784985,1.3209104178135458,-1.9463951065013998,-4.229960011872341,0.839394957885986,monthly,west,64.21,0
-2.4138960638576323,-2.160526587448104,0.41528261922407744,0.8287234913768591,-2.5055849830147903,-0.1268570977418444,2.26591198152855,1.1262383831387799,-2.0201557272221162,-0.07313019178903357,monthly,west,25.21,0
-2.2517731131313647,1.816054592213027,-2.5811284727081403,-1.5403727328729906,-0.9447890215436019,1.196810147749435,0.6018287799969204,0.6514724468649822,1.2830263994394695,1.5525897929303571,monthly,north,63.13,0
-0.8884954659216704,1.1346363209285595,-0.7411804987926992,-3.1067291296669195,-1.4710164032897863,0.8588250204349548,-2.233961884057921,-1.3219724182438612,0.12614476492651194,-1.8872171126364117,annual,north,81.9,0
-1.4923449057450677,0.2602479666558912,-0.6722806800618573,-1.0382745522318337,0.5653377647347011,1.5615180674211246,1.22288790922686,-0.6631443329802701,0.22389218366182972,-0.7200016787650383,annual,south,114.95,0
1.3757498911048378,1.543217850414401,-0.7680907735077123,0.2455200824128753,0.10888263516758112,-2.514578363482113,0.17378286271216092,2.138828168773726,0.3293843270984682,-0.24327865370873764,monthly,east,136.17,1
1.5322033146253504,1.0997003765673559,0.6013544970851236,-0.21550632782896575,1.7875814569809063,-2.4949735716166157,-0.6556764590922085,1.5859806764235957,1.1934213064095354,0.9574015541777842,annual,south,20.82,1
-0.2172169806665858,1.6211246192415296,-1.730309064951387,-1.1487585426076732,-0.3927696735705203,0.03873053111405833,0.15286373564425348,0.5929751202963758,0.6463739083885744,-0.8433536753980688,two_year,north,29.98,0
1.227045420708638,3.0324731072063535,-1.1505862612052125,-0.23544886112112112,0.8542024291245947,-0.02488141270108546,-3.1530142213389856,-1.0961281478827372,1.7550109827455964,-1.1579067579940083,annual,south,56.63,1
-1.7289390562434517,3.2921572961950565,-2.1493332721219254,-0.6994221341987823,0.3527077001031351,-0.1454838965977654,0.8638257907387066,0.22925150886259746,0.271746430241941,0.7230599549732164,two_year,north,89.63,0
-0.11072007192112343,-1.6142017293925237,-1.0259940155556087,-0.0023452703991287986,-0.3362851028390027,2.037835984188745,4.153141721623359,-0.2482252567183358,-1.785073503128052,0.39543428587978985,monthly,south,89.65,0
-2.029551210811895,1.909495098993629,-1.4792112071570465,-0.6520501714815657,-0.8620197145698102,1.261939074161206,-0.33606779191805813,-1.316084137344821,-0.32345891301124285,-2.7094133395873476,annual,south,75.28,0
-0.9490496041667148,-3.9170045839586307,0.6233378997874311,0.4440225659092889,-1.1803397948838392,1.9898900158848294,4.124905513465218,-0.12074776189707441,-2.422927266485308,-0.5623178074374688,monthly,north,134.87,0
0.5971618199949362,-1.4925410483621895,0.6637469574339672,0.6785090600912983,-0.857202309508527,2.076162453501958,0.2732039009146612,-2.963589898892127,-2.5978191662917456,1.6385242432251634,monthly,east,114.56,1
-0.7828460193002291,-4.400492153081979,1.4601786974680369,-0.011402140246623619,-2.091823530748485,2.293673091478845,2.2717687523914027,-1.4822328416592094,-3.079574947446396,-0.61868905994587,annual,east,37.67,0
0.3733161595588592,-0.21858215477673726,-2.443480900591022,1.0340892470408656,-1.2143868764447532,0.22779783392994646,-0.9268928764799487,3.7366093732257535,4.6439230530608295,-1.3699636988729378,monthly,south,50.57,0
1.3488229383322683,-1.5191055422484712,3.073862371611479,-0.3763020064642975,4.416552731304516,-3.0172123865971128,0.2588185581705944,3.0845309956442657,3.077919428639983,0.5883500170891214,annual,south,85.69,1
1.4637343266376852,0.8323438676410453,-2.1207631681243337,1.4601191925502877,0.062463898316790556,0.2541723945591218,1.1186804961950187,1.3379102143348816,1.1338953103803955,1.0353939492299737,annual,south,67.13,1
0.06853719792576607,-2.3389942964466606,0.15443451918644552,0.912519210021263,-0.33095607432659524,2.399589052144833,1.5663202498158755,-1.1193269969529382,-0.759356682899793,0.7569219421790041,monthly,south,125.12,0
0.5694748560983076,-4.361949978393705,0.46419370820087674,-1.7953151071951041,-2.5247708039903083,1.5905123523126572,3.1584349743144773,0.059064938516032645,-2.8202820198189693,1.8433231316346546,two_year,south,74.51,0
-1.602347693507702,1.129355143541883,-1.626937938819572,-0.4041139081308789,-2.24965381511071,0.9419825820566587,-2.8085973405237112,0.16352196637537533,1.9944643899258303,0.8076942499549502,monthly,north,142.35,0
-1.0121876390439901,-2.323897309646445,0.005407837898992772,-0.3378598383340117,-2.6052753929882106,0.8361204522943428,2.162455255652911,0.07539179853376753,-2.478516172839899,0.5842151786779702,annual,south,43.72,0
-1.0968451965229093,3.564113205606838,-0.7915859721249853,0.9949403604625134,-1.2747648920529642,-0.4538296521364602,-1.406268174536878,-2.8500292033746666,-3.0870490723588917,-0.09466681023882483,two_year,west,82.76,0
1.9547244134417538,1.4025302625380969,-1.1025711200108268,-0.18158055245728683,-0.8951077178125068,-1.4344288509693452,-1.0138719930542692,0.8681130624808966,0.0009646089735565466,0.5676209041109286,annual,east,136.25,0
-2.2599699270372398,1.1761612661838634,-0.4472255072915641,1.6285049677103398,-1.590362770638703,0.13673697292803566,0.1399858426602386,-1.128052877158772,-2.0029320324789603,3.0566767325808715,two_year,east,28.55,0
-1.9503856856424988,0.7893659102680035,-0.17132578941525037,1.699957453749531,-0.6478102228568248,0.036550815641730794,-0.740207815756323,-0.1584698054121085,0.19827451839533672,0.9042782424262769,monthly,west,56.3,0
1.941936553784439,3.1102761562762162,-1.7297572184212429,-0.4515008640898439,-1.2728407440327683,-1.9119353917763808,-1.0803002217451412,0.044557935861835804,-1.3864707826692593,0.36693346257482057,monthly,east,46.36,1
-0.5492192086983114,-1.7964249487729136,0.18137732742460297,0.6934340214548522,-2.1338907902819857,-2.0499600692275397,3.923688472998413,2.596400584598973,-3.0433874667109304,-0.29666913492076424,annual,west,148.03,1
2.7913881855411944,1.2181203772771219,0.18895417789247634,0.17607510935455187,3.301609468210577,-2.0376482402538105,-0.36572566916142446,1.8882116893487066,2.623859373140664,-0.7513691222380771,monthly,south,80.9,1
-0.1648901485641604,0.8612846317556743,-1.6893706163224995,-0.029010318886884053,-1.044734012073658,0.6903132611713014,0.2945417254887961,0.16051643266169519,0.13622601242830878,0.32930492937627115,monthly,south,135.46,0
-0.09249934419789385,-1.8329887677170538,0.36293029742576755,0.7339403925126652,-0.37994599173874233,2.4876882991019578,2.022305275358799,-2.4424872163543836,-2.561079709910695,0.529445090563935,two_year,west,131.01,0
-0.6921253518522661,1.3342986511841164,-1.5351141138740774,-0.24561380844818012,0.8454822560925513,2.11407839074304,1.937792219152184,-1.7888530570297807,-0.8690527386990382,-0.9014858235323424,monthly,east,33.52,1
2.1823108094713897,0.5598241335512177,-2.2383589861916757,0.18201556223617033,0.15040342064215673,0.22496835290667094,1.7023730714499956,1.5175299390211887,0.8842693205459875,-0.5660804907672767,monthly,north,65.49,1
5.364489603376952,3.528682466463513,-1.4339417106769696,-0.2402609313132703,3.463960495459318,-4.020141187489591,0.4927550935034992,3.020937815794336,1.811472738720704,1.1654916933742774,monthly,east,84.57,1
-0.09075693624585379,-3.0558686259110925,0.372758532001433,-0.9837720406533611,-2.268206068540687,1.7013357408251804,2.9410526327911564,-1.221226219917329,-3.751435864257964,0.8444075556359056,monthly,south,134.26,0
-3.037954065781904,-0.6432512661528884,-2.4938080808262337,0.5311572203093028,-3.1192633310471956,3.275232301528627,-1.8923965971245165,0.7307877822106335,3.523207349529334,1.178219841000088,two_year,south,147.64,0
-1.2977623261308868,1.8288511823084717,-1.0053744055016596,-1.2998383217588978,-1.3555379274562953,0.7774163195089103,-1.5701143087126606,-1.6545670817992664,-0.64418979250641,-0.28761127720854535,two_year,north,63.8,0
-0.3156400682546333,-3.3931915089715634,-0.5307986723335711,-0.19068458053074164,-0.5223371227530561,2.5545874174407035,4.7935829362757545,0.389753154686696,-1.328354427180652,-1.12173207398382,monthly,east,121.65,0
0.16615860981332253,0.3265802882933869,-0.35226753762972807,-0.30628799446005744,-0.9105355238282546,0.8437716188064605,-1.9536944446880218,-1.0629437802848347,0.3918833826474343,-0.3996265639209723,monthly,north,131.63,0
3.7285753719802064,-1.6704461776986934,-0.9838528627068854,0.3662671054312421,1.0657641692978206,2.201696194078477,2.0124440581013388,-0.5820578087376415,0.11326906493022704,-0.7256108644678828,two_year,east,56.56,1
-1.069108822208905,3.524714179728432,-1.694271382192637,-0.2848970362570843,1.359138536788302,-0.4576966593042402,1.6923583468768024,-0.3743115591653055,-0.7529516971832071,1.4941174651770444,two_year,west,45.86,0
-2.473671865333957,3.2812704040111154,-0.8042030564910216,0.47149139595724704,-0.758746300978868,0.2809586457520452,-2.6851423757075863,-2.0617585322991805,-0.19159453497106416,-1.2430986926728886,two_year,south,104.06,0
-3.344146565723767,4.218480476344018,-1.8441862668900257,0.05468255632501642,-0.3996617134285707,0.6427551519869057,0.2585546714505309,-2.311448128211171,-1.877891079668482,-0.16406115758306317,monthly,south,93.34,0
-1.3516646440222644,-1.723095111759723,1.128879168582671,-0.8745030989817333,-0.8473532013049384,1.6369309590182217,-0.4365358856759938,-1.7393867607187736,-0.9369417761606528,0.9400476579382575,annual,east,40.09,0
-2.0990928477855793,1.6463826796070866,0.623577067688803,0.6272574876780422,-1.3846207952973408,0.01592401095154461,-2.775138460713865,-2.553769939383944,-1.5834377101116384,0.9622621470957172,two_year,east,116.48,0
-2.5481770948328255,-0.601050069155058,0.5583937105605795,1.6182963971203506,-0.024931923880679885,1.044140511298276,0.1851162042231823,-0.5445397719794516,0.21734995379470123,1.139825685764312,monthly,east,66.81,0
-0.8602962491270342,1.8168952527339695,-2.167557082366505,-0.18466103897193809,-0.7922633695921028,0.5647548434763449,1.3757910056426916,-0.0004330634318264424,-0.634011871352465,-1.5362095177886894,two_year,south,98.61,0
-0.6303098863387679,-1.911194413384178,-0.5277606806876032,3.5415325935577795,-2.56074275254164,-0.3554778368393654,2.660903082163723,1.8286958995184686,-1.755557942745126,0.011813473780414082,two_year,north,20.84,0
-1.2083346664774821,-0.7517081627791058,-0.42861652660813226,-0.6782230328306191,-1.7222516818708078,2.82271716338892,-1.6643197136579846,-2.1989230940975997,0.09687524614870402,-0.376067030745385,annual,south,96.77,0
-1.2941222801903045,-1.9908622670000375,-0.7308758657051257,0.8637907779106095,-1.0169445319177783,1.1009770672332428,3.298214491193617,1.4154891670810064,-0.41889819440254006,0.6542725735650321,two_year,east,115.35,0
0.535637257335664,-1.7812608666295082,-0.5404423697566345,-1.2570479960996328,-3.339009577760578,-0.48981895290804833,1.3099435900250378,1.2329948787627354,-2.1407585891816905,-1.1595099658318881,annual,west,64.94,0
-0.0881740868876073,-0.43318996785137753,-1.8222673688724091,-1.4701661292546166,-1.2626083544326103,1.1257730871226013,-1.0867010632637952,1.879829929441298,3.308304136002351,-1.1860297411565646,monthly,north,118.71,0
-1.3398181994736167,2.1284255787565733,-1.3747891728070583,0.7416944139316437,-2.5204527106468784,-0.04048655445106619,-3.766556965500953,-0.3168378149191821,1.142911395322239,0.5701631742312262,two_year,west,75.51,0
-0.20515920805974242,-3.5416114019816898,4.760063870023005,0.7178976128793529,1.6910899456926227,-1.3315438735069485,-1.1487339273870703,-0.1857832205803777,-0.11698329724976286,-1.5199690694664578,annual,west,75.02,1
0.031130502526276915,0.9865884749649942,-1.5466226739443043,2.2458212205255625,-1.7499357975442857,-0.23704089012660012,-2.7807242062164503,1.455374740410396,2.633399298748099,1.4872935684762252,two_year,east,58.92,0
-0.8008729580371292,1.316031811381931,-0.1415992528410264,0.4099387744091378,-1.1023197542624588,0.9668440603485703,-2.1595269128855845,-2.6327462344606074,-1.1794182269112428,-1.9948754214550821,monthly,north,116.34,0
-0.9200982660687587,0.49648531500307236,-0.28207572389138885,-0.12994729411926134,-1.4805957812862682,0.3041670432124841,-0.7623342236382414,-0.95147466585531,-1.0849305943447964,0.3267431375200327,two_year,south,139.22,1
-0.2577477243379749,0.7446699070070996,-2.4859415291707987,1.1008130962712515,-1.1312001288732865,0.34201092394587274,0.07715829835182908,2.316452215644592,2.521715384034785,-1.0574236081005313,monthly,south,77.6,0
-0.3637273386310339,0.32500953731444815,-0.13759240380135104,-0.342789694134324,-1.7506522960199136,0.23189593740474657,-1.4058858283905042,-1.100758493153278,-1.0852164350237044,1.050313670946825,two_year,east,,0
-0.5665368711730019,0.9304330046091578,-2.9223815201154704,-0.4830119710117241,-2.558958009844008,-0.04814650264220388,-1.8682670797729346,3.1979305322326304,3.8174591149952097,1.0935332947923875,annual,north,123.93,0
0.25098097076649384,-1.449624019384692,-0.646236418158944,-1.2658480260362865,-2.6370020125542517,0.5013276969260243,1.64107434681693,0.06910115208006964,-2.3913818534607634,0.09810634474731388,monthly,east,60.46,0
-0.7407603716640767,1.7458512061137612,-0.839795178264618,0.3956740097051566,-0.8213933065018043,0.7343009560203577,-0.4860351055991484,-2.022320951993389,-1.6312165044767792,-0.05238022140407973,annual,south,50.3,0
0.05684490638057671,-3.759186180947946,-0.01673457567013348,-0.7099584544372932,-0.5817295431460465,2.9814523620062525,3.5505956566448185,-0.43533925109034266,-1.1470430764178294,-0.24785964605100366,monthly,north,66.66,0
-1.066372867192309,1.6461139997034229,-0.6845749527271398,0.05975795149404979,0.6045101347736679,0.8199109465696097,-0.5060732025883472,-1.157828869875237,0.3583083364890809,-0.34243002726508975,monthly,north,72.61,0
-0.6525786370936257,2.8938968164488292,-1.797557764673558,-0.05315617870934736,-1.9752238047744997,-0.6866161968492168,-1.364479293608398,-0.4440396401244899,-0.9420967903720079,-0.6079836839234707,two_year,south,84.47,0
0.1730549918930322,-0.1579302828627338,-2.3408315557495842,0.35279115523886695,-2.280429211249235,0.36952497358884073,-1.9346189473611892,2.9593172072597453,3.9423887074560335,-0.570301518241342,two_year,north,111.2,0
2.313433889631022,-2.6816317070608537,2.6299686154931385,-1.1364492866372529,0.03680126822775187,-2.307131736757736,-1.108218246903133,1.553719496158162,0.06309545634440039,0.13716099530128345,two_year,north,129.33,1
3.587880289397938,0.8212460924723997,-2.6226151278455276,0.7862152977777097,0.316229539433476,2.6583632310714758,1.0833307669343413,-1.8934239732135627,-0.4844363726085722,-0.3672605744951448,monthly,south,27.68,1
0.05971353575078431,-2.841464291788215,-0.17422983953343482,-0.862134742321249,-2.5092050936280694,1.1329889626149032,2.388512688846882,0.2156886805750433,-2.2630921321164577,0.3450700409907711,two_year,north,78.9,0
-0.3531158666847817,-3.8954087984240853,0.7912672553182654,0.2767544199973163,-0.5968636453025802,2.9144617824841452,2.9965328215929268,-1.2617561988813382,-1.8221514106026722,-0.8638275019436756,two_year,south,75.58,0
2.9014398696139274,4.405546934272568,-0.983969965047031,-0.4062151981577334,3.2258125616039313,-0.24298716534818188,-4.351024097410411,-1.7884398762272589,3.0687502984803805,0.3118494539492291,annual,west,75.12,1
-0.14509070153149706,0.28546364257895274,0.5967216726328659,-0.49958419892672734,1.6718062796563182,0.18990034649677434,-1.583845173150777,-0.03371971588719888,2.303544088143699,-1.333942872169731,annual,west,93.28,1
2.5191508286845385,1.9740826231161002,-0.3993871055455345,1.010354542610028,2.488086412833035,-2.0475765905370684,-2.056431978147642,2.0286179623266367,3.631007156610442,0.5331438830531805,annual,north,142.17,1
-1.6808190856304686,0.46639638899530145,-0.6973851012196389,-0.7097533446912728,-1.8999187441420484,1.8103592976159022,-3.100071355724122,-1.4429163157690226,1.1833411900065405,-0.9870051665987847,monthly,west,62.94,0
-0.29035922998970465,-2.207913062774595,-0.2835803673602298,-0.5545802004959416,-0.3414108393999985,1.9715082543720939,2.9179411569745994,-0.18924221918260514,-0.9660328875055415,0.434171788295832,two_year,south,,0
2.02233046993776,2.018162948665993,-0.4680617245871263,-0.045556511485314276,1.0191660897891268,-2.472615687761369,-0.11867213207495875,1.284516101493437,0.10937176502227852,0.25101996737400456,monthly,east,51.96,1
-0.9093411183537984,2.3687431953196705,-2.549042331284972,-0.37201631015674674,-0.5681317525586499,-0.4829918086733791,-0.14732374107442936,2.0564161033352133,2.1854133916709055,2.2036277958030634,annual,west,91.29,0
2.8995043160074094,0.1436076256980967,-0.8621083873414791,-0.6104338938408005,-0.29418621611294204,0.011137100677957812,-0.44662033639498544,-0.03200087716514559,-0.015431888618489764,0.7795403024660339,two_year,north,112.74,1
-3.6520671362130392,2.3548696571018137,-1.846447840071145,1.3342725806444764,-0.014151790703176403,1.9761224556165575,0.1780956664227975,-1.1239113290282714,0.8545828499431423,-0.7323043811453636,two_year,west,134.48,0
0.01826077731218645,-0.00257176587492125,0.8769822939159853,0.8953970021317417,0.9477567383524574,0.09525188572352306,-0.9132897939412499,-0.7911389046294642,0.34064759845410575,-1.1923933930852328,annual,south,121.62,1
-0.7324836816739213,-0.0839663078721965,0.6952882484326095,0.6214684382685695,-2.3394749048713828,-0.29384443617613765,-2.6182837440244993,-1.140408631283015,-1.1403740621394274,-2.1628787062246224,annual,south,145.55,0
-0.7657696737691725,1.9122448548273403,-1.0979411821118645,0.1998023323795027,-2.3054863557286036,0.38335054607858143,-1.7526130946681588,-1.881940655187763,-1.7349069412077043,0.986302544509838,two_year,south,91.65,0
-1.8726367059638136,0.050735123031350415,0.2879212781416675,-0.7134314401372386,-0.9160522735730159,0.45459125296895786,-0.6997063346469692,-0.7716029293741127,-0.44823274713120154,-0.45888442390058637,two_year,west,137.71,0
0.03173792908849915,-0.34852503152377556,0.024209016753272927,-1.3472292003419364,-0.3655842253793984,1.6589978934482588,-0.3335449473657972,-2.0349584606321325,-0.9497081249625317,-0.3010643599139162,two_year,south,105.11,0
-1.4724556360734555,0.5018440700305011,-0.8008945635718565,-1.3067198896127983,-1.2787387741370422,2.0517815674036823,-1.1019870235181384,-1.9654480856642909,-0.29430596707613943,1.2454772048456468,monthly,west,41.97,0
-0.7899083925912923,1.1185331946827648,-0.738420665571611,-1.1200761893498912,0.11780296075015495,1.0236884131829365,-0.5936581639324722,-1.0323624123514235,0.3893495610150428,0.0686892152522625,annual,west,23.99,0
-0.07591928154407523,1.88438204740061,-1.349567731604634,-0.9200099284058281,-0.04565780992848856,-0.41283706086777894,-0.6609914911842709,0.5994606137518207,1.0489850516445203,-0.25488893649066496,annual,east,118.9,0
-1.4505479535384294,1.119407093385971,-3.1311434145767096,-1.1503532403431234,-3.2069762914653213,0.7526570008924727,-0.9759751360124813,1.8617340080908233,1.993098993269519,0.6614220979408557,two_year,south,108.09,0
0.7444597199032263,1.5568259711323575,-0.48980629455425223,-0.19684162492671367,1.0495060188418535,-0.12323176502550504,0.7208154320843945,-0.9887108901482764,-1.0377223523795238,0.03591578182730026,monthly,east,57.48,0
-1.2392706382759877,-0.4430964801652906,-2.2618489391089516,-0.9094238981930493,-1.9297761000208042,2.2193702101045334,0.18219029293430844,0.8195963615052673,1.798098791447094,0.24136127943795477,annual,south,33.78,0
-0.3391678605583336,-2.263754751393633,-0.32603431730397925,-1.6584471689620066,-1.682849135336443,0.7196777120082545,2.524530406799939,0.9591307217489229,-1.25554557625847,-0.39505004690081297,annual,south,109.63,0
2.4376447113284456,2.5359295924753633,-0.8421355713397489,0.20609891335450134,1.9142218187514306,-2.2294963771628216,0.06378416604176884,1.2550080875342142,0.7472313551499692,-0.9004021681723564,annual,south,117.43,1
-1.9252940385562323,1.511683097997746,-1.5629937788435515,-0.3938961926791057,-0.9752326873974421,1.3174839159670844,-0.92995276438002,-0.6131497588220581,0.8798930238634717,-0.3999570111171506,two_year,west,92.58,0
1.9873990499227303,-0.2681954622034226,-0.3830718202016969,-1.3340190933900802,0.21314819520823558,0.9490605768930651,0.45930076045468016,-1.170645091354926,-0.8794934476926024,0.6858334348649052,monthly,south,106.48,1
-2.615620984364823,-3.079492277201715,0.37916979662134437,-0.5011266048223011,-2.23397729152565,0.265712446770234,2.924131265034437,1.9983647713198154,-1.0204513677850917,1.20598984821357,two_year,north,72.53,0
-1.8983429729122512,3.5180969068689576,-0.9815712206565016,-0.15945486097711067,-2.0478525460848127,-0.044398086408175885,-2.404458961298106,-2.8486870715020447,-2.4105880388294025,-1.3655534023508706,annual,north,132.59,0
2.8562928123826072,0.5876815217912965,-2.233503565854924,-1.27353974168897,-0.10387797177319213,1.3235803185303872,1.9331854406881104,-0.6280041596465377,-1.042592235276009,0.3849728059761478,monthly,west,89.21,1
-1.7353619871336545,-1.559772394624019,0.7613906289493619,-0.3348851218808057,-2.0135601153889144,0.8072272360325632,-0.04243832635856548,-0.8838826710335089,-1.6008114400412878,0.2909868796104301,monthly,south,136.33,0
-1.1027381507211576,-2.4958722370995576,0.3205862269556205,-0.2902239743059554,-1.1228007942664857,1.7956088764774782,2.7433129081522267,-0.7394695772564972,-2.1312057391899057,0.035898358125325054,monthly,north,116.16,0
-1.889293231595765,0.38289744227357647,-0.6068045399679246,-0.4330816846030935,-0.784353182383162,0.4945946040534591,0.426945703309746,0.06296741949472134,-0.08009189981079523,-0.46634062517188246,monthly,south,87.98,0
-2.236557389781188,0.10607459450004386,-0.6655018115579067,-0.27484858872722095,0.9407698234881379,0.21259403055831927,0.9287515965889722,2.125352736523489,2.8011726613607726,-0.7829354901332818,two_year,north,113.56,0
-1.4244720610958947,-2.3911604593581828,-0.3622033405564822,-0.15585656735619402,-0.8975882622661454,0.676289391751242,3.6195623628114997,1.94047635738926,-0.3846309881657306,0.8122523571502562,monthly,south,135.28,0
-0.5756548898124159,0.6903641295376668,-0.15128473068091863,1.4508955719982368,-2.8426800609597693,-0.8677263993536941,-0.6873516507574786,-0.9283460676065816,-2.9996484319070262,-0.7516702206899313,two_year,east,45.29,0
-1.2762023484826668,-3.4305260792974956,-0.5173431950380322,-0.8308784280864305,1.0830667435257584,2.4694644375238095,4.603553791103925,2.1318741719482466,1.8367214540851657,1.3327155209663741,two_year,south,75.87,0
-2.1265765314739236,2.276875979982309,-1.8941681643563606,-0.07637216529434925,-0.5822199311753675,0.6939326521616414,-0.6884492090814064,0.06762264223961517,1.2989707710488891,0.8141469963761027,monthly,west,,0
-0.6387276370952285,3.143193916568917,-0.15121960794346043,0.33571462801106566,-1.0073243745385831,-0.45324734885615037,-2.4696424900247678,-3.1047788621541437,-2.5582541246776165,-0.43292037189311794,annual,west,23.96,0
-0.2502527067000947,-0.4110598332966413,-1.9560623154990855,-1.8496147818318944,-1.240934022431062,1.2625540847895333,-0.5843018723378144,1.825755589104998,3.0351018057809873,1.4132122578434927,annual,east,37.3,0
-0.47268883467276757,-0.7039863187341955,0.6077715905861193,1.1602315249334627,1.700765095865751,1.0233549846946595,-0.3257653075749417,-0.06917460902516047,2.0372034587900396,-1.2123225789566694,two_year,west,72.7,1
-0.5777707674997026,-0.25628810354701137,-0.0847933006085684,1.1572370324176136,-0.28031712108428186,0.8321475750039045,0.45601321672840833,-0.7266806857304039,-0.6025985418535673,1.02815603197096,annual,north,34.61,0
0.6721256252476925,0.40964033779661047,0.9732785000823329,0.5245220063942352,1.8466813005850335,-1.387129049262354,-0.6218244050394196,0.7502562533296933,1.1738860695171431,0.5643034853535469,two_year,south,114.4,1
-4.0383668102734145,3.2323549044321833,-0.4748345980410326,0.4073085304698066,-2.1702317937780182,-2.764290828450532,-2.210742844467729,1.279652495666366,-0.07306179325466722,-0.42674883142122205,two_year,east,146.73,0
-1.7464205212789117,1.659260999986983,-1.806666554709499,0.7128061612679676,-0.8368963878051767,0.8737141007473715,-0.8613616773971794,0.23467124771453252,1.538567906010481,1.107155157456684,annual,west,83.58,0
-1.0104590712392365,1.5544197339962182,-1.7224360618640473,-0.3561982671444494,-0.8070002090891919,0.6366794819217864,0.00869656564793364,-0.038054863913944935,0.3288719532124781,0.5827986957920138,two_year,east,144.83,0
-2.744485595300933,-0.3442097254951919,-1.4530476151253082,-0.8540765504182414,0.5215555534283334,3.8439720842595175,2.164581922919298,-1.3558578246347384,0.7950204524331252,0.9847111021054678,two_year,west,37.65,0
-2.538649027920462,-0.023130482185868884,-0.34105819943438853,-0.590157103605442,-2.288073860318612,-0.9455655654240624,0.843412948982687,1.3088667047259448,-1.118227658361867,-0.4285342811808478,two_year,north,111.06,0
-2.3563019136597236,-2.8902471216799017,0.9642783775927568,-0.6416827297698707,-1.1259928691652634,0.11757475373212256,1.913491216496225,1.8398327814589215,0.038880114444735936,-0.8319148112800075,monthly,north,95.77,1
-2.155795930600126,-1.625079524898024,-0.23318669297696282,0.17111449123246733,-0.9030370069316548,1.0222545684941016,3.02645919784586,0.6660270586811513,-1.0452379965030358,0.9655586542086736,monthly,west,122.93,0
0.2416611390714105,0.42199179225089534,-2.9818825481944393,1.0280089865767854,-0.4643792879596813,0.09110442908365535,0.919731107722408,3.976100492476848,4.023324988357009,0.8300812522463962,annual,south,89.9,0
-1.6073750579712738,-2.0312053402629413,0.3575712936967629,-0.1872153706422688,-0.4371708846208693,2.2505252466672343,2.26060203670969,-1.2440732984307366,-1.4793542297463649,0.6413061517302826,monthly,east,147.39,0
-0.26922507835763876,1.8826632191457904,-1.339537611108629,1.0873916643475843,-1.8630091705498466,-0.2758687139576177,-2.170239543458602,-0.26649994826613543,0.14138492289081095,1.6735925667640377,annual,south,77.15,0
-1.1824995067457074,-2.512885756119604,0.8988434994078063,-1.1017957473337017,-0.4482553846575774,2.376436421366516,1.2656580165195612,-1.6054836911302692,-1.1832302512423063,-0.1783649655788051,annual,north,143.54,0
-1.4675205375899312,1.8775921263519266,-0.7448231750494378,0.05387607181188065,-2.1249946674594926,1.1781935306060256,-1.5244261181179444,-3.2202675044325715,-2.6427330826272777,-0.7624868857347397,two_year,east,139.38,0
2.2334906305223337,1.8367224804821651,-1.2345766510634837,0.5721537440110969,0.12375723832470842,-1.7557270672724645,0.04367604776278711,1.1696868934554439,-0.04263868791967851,-1.1234917083065763,two_year,south,75.1,1
0.037244014646820256,1.3209492364538666,-0.6627762380752489,-0.2169943930592409,-0.41107467649730967,0.10417785900538212,-1.4059461723664397,-0.6399325763229998,0.2611052227339715,-0.3291628077535936,annual,east,73.37,0
2.5485857060476533,1.589256887319826,0.7432067416957195,-2.1635955956625996,3.3762881292448372,-1.6218025705808714,-1.9743050647566278,0.45953336131332967,2.535652791663174,-1.9917149336400262,two_year,north,22.59,1
-3.289525527048293,-0.4030807038174242,-2.1068820768240073,0.31794621920622307,-4.6048762339106,3.6040047721822015,-2.3807489827520234,-1.50979257135773,0.6276109161495503,-1.9248143643559543,monthly,east,78.3,0
0.42987581827856336,1.4777166667604922,-0.5140741017461928,-1.2497002659165186,-1.13614394076094,-0.6363988237113194,-3.135481857858623,-0.2033962773937643,0.910094726121566,1.9405865729178717,monthly,east,45.92,0
0.5998506425164807,-0.5947261358896605,-0.2674155751224932,-0.8910220934277303,1.6757998169048407,-0.6951876526686627,2.3268332041392954,2.408318463604477,1.4881637597431308,-0.8894678313997321,annual,south,63.67,1
-2.2555293571353903,-0.1789758092026721,-2.8133336998583713,2.1942243328668383,-2.172781443909358,2.4785087769140572,-0.3680219432641394,1.5661682848991272,3.2851774918072496,0.5938064997182632,two_year,south,56.73,0
1.7880707405183667,3.6680107236977504,-2.3184785649086663,0.5947395083509531,-0.229146401155375,-0.5423700390193834,-1.7479273778728759,-0.5922888669750235,0.2957471860399242,-0.800993502039411,two_year,east,107.13,1
-1.7976201410494133,0.7523294838456394,0.47247580181679943,0.5927762392456739,-0.0751693433830598,1.5987473797841292,-0.9772746000167869,-3.0711789217568812,-1.385658674099549,0.6619449113463709,annual,south,77.22,0
-0.7108451516167369,-2.6760976225130753,0.005158740303907985,-0.8985125906996931,-0.3065915677969727,2.13560117369236,2.972731671899868,-0.08705410665865011,-0.7492673525822825,1.4629036964021702,two_year,south,98.03,0
1.41159012009446,1.590570154453232,-0.6408948163116063,-1.5472226450249142,1.1076005560585933,-0.8047310360216259,-0.8979502629198971,0.45506060803110043,1.2412671028770932,0.9916769698029694,two_year,south,129.66,1
-0.4379750583649821,0.6621275237688229,-0.2741456152866401,0.02068006268117626,-0.23765868923807254,0.8791857459242245,-2.17027107177228,-0.9219624723866717,1.2259291862152377,0.9253385096303041,annual,south,128.26,0
0.9080347772691264,0.41030779465235745,-0.14890622671098247,0.5367170847532966,-0.7515260008538784,2.3295385245394566,-1.2196857079323458,-4.104516227573085,-2.3733368844818745,-1.1170290790411053,two_year,west,96.12,0
2.3878599787377817,2.324746902998988,-1.321126585637863,0.13670321905196375,1.0962020406652,-1.6418013238995783,-0.4858702848109062,1.2439774423829353,1.165507765237801,0.9621199521996032,monthly,north,77.27,1
3.7404669677336466,3.0085648955533584,-0.1079211258920267,0.9451076112523502,2.643704037193173,-2.9180222837264616,-1.7492101368281057,0.7097036464897515,1.1674324412357862,-0.31803687102834644,monthly,east,72.05,1
-0.06867881335766568,1.8043955171077384,-0.956390586373844,0.46374536166294206,-0.33815746812685255,1.6426235224168684,-0.2835979260405357,-3.2109957981839607,-2.113719095226487,1.4081719247407298,two_year,south,,0
-0.9788158821028224,-1.2357939578332902,0.583567317144151,4.7613181703872786e-05,-0.3123579772561873,2.649805231484065,0.6906872937205077,-3.027086527201827,-1.999128692465511,-0.9607003236940854,annual,south,80.76,0
-1.6784057887703763,-0.19825448363049203,-0.2496756584228056,0.17834190387443777,0.19219866861478452,1.0968798584216088,0.1629819208892973,0.041149427823811424,1.1306968482825432,0.1163327127697135,monthly,north,72.4,0
-1.3255672394576945,-1.2246274484512463,-1.221646199724101,-1.3586199412127637,-0.6278522123944545,2.8038012200127307,-0.8665686087384706,0.4752923223055095,3.3428655341724953,0.1347998832704525,two_year,west,46.2,0
-0.1092509881956717,-1.2442700520769485,-0.7131706897387163,-0.5489171636244723,-2.022934260929979,0.29122067439042687,1.7851720903396475,0.7325534485595571,-1.475385006541773,-0.24643882088973718,two_year,east,124.35,0
-1.9809933835858078,1.511224073039708,-1.6059771775383025,-1.5144180502307008,-0.5431227648495247,1.2576675017538363,-0.7566598272226577,-0.1870721537300087,1.4755001609211256,0.6874198951006764,annual,north,110.76,0
-0.5331681223679703,-1.3542145432195372,-0.4121838255763558,-0.42031125922108775,-1.4861150686411826,2.0958055457359164,-3.394276714108811,0.05331050490293583,3.412563401560047,-1.1866802833250816,annual,south,146.8,0
0.8513143325701804,-0.9268103321084651,1.1923490328239477,0.442744727803003,3.380761792485961,-0.40129632593190956,0.016078582873646052,1.6058298271132896,3.390346204718053,0.5964249771636974,monthly,south,70.12,1
-0.7197900169814873,-0.7734293622125317,0.1171268071610354,-0.7869117393439446,-0.9540341883640057,1.565079771144016,0.2152876199911603,-1.7092055978017702,-1.4006056427712994,-0.5647680205446851,two_year,north,74.2,0
-1.7560494694506028,0.44262382433081826,-0.3199594151046263,-0.3765176739541664,0.05483833126887894,1.359079677811693,-0.3109838767155302,-1.0048357376979073,0.4547678315390329,0.0930384603864555,annual,south,87.57,0
-0.6240845428181163,-2.8505877148767294,0.8031865181682316,0.17633993971769787,-2.1131630191187467,1.372899273390475,0.8639744918122299,-0.8072526806577386,-1.9216839043399978,-0.7891411259860203,annual,east,65.93,0
0.32080213949197,0.4829301152031795,0.3040521740107969,-0.3962910757630206,-0.5473180216531346,1.3103145513372145,-2.66015495949408,-2.7248824542135575,-0.4571514188918173,-0.7899570518947958,annual,north,90.88,0
-0.19860741468833232,-0.16853865740170748,-0.4089207670980477,-0.5341020193372907,-2.1454354302016,-0.0737200990416238,-0.15220873630588017,-0.23592197413662652,-1.5264365680818872,0.7143426274280447,monthly,east,,0
-0.5573636776191581,0.8093409102530367,-2.8237072959803236,-0.16136273096427156,-0.25635430546689575,0.5801699500559954,1.3306714461726252,2.8309032811031,3.012878239955048,-1.1250586985746016,annual,south,114.97,0
-1.8263121964101188,-2.995589154551455,1.1316183536286857,0.7657635694493119,-2.6613320243587464,0.7689581764657297,1.2360306318986227,-0.2974475306575809,-2.412684773929037,0.15285805570121327,two_year,south,46.85,0
-0.24844386531568652,1.7325446085296319,-1.295237751805691,-0.13241529560802964,-0.7095522338038475,-0.24758784874899376,-1.3781870912886625,0.3428619752047201,1.0007912723262764,0.9664575875818501,annual,south,124.02,0
-1.6806574582493021,-0.7004924289576155,0.684249090256127,-0.7925019617777528,0.28560490311759,1.2641623836062577,-1.6760151919403603,-0.5223481879147721,1.9053154315006344,-2.2141576592272925,annual,south,123.39,1
1.4268547770599995,-3.9775577835914104,-0.32313909201255064,-1.1007873868475286,-2.378528218294997,2.818345312419664,4.962115769161698,-1.6515220875173775,-4.948432325628415,-1.431152013873897,annual,south,123.88,0
-1.13120647350169,3.168574938699275,-1.1911595639411752,-1.0421595183117698,-0.8236392225262986,-0.4222610707197636,-1.3437500943006337,-1.3080441263554923,-1.016187064946577,0.5567131257470307,monthly,south,61.18,0
0.7168133090058609,0.059599818206942046,0.24705461828364558,-0.7707448071370616,0.6650451440609639,-1.329313214638304,1.1906427875702112,1.0684053610813469,-0.43090848352432687,-0.6109212173848334,two_year,south,99.68,1
-0.3769190787407709,0.280346684892686,-1.1945626308724901,-0.5718206369493579,-0.04046523037033234,1.272079842267368,0.1759461656502952,0.08192664339559089,1.1935855584928068,0.4847400685577158,monthly,west,104.8,0
-0.009708569521913235,0.8388986132524814,0.014074113181220501,1.8104283991998877,0.3551348215897906,-0.19570883422464713,-2.1710925353728485,0.020227146107148417,1.719805652274625,-1.156823803151814,annual,north,35.63,1
-1.7146840067231452,1.0118100544681274,-0.056936828448394844,-0.31182352678556785,-1.6046269826905202,-0.3621369205850493,-0.9365387828335889,-0.8161211123011424,-1.3786966542529033,-1.7972214106526685,two_year,south,139.43,0
0.40228591778008016,-2.3326655769415288,0.05438395098268427,-0.7567060428323422,-0.7808410380988464,2.4814992585870415,2.168772963795036,-1.7161876977585513,-2.1209288171709657,0.5277876777565976,annual,west,67.86,0
-2.280467704422108,1.3745728153462091,-1.5796320805267972,1.1587378385394358,-1.6038302306138874,1.711206268221741,-0.9468298192397431,-1.2019569680797602,0.1729248802899278,0.09822441490830787,monthly,east,109.49,0
-0.5318992506000066,1.1478967024245752,-0.2331762842448358,-0.6843711307557484,-1.3764738431809886,1.069888465784146,-1.623317914695185,-2.8581781658482486,-1.9395685389502288,-0.12376643106353505,two_year,south,140.68,0
-0.3459055977560579,-0.4447049073609668,1.1095564889052012,-0.11704081321898452,0.06873028740225551,0.04486337431164067,-1.4533441008190802,-0.7772091179112917,0.136475217279741,1.0699183472379332,annual,east,107.73,1
-0.6097824702578274,-1.6101355563256314,-0.5109549533134472,-0.4699329842319702,-0.04315567421416999,2.3578004877732646,3.4013770786504254,-0.9669514494551985,-1.621345035961456,-1.0249075619772579,two_year,north,142.0,0
0.2878773723350436,0.6904561592164229,-0.6374795617062435,0.07108689578028518,0.15228979692187283,0.6605689350581506,-0.08204404312130897,-0.7403385974620493,-0.055205251902366914,-0.5149769333942964,annual,south,110.88,0
-2.1375687607011393,1.0726747096020548,-0.4066825286231701,0.969475697581508,0.2412881342973232,2.250229809985896,-0.589798307995247,-2.5916256536581606,-0.2249751018500994,-0.6952710443547121,two_year,south,42.21,0
-2.6939241102404825,0.8191297119529046,-0.5661626773438482,-0.6301591505094901,0.3612630489659434,2.081744819238721,1.5276186956791138,-2.0606286973585757,-1.1867746624950342,0.5576492499937975,monthly,west,114.76,0
-3.4924084119390706,-1.2874614238207835,0.9803056955794188,1.4512491530730323,-1.1931746538272268,0.06569806233787934,0.07443756448535832,0.6993933913267681,0.15998714778612833,0.18098237376315415,annual,east,72.74,0
2.6251934200598805,-0.31404465307975116,-1.7211065923272548,1.1805013083381823,0.29814054826707603,-1.187424372316205,1.0159981200975623,3.9088803202913436,2.9061639364017826,0.016569114937106888,annual,east,61.41,1
0.49247054149756053,-1.5539655062658455,-0.36758643790480816,-1.717572490348,-1.5318208309441488,0.3642328027359225,0.8588227002711495,0.7978278236380631,-0.44889334130330627,-0.17125210640087557,monthly,west,121.48,0
-2.1181314320179596,-0.40809317675283485,-2.655603449054589,0.35821820457992487,-0.9060895000595978,2.5911778790342135,0.40619792913980324,1.9915945254895675,4.062805486829044,0.003417072586838537,two_year,west,122.76,0
-0.8202870017566816,0.6823688850421412,-2.3183625943715436,0.6357553061300658,-1.8478824414396704,0.8674753369870203,-0.5186196389607305,1.3257198536542611,1.8328980252558018,1.7655976723841775,two_year,west,143.37,0
-0.9284783051255359,0.0429261950256854,0.008273532913152299,1.5253403481088246,1.2773752872798692,1.2998849666713215,2.1102927667652356,-1.2900990266350132,-1.054291175044577,-0.7123637934229116,annual,west,46.41,1
1.3237642433586463,-1.5503351663558553,-3.548590466108654,-1.609499351528873,-4.080566823228062,-0.0417428406165794,-2.4616472614689497,6.112278311058477,6.449372816886795,0.6620473799891614,two_year,south,89.25,0
0.004927337923326669,1.069690452817976,0.7003396313204342,-0.9005962418444308,1.1984864220824105,-0.2434889409320552,-3.0360823159506793,-0.6371012282548477,2.025209966913959,-1.1432739265955478,two_year,north,120.38,1
-1.7429168051251775,-1.3100310426146706,-0.33518342645401594,1.1361420976286503,-0.7177376035465983,0.3809930907131448,3.0472095902652923,1.2377495063600605,-0.8333283951802972,0.7395228002213349,two_year,east,87.13,0
0.21050150593133632,-0.8893653134036874,1.7814652033688114,-1.1676349242768524,2.807323862918759,-1.6511374524638573,-0.24891041078516352,2.223430626288139,2.8641621250798783,0.05568285472064961,annual,south,49.74,1
-1.7099841313151138,1.8869527741213932,-1.4863646241610071,-0.7535274519336607,-1.488349940572572,0.6278154702268959,-2.079294899466128,-0.387763320279895,1.0692660464469672,-0.018365757698480666,two_year,north,149.39,0
0.22499153495493274,-0.6897127351112871,0.7144615952064217,1.1346671281397296,1.6265721072957628,-0.2526718417400938,0.5874533699268265,0.8392786936500207,1.2183250930935987,-1.144477696003393,monthly,north,135.61,1
-1.3735788102755238,0.740048367850183,-1.5372921071050114,-0.139932713504279,-1.6076557170591572,1.2097972414234013,-1.911872335958857,0.21370932569197876,1.977924613318312,0.9538835283535521,two_year,south,95.03,0
-1.6111429373384187,0.39499175629146155,-0.261436415188928,0.9066791434867947,-0.27694730043146965,0.9677971244367787,-0.11139843161227692,-0.8526431828298665,-0.07823593604320445,0.9264734862581361,two_year,south,89.95,0
-0.611683413347393,0.24593595784099043,-1.6451186944106584,-2.003486095840606,-1.1660036848713908,1.2065534711729624,-0.6401783585778148,0.6483615315877114,1.746432589080705,-0.23655340085787718,monthly,north,129.2,0
2.4492858305424665,-1.1908627228987652,0.015259981696240788,-0.16098030759978268,1.1899589785629558,3.7743167110220015,1.3252913508933672,-4.38643256927501,-2.3407429861004134,1.3636044499340858,monthly,south,138.9,1
2.105149335111606,0.6754634161995787,-1.5998530773240116,2.1901697999683307,0.12939949784649096,0.9945510743471574,0.7192749415738267,-0.5452083372181858,-0.19120611211134353,-0.06190247775862177,two_year,west,126.55,1
-2.961332428932849,-4.113752559321514,1.1447672188054805,-0.15787188731775825,-1.8034625861538092,0.9337955545673152,3.5113875826294842,1.3853272964828542,-1.4299752955670344,0.1007366944021604,monthly,north,76.27,0
1.2758784546459985,0.06427567268400924,-1.8731066825942289,2.395496602143868,1.002697744548858,1.7534687462784442,3.26615208318653,-0.10617771660638514,-0.29642259084309464,-0.5176129646708321,annual,north,131.23,1
-1.4653032085867839,-0.8470143294242278,-1.7684803904365676,-0.7085052192203433,-1.4827823262464106,2.62682760113642,-0.6020615190552479,0.5823318561039416,2.672094922313467,1.520332549199013,two_year,east,49.33,0
2.705102365363633,1.770188694664633,0.0036905071705474234,-0.2123864659396494,2.3407429611032704,-2.2106332292889315,-0.5630705682744739,1.1399794256848963,1.2074584710714238,1.6003876210673147,two_year,north,90.27,1
1.0211479063679607,1.6680532628615565,-1.1531176498026736,-0.26778006002080856,-1.326208364709669,-1.0951988010408757,-2.0360736394236234,0.5767907881391282,0.5253299587195379,-1.3506887031499724,two_year,east,60.97,0
-0.3303841195059587,1.2145127013774542,-0.03883195235386707,0.14168216414313414,-0.020140290077785505,0.9301084456848117,-0.8075308719500621,-2.5435027488718327,-1.4716265185174948,-1.3156566263161533,monthly,west,35.55,0
-2.437628138854389,2.0570409950782764,-1.1977625158975855,0.997944205437729,0.9852253736850731,1.7004313182197022,1.0110695446298124,-1.644294356122301,-0.14372847513311404,0.4561917184552481,two_year,east,38.92,0
0.6525180740297912,-0.041024799038052784,0.5142730979875034,-0.3695429516147229,4.136626419610115,-0.01601244043990746,1.6619049198425597,1.1221476002430015,2.5626467078921866,-0.6660489623781523,monthly,east,141.76,1
0.1987489613539466,-2.6077908597326553,0.041703381672401715,0.0281998376754289,-1.3606828560179076,2.098989735430638,2.101771911383409,-1.0491788779042825,-1.9894116576599232,-0.9885229870914398,monthly,south,45.35,0
-2.3274652281385486,-0.9114677280917899,0.4839730720751096,-0.179757657486717,2.861788342262507,2.7781365611509568,3.1876382512584587,-1.516031062094655,0.1587616427529639,0.0463001756448326,monthly,north,104.49,1
-2.5956059074371653,1.738174688556592,-1.1023968473650512,0.23238603408694394,-0.44755456796915005,1.6813673918652747,-1.3568845047186033,-1.475150911120354,0.85612701574414,0.6010182204949526,two_year,north,51.09,0
-2.021946507269509,-0.6246116313051073,1.448452735140237,-0.030905646099688034,1.4904560206646673,0.07690629713951413,1.630872765621311,-0.45318890531389616,-0.7432467195943165,0.052214331792898715,two_year,north,88.31,1
-0.10775153826630701,2.0341944937012304,-0.3797821478101213,-0.30429260752918275,0.4452875210355154,-0.23293038612584693,-1.1143123760367082,-1.1314746932245945,-0.24776037090700576,0.5302358715097529,two_year,east,36.98,0
-1.9310595153767443,0.6346691225084395,-1.2835130705384301,-1.08809101892224,-2.5056063144590768,1.6255772245628308,-3.1050375429775805,-0.650776149299342,1.6542157482041482,0.7015077065416869,annual,north,57.64,0
-0.665398792491512,0.5261112357166497,-0.3522145470960155,1.0664427480079834,-0.7218801944807243,1.2813809820045394,-1.9399177677590718,-1.4530412670827484,0.49881349321222546,-1.063321648793927,two_year,east,72.07,0
-0.7544814027896123,-3.2025636798988364,0.8752148057217418,0.2047493551220373,-1.0683685229996482,2.341944248451452,1.948657145547729,-1.383464819762193,-1.9172660097594703,-0.3687199392896193,monthly,west,111.87,0
-3.6462186793153455,2.1224416924230796,-0.6484255990015348,1.8355043650917935,-1.7130926986891406,2.2880971828860908,-2.808993535635399,-3.6012713771368836,-0.760324768048537,-1.993866350163318,two_year,east,137.14,0
2.6902052017520024,-1.6487850569153983,-1.48116900382391,-1.2249244671532802,-1.7324040572832726,-0.1866605695070478,-1.9049910724938064,3.485832674682823,4.030555124143481,-2.180371319972253,annual,north,75.72,0
-1.440179186340036,0.8173168160094765,-0.992242718850442,-1.0677640359437708,-2.448708039786081,1.2531719101998395,-3.2133708560600933,-1.0661936676546662,0.9130023031338006,-0.6083842464551612,monthly,east,112.8,0
-0.664821702378498,-2.767971763848852,0.204722279497872,0.4387411825572088,-2.9868835471176665,0.1795986839377418,1.724469498526832,0.9823944368463259,-1.9805378583953952,-0.8231301264410907,monthly,east,38.08,0
1.257898567576885,2.2008036379602305,-0.1177768126008477,-1.1827083907455582,1.125668436330764,-1.3912335062693915,-1.2127859445803124,-0.3480247345587647,0.046710010228179,0.7679618961526028,monthly,east,33.07,0
-2.738219311625734,0.32585002458804757,-0.19269898385344175,-1.0604340281990166,-0.3113885011310147,3.310799963243842,-0.8974164140427713,-3.41809324762245,-0.4158990412633077,-0.06427473191395068,two_year,south,78.25,0
0.25569610445566415,0.24097306943147911,0.607320514921898,-0.7983152770565135,-0.11016428614746077,-0.9488873345444611,-0.688794449346863,-0.08122906055209908,-0.5362307242937014,-1.6289941703210278,two_year,south,118.87,1
-1.4682822211710926,-0.030542955328437316,-1.1885965592202254,-1.587534568449557,0.5166817102322492,2.1442143551747197,-0.17292286853321992,0.2780914883857367,2.8385869361405467,0.9986910497617737,annual,south,50.11,0
-0.5215588795207167,0.601767259966871,-2.529895876265255,-0.19840083933186128,-1.7476910145927933,0.8755273145375259,0.33252427641645865,1.4673037935440818,1.4358948959619595,-0.006282837553540936,monthly,north,125.19,0
0.1820184277966792,-0.3184138969381777,-0.35563930287016143,0.31741074132174263,0.3297807362511542,0.9813564335264896,-0.12567912595249497,-0.0989952318036507,1.0266926215703007,0.21455535168209816,annual,west,52.81,0
-0.34441249496619986,1.3309709492598052,-0.3475016004728331,1.314757873168796,0.030020945071990823,1.18584550681763,-1.6087492765241613,-2.203471654799051,-0.20105788837648164,-0.5742363202452844,monthly,west,30.89,0
-0.5714445823429242,-1.831481029540277,-0.5025606683921471,-0.5215532282087412,-1.559285473131737,0.25024543468057603,2.9590347492939397,1.3791174843877219,-1.3502727792485756,0.7542530185903047,monthly,south,86.69,0
0.8165059913872103,0.9678458805853662,-1.1861135340684874,-1.4309042759220754,-1.9597344772381495,-1.8864202646300288,1.2209082761728194,1.335192230525243,-2.0807853978122033,1.0180909021051308,annual,south,20.13,1
-2.1739894768643273,-1.266525494295529,0.3887627909499133,0.7199278259365356,-0.6276140113569513,0.4202338755295104,0.5437509991026068,0.8776120569001324,0.6389305086014401,-1.9744370591238094,two_year,south,112.05,0
-1.4375330284468912,3.9097485599816775,0.23084521609186123,-0.21971602360334166,-0.005255448031720955,-0.36294605500265975,-2.2946658525852603,-4.01454603358842,-2.9651300235993814,-0.3740552165971581,monthly,east,116.08,0
-0.49170113329590914,0.10153981828461289,-1.1923340045585453,0.10583321721681678,-0.44045202397101635,1.4654580956346042,-0.1622172437165419,-0.05140321008510107,1.19931592319199,2.061605539745889,two_year,west,146.53,0
1.6867044099060915,-2.0958994344828827,2.428811247356402,0.3800417453078309,0.725350579655174,1.0883704516708241,0.1839513226926769,-3.33157739864073,-3.105723185649096,0.44770674791633,two_year,west,106.21,1
0.7734017064712232,0.27246061025937185,-0.18942237279682153,-0.23892233468152813,-1.1517246086327475,-2.587442935355706,1.451260265600625,1.9793902486284267,-1.7321673633338333,1.6017785301914687,monthly,east,84.25,1
-1.358500839088716,-0.36138519367000854,-2.156388636361818,1.9744430669599986,-2.586351338260929,1.718228847650845,-2.126987160462231,1.574156806654939,3.5281350983942565,-0.5911542335971561,annual,south,29.57,0
0.04745937764935193,0.01270926563477448,-0.2821885948728391,1.2311075476881046,0.9895515110267339,1.4826819144254044,-0.30381374048835474,-0.8330860486717586,1.1724978150102947,-1.3159788590264128,monthly,west,89.46,0
1.8920943667779047,0.2193757928682727,1.5921102125778193,-0.7834708372538152,3.7529250265015324,-1.5060440342706565,-1.3184055202403904,1.0253373803130241,2.9317131767852063,-1.1238746232521086,annual,north,38.44,1
-1.2802391328475995,0.8864099420815876,-0.844300733080038,0.3325817303333303,-1.8493342683221208,-0.8550257987325507,0.6291358611825411,0.6091123696059636,-1.4128995066024672,0.4534566158472879,two_year,north,124.31,0
2.1404485054898283,-1.8425927084321598,-0.717787995202394,0.5419409156008885,1.731108472179884,3.3347430124508035,3.9446938299098737,-1.861148197924485,-1.3121230000148114,0.6579280183120589,annual,west,94.9,1
-1.6872771787874192,-3.5959238284366313,0.21128580277514597,2.9195830562140492,-1.8684835589393203,1.2469925022854174,3.8622119882157344,1.1734094042690844,-1.681009427230369,-0.3033270601298759,two_year,south,47.68,0
-0.7983771294080354,-4.758797092903068,-0.08336558746788861,-0.938979541986294,-2.0739275371709347,0.9573888862662977,4.588150679192144,2.9698036919033197,-0.6162472214983185,0.6895153328807198,monthly,east,111.92,0
-1.4639076496133065,3.1584580939720976,-0.9129994115073574,0.24368470734420306,-0.044692652130308486,-0.16300500223262326,-1.3463424053297874,-1.479825752610512,-0.5047558892302579,-0.8310216031855159,two_year,west,63.29,0
-1.501662971405656,-1.1221161220208153,-0.3260132211966765,-0.3021480642529795,-1.2188125915955097,0.5332756152044491,2.040991497747604,0.6186028122397553,-1.0061699294002804,0.8553359187950508,monthly,south,106.98,0
1.8227390366165848,1.1549137545489434,-0.2287650424125009,0.9214165036848636,0.45006374585803377,-1.9039810851664345,-0.0658496605618738,0.9538112241625526,-0.24292271125043174,1.01006230866023,annual,north,121.34,1
0.4079659688827997,-0.07357189570100431,0.14400750353132688,-0.7308346235093026,-2.33186014729654,-0.2191831546562184,-1.0919546095498167,-1.2703266212749917,-2.374350500881912,0.7179268742838428,annual,east,31.25,0
-2.7718560474858496,2.2328898618567625,0.011621295229701985,0.46326696733373735,-2.275705532894232,1.3251995237535723,-5.120320397719939,-3.6385224704100705,-0.41305207925003495,-1.2802905248036514,monthly,west,86.39,0
-0.25217376287658155,-4.372407655658961,0.7635097005458302,0.24131578684391652,-1.6971492053146555,2.217642381665752,3.467281248763021,-0.5109708708551195,-2.6176807454777293,-1.413651973421758,two_year,west,33.48,0
-2.9621896545284194,1.3501946139569618,-1.7542498708260477,0.013009423596201703,-3.264111584895227,2.1826064317087113,-2.2098207675035235,-1.9187325709767793,-0.30260687420648313,0.01663274782457386,annual,south,104.43,0
-1.0720530759366536,1.1019288464650505,-0.8503575075966373,0.15505706758674898,-0.41553389890960757,0.3588987015959454,-0.04045594090171534,-0.2869791934770539,-0.024100729840051516,0.1856911606208195,annual,south,61.01,0
-2.293910768924558,2.171423427024213,-1.8138457601154978,-0.48015707984239253,-0.326375634731637,1.1214144694120272,-0.027400921223794894,-0.49374285511951255,0.6888560461964885,1.263829835408762,annual,east,103.66,0
-2.694695427002401,-0.5591375525238884,0.16515941146110652,-1.3286167498420722,-0.8079562179200672,0.6687655018227743,1.4172411260579574,-0.22868463872835829,-1.0800178587429459,-0.10712156502301842,two_year,north,26.31,0
-1.2485975864332226,0.5434080367216977,0.3365870301498591,-0.26709921400370396,-0.6711334509234059,1.6952353602775188,-3.028953827511708,-2.6549606771744565,0.2678767926331136,0.9256890641369381,monthly,south,132.71,0
-0.15371669260982246,-2.114006208792196,0.8928066176425645,0.7377103414231455,-3.15624026806733,1.4821698056111985,0.5275478569305152,-2.9766715868668046,-4.7531009830091495,0.5415753196552562,two_year,west,82.16,0
0.7760855026478624,-1.9678857241547467,-1.3675515296820813,-1.4530363521705056,-0.6151837847573354,1.5669524609367593,-1.0040778692098293,2.613002048328173,4.6787940553873275,-1.7284538394066848,annual,west,123.16,0
1.664696846083475,0.26955764636209634,0.6287251170555934,-2.432632550081768,2.763251874103192,-1.715444279133834,0.06409280713850984,1.9812752744072533,2.341679967334569,-1.8592712128471867,two_year,west,49.46,1
-1.0821141578422937,0.6062141479220373,-0.6154035426114421,0.28962615785789336,-0.7283469933740387,1.6508663364606018,-1.205629847779174,-1.6577458427355738,0.09847013492847889,1.2983544759686438,monthly,north,,0
-0.41810910660904665,1.010403306113635,-1.6815098096307157,-1.5782780551176736,-2.8203874052160964,0.23818278269614002,-2.6692393197902264,0.44124171142647306,1.160085125458902,1.6660592062791961,monthly,north,119.29,0
-1.1349192415157192,-2.8183825302135643,-0.03641409656913129,-2.0596562966076535,-2.101240872344855,0.9015358481120552,3.496693224972661,0.7213072470752306,-2.3510712633060855,0.9548904532436984,two_year,east,130.94,0
-0.47000768557235095,1.9113280619222706,-0.4790735572609172,-0.29168589172725345,0.5219755474025438,0.37592463609125915,-0.483424107422726,-1.618923882320706,-0.6754829367456918,1.339690912407326,annual,east,76.83,0
-1.559827845690164,3.062234853908376,0.020158154558445576,0.45333257630154566,-0.42043222772593936,0.36222908722663805,-1.9400782787974815,-3.7971636974459093,-2.6330767758720115,0.195465941727779,two_year,west,140.94,0
-1.2563058400339062,-1.519771910438093,0.5703194527865942,-1.158683708562126,-1.6738472651096759,0.5115129563985809,0.6660135282528414,-0.39634511380916415,-1.6105600397518849,0.053160933166526196,annual,south,95.35,0
-1.2923761658717243,-1.068336618699168,-0.24283366180156105,0.9516145659324822,-1.6694033683865568,0.46076521619945743,1.321812503781889,0.32458639586834287,-1.186054753180361,-0.08798658368259848,two_year,north,26.38,0
-0.8549379316654885,1.300564000730757,-0.5020305984255552,-0.15437577153122067,-0.2964017080721142,0.8265856250873307,-1.6564380578805231,-1.3487849525333342,0.3652724083027904,-0.2556136937375111,two_year,north,78.87,0
-2.799233840849686,0.13215758852591453,-0.1707899846907577,-1.0788012675958347,-2.640761014990203,-1.0480284383600007,0.8589297902863987,0.7983168113655021,-2.018138477651047,0.6343263438045207,two_year,north,40.85,0
-0.579815057497074,-0.32123129812221984,0.3661223862251136,-1.5544567983210695,-0.09536427865187058,2.0401929140507487,-0.4090994543140687,-2.741399417618913,-1.202219213574569,-0.655229519089943,annual,south,115.27,0
-3.0968750471077664,1.0139657915505569,-0.13601565510093105,-0.06556699478335197,-0.7849586842783994,-0.9669385217509274,-0.49411653642561815,1.219821023303374,0.7692485632415833,-0.9230627559652935,monthly,west,65.16,0
-2.5231800995883726,1.3795264349566072,-1.571384896576906,0.35903805731286603,-0.4321907440223909,1.907575441205693,-0.1986233516315703,-0.8338131886088469,0.9733067292470585,0.8063123072882271,annual,north,46.15,0
-0.6231152930230617,-0.3618769976263282,0.39857151896453347,-0.9643334032217915,0.0553304006781854,2.611345929321521,0.17023044474337634,-3.6102117005145806,-2.0529150782295913,0.31814277307931554,two_year,south,129.56,0
-3.5645345436315834,-0.6044642704023102,-2.0789850753685197,0.2725624769483309,-1.7002607616679284,4.187985793834473,0.2636277315107094,-0.8524759141231503,1.7814612998865988,0.26189686458394035,annual,east,126.31,0
-0.1365037038805157,0.2757425239747755,0.1311478825671712,0.18015903798017335,-0.6549366544552937,1.8459757327359987,-0.4398161155289648,-3.4560439207632982,-2.501419320283941,0.9474278281372311,monthly,west,64.67,0
-0.3817512714387161,-0.34316832724197877,0.9411256476458387,0.68106087266081,0.10603873874517034,-0.36631262615087024,-1.157960204893253,-0.09140677048374445,0.4119457955659246,-0.2082732235638118,two_year,north,72.47,1
-0.8079046164033343,-1.4376618283760394,-0.8804653987056713,-0.6589959459510658,-1.226499610733304,0.7008817857000473,2.598002070924008,1.3323420646293433,-0.465978878499258,-0.8853190064856387,two_year,west,27.88,0
2.200625234250808,1.4911905777754042,-0.9403823676189126,-0.1550097899759721,1.8804365919136115,-1.0343967521564787,-0.5316372807847738,1.5077100469145286,2.4444736689052364,0.4325996666036033,monthly,north,43.26,1
1.5377627631764814,1.0633065210033321,-0.39608841648339366,-1.751260187855902,1.8120741444207848,-0.4238117590622864,-0.049212713411119546,0.36373518287803996,1.2162770268838967,0.5154502291643168,monthly,west,115.67,1
0.9892726329192021,0.25986165746693757,-0.2897864169255037,0.04103109768231282,-0.3955688372992209,0.0334391157703835,-2.2623027428509044,0.12800431178322788,1.5547018368864043,-0.21079929352034354,two_year,east,93.6,0
0.17433947794031557,-0.14210158089221891,-0.6893121392832229,-0.40341435569052314,0.021899426593534166,1.4374881329363196,1.3633952366823228,-1.070445494655036,-0.9499788284202452,1.9080790932929923,annual,north,127.02,0
-0.14836512150004122,-3.362509968846355,5.59431329726264,0.6023957796477685,1.1108868536212142,-0.8139637988311699,-2.2956894921090796,-2.7292884285973935,-2.2225466644399896,0.36015884751551613,monthly,north,85.15,1
0.14412026412157575,2.0186115929175346,-0.7776170043233696,0.5939616613026014,0.8520574816728634,0.1282333874947572,1.2926363825541287,-1.513619503993238,-1.8717992692210692,-0.30917813825342083,two_year,east,119.82,0
-2.2011612334653616,-0.6111475200817928,-0.1452720016719797,0.38678017849333207,-0.6457698112344796,0.762652307489833,1.1516924264520285,0.24841788210930896,-0.1605668221389449,-1.226996016049748,monthly,west,86.29,0
0.8147179865840177,1.3151497180940566,-2.7927266305727567,-0.9743065679177456,-1.601883967645715,-1.1061084921861637,-0.621279585051318,3.5179541711782916,2.872794262207326,0.4694663390504268,monthly,north,93.85,0
1.3595195590671612,-1.6337983583927862,-0.8708223997468126,-0.5289618602198147,-0.8505027238737611,1.1053596789461881,1.7818510902370408,0.5529857168798552,-0.3692225221098765,1.6884363838660748,two_year,east,44.0,0
-1.9253236930843531,-0.8258325590109814,0.7802916701024389,-0.5107594854710447,0.6862920024633348,2.4576611193660356,0.2954167459323296,-2.4507986592419724,-0.5004499287282971,0.4834959418562884,two_year,west,90.77,0
-0.04313029416260572,0.3489980385516852,-1.5120550435217346,-0.24107080533534056,-0.2287635072780987,0.8679508072853828,0.17619225212436218,0.8484578856860573,1.6275681723493554,-0.5755853883161589,monthly,west,46.13,0
-0.29512378511622384,1.3087810939597568,0.7756651285991921,1.12820463849901,-0.7637325421882332,0.6035893030689324,-3.4022970831651373,-3.3783175874383877,-1.3614126434048623,1.624068419126725,annual,north,92.31,0
2.10756697538828,3.525111957734154,-1.4318082857353462,-0.42469757145456016,-0.23563326308471844,-2.2795816530212307,-2.22195311691614,0.4359112353350455,0.2231537100660782,0.17974037555798109,annual,north,38.39,1
-2.054499942170531,2.887410053152337,-1.8670342013501402,-1.0099855783999077,-1.4412877506856931,-0.060247756286978316,-2.304898351955524,0.12422890751048042,1.3926182936901224,-1.1082865705146072,monthly,west,44.18,0
1.039390184919355,-0.7307792460875047,0.016979356203942905,-0.5414978335696513,-1.4902686431664758,1.5174964063955745,-0.569738298852509,-2.43543772128479,-2.168224546273726,-0.05631825623938778,two_year,south,119.42,0
-3.027178599314259,0.6271263958571605,0.44458296736222747,-0.37564109250085687,0.46173449767718644,0.1335831064227101,-2.0308986850849027,0.48177686827935773,2.6792922387327835,2.7047298370821973,two_year,north,29.22,0
0.16581538849747957,0.5606821918752154,-1.6846622173712147,-1.113613472092826,-2.70629405840476,-0.36792651295671597,-4.210176684916297,2.24176342212567,3.8583676013257002,-1.7708535425352958,annual,east,68.01,0
-0.3920730372907255,-0.798983219389183,1.01541382129091,0.2752177153082032,0.7300715217101159,-0.4267116253391682,-0.7239477610761963,0.788372179048001,1.4202408538811344,-0.2074609184388969,two_year,east,134.12,1
-1.3215652596370546,-1.2025499576227678,0.3267492306259807,-2.127725510722331,-2.7191472087967927,0.04830866977118986,0.7296377106332831,-0.4528661525161029,-2.727618623420307,1.7748584819635604,two_year,east,33.56,0
-0.34058295621512213,0.7369177326410309,-1.4666181479542135,1.2520564038715585,-1.9232208089765528,0.44693798575783683,-2.241459803328461,0.578884894964199,1.7045969516290054,-0.6360441445611116,monthly,east,66.69,0
1.9702913617381697,-1.3607793059789517,0.1839436312281632,-0.05735582635845274,0.680921104680132,0.33764018656650463,1.671272919666082,0.1258176066533608,-0.6143570384696737,1.4018956415100765,annual,west,34.81,1
-4.04056772142812,1.1942571392886454,-1.2296839083148459,-0.9038112926888339,-0.5780858449640325,3.585347693504859,0.22494852748669936,-3.0899904405555128,-0.535710051505411,-0.9817529058768194,annual,south,133.95,0
-1.629612380227989,-0.4708720512242348,-0.4078066923165041,-0.3481250141484119,-0.4679693333537742,0.6025495067332639,0.8533246948281343,0.7094786466669872,0.5573846246435077,-1.0020753828192557,annual,south,36.41,0
0.7081038732156244,-3.1146791065495596,-0.5326267310558277,-0.2300666162758226,-2.0852264356006174,0.6647014958175491,3.035269251251051,1.690512793689017,-1.1929826083599981,1.627083532074451,two_year,south,53.09,0
-1.2948011180906127,2.1246163917686562,-1.1300009276363085,0.2796580669409926,0.03298409095550947,0.37419849979589115,-1.0852269821893454,-0.4924145255966254,0.9041253844909551,1.0114368077379166,annual,east,74.85,0
-0.6009167996681339,-1.6646202222531659,0.3904318589779343,-3.8233699722006818,3.4247607004140623,5.240743031633986,4.203916349158768,-4.476771531716697,-1.726402203780681,0.6049091930312601,annual,north,106.48,1
-1.5178725256458363,1.4339372154399106,-1.3364206727504333,-1.4564210445574668,0.5194269624961023,1.5155454660194838,1.1933021316446828,-1.0529987004326837,-0.13708343845221194,-0.47174881771778676,monthly,south,64.81,0
-0.440435883516501,-0.9781947790553347,0.5696966271996493,0.7217843574814788,-0.33038078225108003,1.9476010748448522,-0.4445774545150516,-2.2691940846969216,-0.925597175571765,-1.2779479286806585,annual,east,47.76,0
-0.09748108072261985,-1.7497507605184137,-0.22607131433810965,-0.07209230724022156,-1.592139510011743,2.50373577523075,-2.3516925168669687,-0.9112013540633881,1.7369920015873639,-1.1614967646811558,two_year,south,68.54,0
-1.1942770720800804,0.9761678747486529,-0.9365407872476285,2.589395772125517,-0.7283535668808168,1.30058288909136,-1.2137550668424326,-1.0492265726398817,0.572521215539469,-1.0129295306290347,two_year,east,94.23,0
-0.33587131535632986,1.0934220513674733,-0.4190479834110018,0.6468792013019947,-1.5765263380833474,0.5533690008657268,-2.59651218005863,-1.6284067718678237,-0.3681691894362853,0.35890388754065927,monthly,west,148.8,0
-1.5222423380372776,-0.8649855783434562,0.33009467226436917,-0.1615587128904927,0.9326662823406255,2.7260176799416875,1.2260120373356767,-2.272584156587002,-0.5806007073380406,0.4977675784573373,two_year,south,62.53,0
-0.09874667844763885,-0.8166469672774019,0.6954328104341213,0.08731487165043468,-0.9412508438059858,1.8986527621497082,-0.5038607621927838,-3.209776621594974,-2.4273806789115966,0.6853302635469779,two_year,west,67.09,0
-3.5663103386517685,1.314291857974623,-3.1169210376447896,-0.6572613099282344,-0.1640967462678341,2.9217434976414243,3.3784496344406207,0.14357517929051236,0.7503921560000454,0.34672284362262606,two_year,north,111.81,0
-1.821964114149103,-1.0213761046363248,0.10679459884913317,1.220036220416435,-0.5110178753052813,0.741807489221819,-0.1844801615171392,0.7494855450747149,1.3879861386522174,0.29349220365627193,monthly,north,58.86,0
-1.8051159319581043,-0.3701469424117879,0.5412700776565864,0.892028788219899,-0.1267426460189094,0.8700664482386626,-1.0274418855839054,-0.6094230547455561,0.7760306356402331,-1.287180586489674,two_year,west,65.46,0
2.03962028625123,-2.9645765970547493,0.2173941251055158,0.6587294216882903,-0.6457091816531522,2.7335165463653186,1.7523580260383098,-1.998540733775943,-2.022843783425638,0.482174155892323,monthly,north,149.31,0
-1.735455646334815,-1.96728559617977,-0.7601527684207534,0.8701705539657539,-1.868272970320479,-0.9322902320587798,2.7394082342748387,4.091199696192668,0.8561942665750903,-1.9047691855706848,monthly,south,98.55,0
1.1580133161557078,0.5915475702083364,0.572558880725383,0.8245060163689849,0.5765366101055033,-2.3660811809726203,0.1198114187778434,1.267469208332051,-0.39290138642877825,-0.4381966787787375,two_year,west,127.75,1
-1.8804177060589948,0.6357567148463,-0.5408302879536462,-0.1076639639533695,0.10200177766942642,2.118734014827697,-1.0272542372446876,-1.6183328741550866,0.9914797351866765,-1.2072061884584755,two_year,west,24.12,0
-0.7942946311566552,-3.593780293092771,0.11744337853787973,0.20223577988031868,-0.7960307778142834,1.574250879410616,3.700957929358203,1.2560352267169508,-0.5731153442706545,-1.6223087557432994,annual,north,38.91,0
-0.7561126760924768,-0.04531793136280071,-2.284375194895376,1.9644100095279224,-3.086781220284315,1.6515091322475262,-0.602638487978235,0.3432240020745039,0.5970240486376337,-0.6481167505418117,monthly,west,114.6,0
-0.68019821724445,-1.7340396646897522,-1.3615640228358932,-2.0022804392967437,-3.0664899241401553,2.6374109100135823,-2.200497264936427,0.15832118701089165,2.213132254427335,-0.3470298338006314,two_year,west,90.17,0
-5.005055615344316,4.214274260774859,-2.2158334372123054,0.7398546681621936,-0.33884033458231855,1.6597250135499215,0.2855732729806453,-2.262806800573666,-0.7674800673864852,0.06767782935919292,annual,east,149.38,0
0.7673754544264528,-0.025940196866759635,-1.3919858421885145,-1.0523506547482295,-2.225690290033525,0.24077795313550132,-2.0576613457549393,1.033353686214268,1.591828437776328,-0.1384464290245966,two_year,south,84.43,0
-2.4290236782857186,-0.15268559929740544,-2.286699074772462,0.2313551586738568,-2.8824241334094545,2.49427135234144,-2.000157804964797,0.6762126547407464,2.980679293613297,0.36982018993982324,annual,east,69.93,0
-2.0294190800663916,0.47423962241109674,-0.8388479182238381,-0.3189095288517786,-0.5059486388228736,0.5942296037969488,1.7719657852683435,0.03294019563776858,-0.8015899192234035,0.028284874307266835,two_year,west,45.27,0
-0.12161930643492858,-4.726764165720304,0.0906501896822309,-1.085797192187796,-2.6395408400575784,1.2819684080842308,5.065409588339782,1.3028073652475194,-3.0437862617613476,-1.240894082702987,monthly,east,96.72,0
-1.5353410185900898,0.6431519046614118,-2.414448316911547,-0.073961653025409,-1.0118128223199256,1.18358747324136,-0.8778164231719534,2.1258310150771713,3.881965241759169,-1.759334502261845,annual,north,119.66,0
-0.19250966149501758,-3.2239059043860747,0.02087573724928986,-0.774281943997853,-3.796225878098014,-0.5134661173544857,2.7484114247795297,1.830346660675523,-2.8950971341342795,-1.373279143271751,monthly,north,140.18,0
-0.8350201589207584,0.4470696532126186,0.820457336529108,1.2824175241090499,0.08493703915770467,2.0444409232637435,-2.4650841865976,-3.7471330753464036,-0.7236364655306843,0.6522721282621913,monthly,north,37.89,0
3.3380774163087326,2.6382894869547537,-0.8608447373757748,-0.3508383853556438,2.1107676159738062,-2.6900605943078673,-0.6069721482441361,1.730651806767775,1.4578174661185122,0.1309754383022664,two_year,west,21.05,1
0.04803704171520906,0.8689796508043843,-2.1104605524814124,1.0107017966702203,2.0653407752560686,4.8898369476444365,2.782945072315302,-3.7631415756355677,-0.6634205038904948,2.1920072149660563,two_year,east,82.13,1
1.1736586271325244,2.443054876514853,-1.934797896441772,-0.4666772057518613,-0.3997909860821014,0.1566288314126918,-0.89685167123452,-0.657647666275199,0.023992054186581457,-1.2600245869345814,two_year,east,,1
-0.05021278546300656,1.0013270486218118,-1.3118969677319456,0.7324834858490266,-2.555350931175806,-0.6812234858010517,-0.9206818828823266,0.514422075311568,-0.7231504773556947,-0.8247574602734319,annual,north,99.34,1
-0.6543363952333563,0.12418179340573499,-0.293313027920379,1.1191160136223322,-3.769631585144884,0.6998701444636107,-6.633041633868932,-0.7325541035522063,2.332465701031941,-0.8938996435440167,annual,west,100.64,0
0.9953744984403207,2.782818730260293,-2.111730740753948,0.0732027662612903,-0.2777645959057713,0.7411099253803501,-1.3463708931821716,-1.3229473255017419,0.21069065632289863,1.9054799132084344,monthly,south,73.25,1
-1.0196529296292327,-0.20668836082054165,-1.3475347005420677,-0.06050488456181234,-2.2121563077304005,1.8917592500665545,-1.6462572992896916,-0.41497891962168393,1.1560440461088195,-2.2321321033027437,monthly,south,108.04,0
0.527608508960814,-2.9943638160585744,0.705645512967003,-1.8772253745643086,-1.9259857264526414,2.0926022286028103,1.9325181971356007,-2.184067834102409,-3.6556636789485153,0.1262995323713526,two_year,south,45.96,0
-0.11812032226836056,-2.0474380977433886,-0.16235432701970332,-0.06606024123546654,-2.0459731954502116,0.986670557768805,1.2238209695574995,0.05704284401594894,-1.3677404216030946,0.7489878998515256,monthly,east,125.12,0
0.26750568814488673,2.4629537224744933,-1.1928950103934102,-0.7025206474412508,-1.9558213598263094,-1.1590895019153753,-2.816561612244325,-0.2102330319251276,-0.15544933422990614,-1.7686430186426851,annual,east,26.54,0
-2.6888099797562512,0.09769856077254924,-0.5544929526582886,0.4341595130373184,0.15065052289880665,3.2515768705417414,-0.5645223734677879,-2.1720221488664766,1.0425442975328068,-1.9022778873061728,two_year,north,42.34,0
-0.3476769104398303,-3.4363928812622433,0.5276909772537537,-0.2586623908623264,-2.181525487679507,1.6155736742626767,3.232391587886826,-0.765161376082359,-3.4733380543741474,0.8050268636656346,two_year,north,,0
-0.10093563057561372,-3.046730219040883,0.23264864047177938,-0.33530808115557653,-1.2623466414987174,2.538943768026193,2.5777616635810903,-1.346210637972077,-2.2661682986073077,1.0752685337754098,monthly,east,137.05,0
1.071770379008192,1.183802254470244,0.9507496002628202,-2.2584322378348674,0.7632939483432043,-2.159576906229669,-1.5545737969851543,0.1673712833370253,-0.14229150528457435,1.5007891880426047,two_year,south,142.16,1
1.46499680812933,-5.42247107953259,6.440224023361813,0.7873004367380781,1.2030959435831474,-1.3114884394611654,-0.6778816287009324,-1.8720048194974512,-3.1137488988690203,0.23969765661073383,annual,west,138.1,1
-1.926020548345444,0.002547171034301021,0.35617941625746946,-0.8734219865169159,-0.6161245029224219,1.7374756520190497,-0.1292429577536265,-2.5839786337165465,-1.6865915184774836,-1.4763054556534547,monthly,west,77.38,0
2.4272275737019395,0.5037504534698793,-1.2370425367516775,-0.9012117280409172,-0.027219993476530036,1.5294833438796336,0.5714634210270949,-1.9196105588380246,-1.387738679116079,-1.877987332459781,monthly,west,142.04,1
-1.3047052806485104,0.6649547634217912,-0.2781505526522094,1.8157473232254409,-1.9386076674664183,-0.9808326195366459,-1.5263599042884617,0.7190427419959545,0.063694560549167,-0.0035110693574988195,monthly,west,50.86,0
0.09596351264588909,0.608070423848099,-0.6113346426519818,-0.8442532134733134,-0.4446906226630377,0.6190976219942586,-1.3716611667882308,-0.512910297964859,0.7508838785267324,0.3314513360870106,monthly,north,26.44,0
-0.07466846129406934,0.09232376126115494,0.18702306949413783,3.0739361482581677,1.8503601304739656,-0.2082756366125682,0.07701580471348324,1.0909698979189806,2.1847547637246536,-1.7409800685395371,annual,east,92.44,1
-0.3394977061372374,-0.3688697667489249,0.07290466231804994,-0.2272969890488033,-0.3873814089844032,1.3479188424520707,-0.3700046473784546,-1.4916638997501808,-0.550385607365451,1.6654650154749147,annual,south,60.73,0
-2.2659199101637943,-0.8928759971131635,0.6265144611688741,1.186013947624684,-0.11235346705199267,1.6026249017032788,-0.06720052187814862,-1.1474948581961153,0.0805280117914573,1.2765341115346296,two_year,east,89.17,0
-0.6982913160719313,-0.8724300410860427,-0.6515575788467329,-0.497666579943267,-0.4359313523461572,1.1478776290383694,1.9967909786185112,0.17697030394312144,-0.4831634551291123,0.040117470652492056,two_year,west,81.31,0
-2.901460560168487,2.050140100770653,-0.9770932116155627,-0.31445677135399586,1.7705040095555327,2.0586935836186564,1.283453562868556,-1.8799801553733344,0.19678700251701997,0.1272808359132182,monthly,west,82.81,0
0.22288485093638788,0.5359467765296575,0.4108677408669299,-0.8252539976044889,1.0507056540353314,-1.0809118631036092,-1.1037590535346655,0.986412926838268,1.6612248971744594,0.5008388768469167,two_year,west,94.11,1
1.2102216436967812,-2.98376656817395,2.477959183907381,0.26677060830494637,0.7304275672316116,0.24154799455742548,1.577273973789742,-1.2149594044975174,-2.4157656376199097,1.6498434035251872,annual,north,140.05,1
-2.0661052091328775,-1.9127467034976444,2.289568419909175,-1.1481651212162662,2.110635908385337,0.7914886394092386,2.3593461374832385,-0.9662069488057246,-1.027345236934129,-0.14962472882518557,monthly,south,50.71,1
-1.2889073513777336,2.224913630439975,-1.1629165364232654,-1.8528986286591462,-1.209900575626076,-1.0708225418304944,-1.3268245392541478,0.6824040879444869,0.4345945704878975,-2.0994716915844616,two_year,west,133.89,0
5.016529594919956,1.0048136651644053,-3.7554976890954235,-0.6859531810794616,-0.9633941813163116,1.328273420218622,1.2840693041393547,0.1835984770230599,-0.15326342372588841,-0.80984327788781,annual,east,115.4,1
-1.564555803696744,0.7722088403661165,0.46161107915783933,0.37474364378992014,-0.23658007468183273,1.193521626877215,-2.08481075942292,-2.3674520418729617,-0.22187339233427006,1.1754739880289957,two_year,north,30.3,0
-2.555988068051136,1.5218839020630648,-0.6007250682101201,-1.3810082174189615,-1.0530073926998922,1.875993696562666,-2.1757498986929775,-2.5201587927121634,-0.03425478802470616,0.7428224243307346,monthly,south,128.6,0
-2.0301291319857873,0.08272214109934783,-1.3336482649085473,-0.5110566431037458,-1.5534671409041838,2.5018671733909166,-1.2032033153903539,-0.9363759436074819,1.256689041246196,1.1631564485228636,annual,south,71.69,0
-1.1085296141870238,-2.5872705709388653,1.3811742441300303,0.5917560215864587,-2.4207175471575093,2.092088060669408,0.5388197801760641,-3.1198274547767815,-3.9459330570344893,1.136947339679811,two_year,west,63.65,0
-1.2575447183064448,-1.9550912397803821,2.153559569800041,-1.0598151378941112,-0.44528162653819003,-0.6872938446167923,-1.042488658805235,0.41073734320079525,0.14042679836379757,-1.0177245890507391,monthly,south,,1
0.3014081439242252,1.2757670838714241,-0.336104571871184,0.10729944768172793,-0.3787785135037032,-1.330181051011885,-2.516155350277395,1.1032490413755736,1.83293525312994,-1.2409671920126535,annual,north,51.95,1
-1.0223733852977246,1.6754703998925184,-1.0938773944115205,-0.3139914422417315,-1.8257645110314047,0.3887686762135415,-2.7987253783308774,-0.7792035293132269,0.6217201883858934,1.3738315799911218,two_year,west,109.43,0
4.485804766719507,1.532560010655701,-3.399309613132466,0.441347181995233,-1.2732726299783526,-0.3946223003895728,0.5027959697579067,1.4950205292131085,0.3076675241609621,-0.463958222660581,monthly,south,130.65,1
0.3841712839045184,2.3473433625176963,-0.9157524540746844,-0.12951615828822352,-0.825820824393318,-1.05622130007239,-2.0634466393102535,-0.22479380105788102,0.02986232839955838,-1.540959891775932,two_year,east,51.34,0
0.39140543945305484,0.0988478459619806,-0.7254616471150833,0.8122867038487008,-1.1355128317432297,1.677898531070689,1.0048774173080017,-2.4519224146708187,-2.808655786837079,0.7699605000794589,monthly,west,68.22,0
-1.9738942848973413,-1.0075454708011824,-0.516619362169261,1.118605216268331,-2.0429939484429274,0.1203389705554474,2.7864868843326347,0.7956270101364907,-2.1562633606199553,1.3551895032689372,monthly,north,39.56,0
-2.2021244151903767,-0.7422540771753582,1.4330406520832042,0.051849738006057425,-1.7266123399176436,0.5512115675983695,-2.588256647316118,-1.6604091718916019,-0.6554285212484349,-0.4540957176481299,two_year,south,124.46,0
-3.558070697362212,0.304142989661897,-2.664364574829002,-0.23779575368159042,-1.335719150601027,3.1301784699982824,0.15435982212048538,0.6974019830859154,3.0932849731174703,-0.38101529663099176,monthly,north,113.21,0
3.644363200463997,2.9687925763778655,-0.2536654865701099,-0.07051585387154717,3.2207395885272945,-2.2599075597436196,-2.3094497964648832,0.7269643255293312,2.5433663748088886,0.37740187793421115,annual,west,111.06,1
-1.0998489805390261,-1.0307208004184483,2.9264093945968797,1.3138366011534186,1.3163179897765034,-0.441178974535015,-0.5990810817354484,-1.6585666483747739,-1.3005447986374745,1.6254496576251487,annual,north,,1
-1.6335203198791164,-1.1261285641078573,-1.4392791666327938,-2.6573696380678573,-0.9795825440416497,2.9264190681816804,-0.9768419173919292,0.49786646826803477,3.385205680636376,-2.1370399331166285,annual,south,135.97,0
-1.0349714770781642,-1.8493843088390454,-0.5153855895987334,-0.8882000037999868,-1.1031367104894485,1.610551561708144,3.679043263018963,-0.19150590998828715,-2.2120450400285963,-0.5813133468844226,monthly,south,134.79,0
-1.2506209637025845,-1.3769030926563257,0.625877407631149,-1.1094134895544177,-2.6895504854717096,0.08767611402939302,0.06329840333220027,-0.6022990026582782,-2.4055452674257864,1.0112014756893333,monthly,south,101.3,0
0.09056753320278577,-0.3169312980176415,-0.4208866144561705,-1.3349974941206506,-2.6165356418509327,1.187601103678415,-3.406301282747868,-1.1688676642190765,0.531420216453399,-0.2988527733977099,two_year,south,57.54,0
-1.044915266962984,-1.5923199619651678,-0.10098098537669208,1.3158576329389984,-3.819950042080245,-1.4783250359028002,1.4445541147615664,1.9062086751210638,-2.5170703445556324,0.42664238502457613,two_year,west,72.4,0
-2.9303953238996954,1.0322563958361384,-2.2951067891811516,1.3298934550483588,-2.0792435361079193,1.988157253222897,-1.562256782746903,0.3669957017506744,2.4823657067619767,0.07437259842525645,monthly,east,23.76,0
2.3287016324863328,1.5807543250719842,-2.7422256243330447,-0.016931270395567626,-1.1485514349044226,-0.8661026453256897,1.3737310852744482,1.6822682240008406,-0.3342264497294436,1.7366153106545281,monthly,south,139.14,1
1.7674454415409684,-0.40268198914414266,-0.4096248850979831,-0.6516656034602372,1.1566878572796786,2.299480309677417,0.8738136980026311,-2.218562547007715,-0.63813842584176,0.9888222361592075,annual,north,109.37,1
-1.7126872992671622,3.183000015849533,-1.3663837019580893,-0.7308263245812997,-0.011171988872520466,0.3879382931528482,0.6054523189387457,-1.9604908264113974,-1.934630515379057,-0.8288191769571199,monthly,north,138.06,0
-2.3470848031755116,-1.1735967072023632,1.2362938117683497,1.815861355191759,-0.03592322911736734,0.9162829434514446,-1.1252198454098323,-0.4655566702092907,1.0364813616492112,-0.03376238708748051,two_year,south,59.27,0
-2.3215681737645237,2.1761841793569907,-2.9272485429313377,-0.6858030621771208,-1.0995568331875742,0.9390069097235967,0.7481948520430806,1.0145453485641782,1.3398532964754044,0.5785671147215076,monthly,west,142.83,0
-1.8944984478429876,0.18133108280536792,0.08050888038995944,0.8906011205920309,-0.7042239643248469,2.6849382492517546,-2.1703812498161876,-3.073513839573458,0.03343904316468027,-0.4911137078139563,monthly,east,132.32,0
-0.41083192161001203,-0.6789302921360161,-2.874375219499342,1.1723674691841421,-1.6622088035703841,1.565320214096579,0.6469464863085985,2.8348438771564597,3.384377541428072,0.09310607132657023,monthly,south,135.18,0
0.1051367617294231,0.2585651348809197,0.8276059802830016,-1.5804319188183131,0.6230727670427991,0.7656104811386749,-0.48008270223873395,-2.410869922825436,-1.4711257878620645,-0.23248121524915208,two_year,south,20.02,1
1.0779727522903757,2.0513532246858697,-0.8506718538855409,0.22536121055736363,-1.1088397379137382,-1.8208461867778318,-1.220079954017201,0.36126001848428574,-0.8189708544866121,-0.8777396450943036,two_year,east,69.04,1
-0.6526664687785554,-4.382232341304601,1.153924574290602,-1.2578307253157779,-2.215203551977895,2.1468478212753457,2.649475486997757,-1.0114160519814228,-2.992473799649882,0.5725719125314558,monthly,north,35.9,0
0.8058885355570802,-4.436825340242287,0.34744920369192756,1.0543448103104556,-1.4144102356594273,2.758768055346918,3.707148141859223,-0.7922220759835521,-2.5233791912866783,0.6844702218624353,monthly,west,141.27,0
-0.5743458883187711,-2.496214887365012,-0.13163364755835083,-0.892519914071697,-1.1259031990936095,1.928105549258278,2.5086984476439516,-0.26991221525726666,-1.299514688140057,-0.919920388792381,monthly,south,86.78,0
1.3018826755820982,0.02085064729193098,-2.4036872286350754,0.6034657709755695,-1.81162688002162,-0.7548216773330434,-1.776860193291518,4.149924753454253,4.468464581223815,0.9390366890649431,two_year,west,83.61,0
-0.8750987225173732,0.42884280884883086,-1.4587033926670694,2.238243314509746,-0.7955106733028884,1.295249117449899,-0.8821401596389515,0.3789289800592409,1.932839028757103,-1.0197984426174296,annual,north,83.3,0
-1.5389335591636155,-2.5637549027629385,1.9041494391403189,-1.9069693676147486,0.12292099241921561,-0.3330849818978674,-0.4584154314312182,1.5503099197602583,1.70368744226489,-0.2762567266374787,annual,west,94.14,1
-1.6720049669422339,1.317396407996542,-0.24496244401091913,-1.3086412548960586,0.7158213373277671,1.1298029995948484,-1.138778985979556,-1.3704478343618638,0.8946406669064395,0.14610036682009261,monthly,east,90.79,0
-1.3747691979739345,-1.4805189845576172,0.13653547468236113,1.3806975619771593,-1.7209540415669027,0.6925975670235707,1.0652424395739668,-0.024228646756147984,-1.2919563576669781,0.5170279518185941,annual,south,139.22,0
0.6316200430738639,0.5790326461706585,1.3617314390903141,1.2622166534902919,1.5279388029757173,-0.9796697149396276,-2.42593403464811,-0.37792948203122584,1.3119293799963794,0.5064306811556066,monthly,north,134.97,1
-1.8742620349580972,2.6428756728926444,-1.7640214349141072,1.3537651898564633,-1.5721691249123073,0.16472620090910994,-1.860562374987576,-0.35053484747718655,0.5881663318962261,0.12318944496768795,monthly,west,121.88,0
-1.5089352731321104,0.7135640517886337,-2.1023499672135375,-0.15174440004844428,-0.9125388940067635,1.1919934726291055,-0.8091095170346289,1.4803705992575815,3.124069810011253,0.05159396863696837,two_year,south,61.95,0
-2.790140231241414,-1.1012833648772857,0.2792593371598914,0.6432221837022548,-0.8148428094414787,0.00515413320959468,0.4972026739380643,1.5959881233913764,1.1013687188787435,0.13971889711528923,monthly,south,121.98,0
-2.8745125666072986,-1.4909555008710136,1.0868868631147193,0.3872512364883335,-0.47067951362504135,1.317157752458481,0.1446882209989433,-0.7768275908989695,-0.14847501190363188,-0.954092699420155,two_year,east,38.87,0
1.1702232518347522,0.20594424692111502,-2.1016574424728476,-0.1565090261145109,-1.2693490685792577,-0.5790884177899678,-1.4174869711886477,3.4061102976243465,3.8249221059826577,-2.5319544543658905,monthly,south,131.83,0
1.3403089211880812,-0.22642880091710182,0.9794505481870326,-1.3556691798267464,-0.30747033678695246,-1.2648991469522932,-1.3524430094832565,-0.07187316607721993,-0.581840191051274,0.8820320872898737,monthly,west,120.49,1
0.16963365867269986,0.825823471683928,-0.5777325898155834,-2.5857608774134624,0.6311075745411792,0.46869486319170917,-0.44628575249077673,-0.2718752572592898,0.9026468671507138,-0.21538484908611388,monthly,south,120.88,0
1.1029777434581296,-0.3301900185243125,1.2691929051486468,1.1071075086432989,0.7423778914794315,-1.8625993096382705,-0.670450398062387,0.9870763427962249,0.277007521316169,-0.4732247817530039,annual,north,88.73,1
-0.1761694622195732,-3.6795125618602103,1.0903079371714623,0.5827813689090268,1.225828608836106,4.425737252597122,2.2303073076365427,-2.8198298127547443,-0.6589914251345893,-1.1967031517046558,monthly,north,78.52,0
-0.18935440882381382,0.37097163496281493,-2.113778726400012,-0.9440068505940674,0.21340540579161127,0.8752307362073035,1.409529703310009,1.8686816145122205,2.262266508636866,1.0503467257662638,monthly,west,49.46,0
-0.8000112062750564,2.36504411328358,-1.5070131497133397,1.4853414883365743,-0.5947843243792004,-0.058257141816036695,-0.3475003131781039,-0.43255034918112645,-0.31838665213857364,0.4072457878711677,monthly,south,125.13,0
-1.2764094998349862,-0.9521164487757042,0.32080363470162315,0.6878562056247081,-0.40571706818958253,1.7871142562094255,0.3740212626441549,-1.5629809641259478,-0.8007694558133329,0.6072527200019704,two_year,north,145.57,0
1.5729414256935033,-1.5635102863983528,0.4861296007716756,1.082059007392524,0.8080945543902197,0.19112034039897063,1.607946883011463,0.35614374988941777,-0.35767841283755486,1.7797659073267766,two_year,north,90.66,1
-2.0947226278417177,-3.5107639465778684,4.679874826244693,-0.1310217776116252,2.6389782031091795,0.9741810383548942,0.15227891946189898,-2.229756359465554,-0.715445663967941,-0.6192811451917187,annual,west,137.29,1
-1.622615860051671,0.9877239864038919,-2.9417481873367675,-0.6907278432186726,-1.8006129741771202,1.207632257760509,0.3021695858433806,1.6851797849203025,2.1107307346265127,0.3231332772117692,two_year,south,56.71,0
-0.044388694076164414,1.8328639993652835,-1.3899083649390243,-1.7406912554887741,0.19677892458766832,0.10036981921965094,-0.41125070346075665,0.09504019281073944,0.8711424792934779,0.5855946418582824,monthly,east,87.31,0
-1.403184924336819,1.8446114483649896,-1.9875937838738287,-0.5543325150443099,-1.590415285712,0.6014821526933998,-0.9375293464302537,0.03918555382269334,0.6639251887408735,-0.08452821198117984,two_year,west,62.66,0
2.6980250565013186,-2.1426193394197015,-1.6320984105983385,-0.7019328230598023,2.1682705530043775,4.32761988155494,5.343377269006888,-1.5806043567351944,-0.8583202257932225,1.9942516609931675,annual,south,148.93,1
-1.3746279216070976,0.3751938864046067,-0.2494776543028936,-1.2218816176512708,-1.636355721974681,-0.5105048919082191,-0.4499850283042175,0.302939825898,-0.6300563259306984,-0.0871619173041757,two_year,south,52.54,0
3.7543329500399176,3.126052482313852,-0.8697931233070489,0.011185562401159138,0.5077832279989074,-4.537713492929989,-0.22542645045525644,2.2452986565402484,-0.8157937203398531,1.6389078817259786,monthly,north,108.24,1
-0.5428938096506215,0.9158424324888834,-2.0936073444123435,0.1633167267616065,-1.6328941166434663,0.5735821190550265,-0.3583927864333345,0.9676447861155725,1.153890794559999,-1.0064034591134927,monthly,south,119.35,0
0.3197373759393467,1.5402423256078737,-0.44268413225492853,0.11460343657047227,-0.5750134555315116,-0.6260521267130196,-1.0747633846705182,-0.6735790126904317,-0.7793418235999197,-1.6568695952638302,annual,east,24.19,1
0.1621829534903878,-1.7356199045787273,-0.5233662654287587,-0.6042161867360647,0.38464045751329157,2.6930789238679083,3.527355072237199,-1.3409857642492755,-1.6576785540650651,1.3791975359280244,two_year,west,147.7,0
0.03341435100811774,-1.8428612002223446,0.6682684588960598,1.1224847137903489,1.0871227645127706,0.6229459723162613,2.5350162882831597,0.40572351071884194,-0.3504510140627688,-0.18005985689792073,annual,south,31.87,1
-1.341475634505566,1.5170025759911576,-1.3499150401256121,0.4329522419914202,0.22146901763575344,0.9876816949828386,0.016725644918804017,-0.3060338611565489,0.9451213784793009,-2.051975507820553,monthly,south,99.83,0
-2.6769846227407843,0.7433000094691377,-2.246153852091373,1.048392394011227,-3.609516535643852,1.755076963239656,-3.681462896688394,0.5429835108727974,3.037905534747066,0.07125642170939388,monthly,west,39.42,0
-0.2142540985283774,2.6651345085047016,-0.7003467462986251,-1.0813463040236229,-0.01652003422952486,-0.6130390753096464,-1.2293770655974479,-1.1318596288748028,-0.7017387840659237,0.3314574874145148,annual,north,87.7,0
-0.32029575199803273,0.1385936567896191,-0.1480906307678212,1.6293301419921171,-1.8563830045918372,0.45848180366577573,-0.3642017106966968,-1.5676794609017768,-2.2760433538450617,-0.5513686718438718,annual,west,32.13,0
3.0880049951987494,5.042169465446535,-2.759195244851499,-0.8514891918981974,-0.8506188018956709,-1.9034376441242962,-2.1096646590268513,-0.7170663973418897,-1.1143648110246085,-0.1292328523861578,monthly,east,121.56,1
0.42105822428071815,-0.5764268899638324,-1.0618423430129766,-0.3408076385668478,-0.3991977232226398,1.9690469112875397,1.5262673220193668,-0.9794613368814674,-0.781349772172986,-0.5783722610257026,monthly,north,120.48,0
0.5828183597426215,0.03293236074532935,-0.9299724810049598,0.6216152377358688,-2.220217841064282,-0.05202644383299271,-4.294840625744369,1.3366050557324594,3.308339337501928,0.3078014170497323,two_year,west,97.76,0
0.049551522103841394,1.9372647320291474,-1.129412634633709,0.1484518936362165,-1.6553668930518808,-0.6779380411331675,-2.461087387740745,-0.071646768357653,0.3244954098658396,-0.8370883656069161,monthly,south,21.89,0
0.015399904663408792,0.4847252619954545,-0.7397184045997337,-0.15541775903280117,0.2011771509490763,0.8896152892108559,-0.19286389274966076,-0.3918793201246957,0.6757664912509778,-0.8033697122715007,annual,east,25.46,0
0.7099272238056913,0.7632296060331778,-2.0846857506975573,-0.5140151796580956,-0.01339069991089914,-0.35661961820042487,0.4327443466333911,2.7427227486126085,2.7456062395366754,-0.9205976203822145,annual,north,43.53,0
-0.8385218650350914,-1.3961233029326943,1.6902344719680717,1.1931243368855502,2.704721428059433,3.430749020756633,1.662211157287633,-4.235468914427001,-1.6791429472731099,-0.2552287463772893,monthly,south,146.36,1
0.5458634440120531,2.39583987327892,-0.6917188285543834,1.702041624311885,-1.3151730566349864,-1.0674371137397953,-2.3551514780722265,-0.9971921255285376,-1.0004599393447466,-1.0496442883444135,two_year,west,53.1,0
-0.3509951681782708,1.6969516263068054,-1.2058887200701596,-0.99630278344166,-0.8387384984645131,0.3596337110564751,-0.21646243014296762,-1.0400289139363468,-1.0184788518799355,1.26885967160742,monthly,east,117.63,0
-1.1858934511191956,-0.3577801827514786,0.15401194190474707,-0.06979051473968774,-1.224142337554953,0.1509298206637847,-0.17354244201645597,-0.22230601493343227,-0.7147347691592456,0.30614739495764653,monthly,west,56.56,0
1.9109391389171293,-2.723971486924648,2.1642903225546433,0.216297396109207,1.2900739931830965,1.731519772783846,0.8302581975856803,-2.7964861929429765,-2.082529486594975,-0.09479631655475271,two_year,south,53.22,1
-1.466215769528302,-2.173645820685409,-0.49414746831538436,-2.0831513100289123,-1.40196173728394,1.0509587411134496,3.160782486232889,1.1736951837827134,-0.9040357684376943,-0.42232473185998703,two_year,north,53.52,0
-0.592649895981622,0.5061333289848915,0.0025663178621382547,-0.033266648172420483,-1.02766287056874,-0.23241423030296882,-1.4371345598531573,-0.3522954149672899,-0.12342182638938404,0.011238370623425123,monthly,south,58.62,1
1.3191078127983273,1.5195612352133026,-1.1969843918760146,-0.19112242047564607,-0.5733850484971472,-0.8345614785642067,-0.1509551669777981,0.2631558422723962,-0.5519778112014082,-1.1913647108639727,two_year,south,21.16,1
-0.12425451314535851,0.8511842580170892,0.6775303282567088,-0.1670120874728608,0.24451785254885616,0.313552409553038,-3.2596357611673956,-1.5869058947706338,0.965003539799648,0.7350151645819861,monthly,south,148.33,1
-0.5831034891771768,1.7433611756773668,-1.860871344820156,0.648792295649793,0.1684625981207093,0.415301984754601,1.4086184800099697,0.2714339884171717,0.07628192401780642,-0.9063103462841,monthly,east,,0
1.1037081496456689,1.1267513849211104,-1.2036528673790954,0.8471087769646857,0.2260777980074511,-1.0558878267715015,0.21532431542549513,1.6625401339827395,1.1084118499523492,0.904324171072769,monthly,north,98.24,1
-0.8747715075366678,-1.3851700583178972,0.7285508160993494,0.043118547048030205,-0.11932790293727402,2.555129560914076,-0.07877811200060658,-2.61363832217375,-0.9468139601710552,0.44290240431764455,monthly,south,89.97,0
1.5556884065295082,-2.0777547280363713,0.21966018004130616,-0.9817900040759671,-0.8273881738314167,2.5200331651853274,0.9171847160408244,-2.5823395947160472,-2.2942701536047623,-0.37159334288833906,two_year,west,25.7,0
-0.19893630147041208,-2.6275752036133264,0.3028486774504318,-0.016151448559409077,-1.3469096938748257,2.1960162577109497,2.839254816289197,-1.6808657961539015,-3.166947573595617,1.930574971186995,two_year,south,81.3,0
1.468249569303356,1.6438367906771754,-0.3351803936663732,0.4579965824444409,-0.22108370281492662,-2.1825467017841413,-0.5658952026889676,0.7176328283997817,-0.7430134935709816,0.1778929363552786,monthly,north,90.16,1
-1.6486520632727037,-2.7552418964055168,5.799940507385442,-0.8898758776849381,1.046023864450201,-1.9415332863420174,-2.2692560941624977,-1.7429166885228862,-1.9724552820725327,0.09256303231228602,annual,west,107.48,1
-1.2580219233426837,-1.4850237591236153,-0.18538283495252253,-0.6880116608015735,-2.377838057174065,0.574667799279522,2.144361301480499,-0.11865437667621388,-2.6834194929512005,-1.280863997563538,annual,west,89.44,0
-1.2601917125610826,-0.5468556538703289,-0.4250452919242237,1.3376955653380953,-1.0436593918141086,0.7295138718331875,1.5790888551808617,-0.1274133204443877,-1.229151086284692,0.5245859655508914,annual,west,27.16,0
-1.007491243536177,0.48645822914742,-0.26976326877102813,-1.5448544981864154,-0.8555682175263778,1.4710177741791373,-0.18614185497306002,-2.3180161822147163,-1.695354908028614,-0.37450036701941913,two_year,east,100.61,0
2.178794808378,0.8781297029963707,0.44320767361282876,0.6381330453110328,2.202757750155992,-1.966220215981998,-0.038143071010608764,1.2298918197774302,0.9936393077130911,-0.21647782584998065,two_year,south,95.55,1
1.1752820395948542,1.8369965096480825,0.02198426427200331,0.6187508654241923,0.5911183075856453,-0.7472216647443857,-2.574666786442176,-0.8764173219908475,0.6190699980691758,0.7448066304054566,annual,east,90.93,1
-1.3241378228678158,2.08313490658894,-1.6208476957270634,0.31171213304728146,-1.6984903073487687,0.12110825383274437,-2.3240788865481012,0.05118542425966999,1.187014928819202,-0.697451083140213,annual,south,129.63,0
-0.6601733265771823,0.3325071490497762,-1.1425992932388838,1.4149314201816479,-1.1136591966867277,1.3265379378263593,-1.2063811725393578,-0.3138574202188687,1.140714862454835,-1.6737420876081077,monthly,west,78.16,0
0.24541646423317087,-0.44305190781836323,-0.255013140311145,0.5014293781657121,-0.5979298877970152,1.4371045737426595,-1.527461610013695,-0.9504659915163461,0.8524948770512658,0.8457957766861347,two_year,west,,0
1.598707007880071,1.4647476477906036,0.060026160177884286,0.18813337288154186,0.8245692585808901,-0.8488519148893161,-0.7600471613895784,-0.9041041166437205,-0.7424111461020275,-0.16498263297129456,annual,south,36.07,0
2.890233548479869,4.644303590821812,-2.013719497691463,2.0505497822546936,0.34449570090976245,-1.5631103072422383,-3.361383504224698,-0.6787700150073035,0.8073423901249844,-0.8368457174122136,annual,west,52.81,1
-2.0117532469197403,1.1499988944375117,-0.5145502279395322,2.1480798569101727,-0.3729532664216435,2.049835907418018,-0.5738829280029383,-2.704251973904844,-0.9189337081692,1.1197644231004458,annual,north,130.55,0
-0.8970514100829923,1.156561249490772,-0.3101350061937476,0.3441375664713766,1.697606349769257,1.519853759494151,-1.2834142609375458,-1.211688877336568,2.0720403191601418,-0.3414124121713697,annual,west,22.11,0
-1.9299405733575052,1.7582928131464408,-0.3667657246949172,-0.6641170588584265,-1.2084973634178495,1.446362351616087,-2.0587661660843066,-3.1065425548763312,-1.3228074990516077,-1.3707077062166104,annual,west,40.31,0
-2.3956565193490134,0.25261455132515187,0.48909974326255695,0.3405346269596545,-1.1429875619586962,0.32727775976358864,0.3557686281443281,-1.5016243081453031,-2.287271202709167,-1.0058331409688128,two_year,west,127.04,0
-1.7841728051500017,1.612145992280025,-2.488494561005081,1.3826281536677247,-1.4010075729694986,1.076773954226817,0.2609015152057006,0.5245958512288974,0.9391484794392891,-1.2021380192524722,two_year,east,49.81,0
-1.0009554955171247,0.9972272700106536,-1.3244494817016963,0.5480581055882722,-1.148378228520541,1.2266781905129238,-0.554451485447506,-0.8585751882960108,0.00787763556973664,-0.7390339789522268,annual,west,53.7,0
-0.8898354780498202,-0.9131631799195596,-0.20634971035269156,-0.6272135714605412,-0.34173753665810824,0.961487119063591,0.7811178549341493,0.23313438514428442,0.3411013538421508,-0.45296323440735164,annual,south,111.1,0
-1.674101790422546,-0.8600533536545711,0.7413413481226462,-0.04805355028873056,-0.11260995945987962,1.319541089651037,-0.2138474208877983,-1.2289575746310157,-0.2041140242700742,0.7478799413186458,two_year,west,145.65,0
-2.7970866785259862,3.6093371204616607,-1.3267089168775297,0.8007933065840984,0.02412396165538344,0.6294727475097702,-0.3449877147918379,-2.1420483824488628,-1.1140691735350479,-1.010049497943068,monthly,south,45.78,0
-1.2237533741219149,-3.1178589140685395,0.6055413247230746,1.0720336996567967,-1.867619429124686,1.6481794293637075,2.501958395994306,-0.5485921315559301,-2.3827040787032003,0.25248714230204466,monthly,east,117.17,0
0.03402127457673276,-1.2865525134832088,-0.35057940997621434,0.5778491469651337,0.018936881617383383,2.017361814988635,1.4657635517212846,-0.8596440680717459,-0.3768226588906951,1.2172570419509436,annual,north,38.27,0
1.801593263737368,0.20036425086263332,-0.6678497356269715,0.17862162093989434,-2.206872490696255,-0.26432154265800745,-2.07812437413532,-0.34803850822210247,-0.5535068270506025,-0.6648558752083478,monthly,south,69.72,0
0.5434162455443399,1.442241060314617,-0.38577673813475233,0.46957492080501595,-0.8139000014916344,-0.520961958984445,-2.5819659154381123,-0.5613109883837428,0.3669345608183915,-0.5108873649774615,two_year,south,62.03,0
-2.044986273336566,3.0855890010294167,-0.47958132719340313,0.4528149970627863,1.2940791980913313,0.620959019120375,-0.21014392735929033,-2.457061882024842,-0.9611527178626793,0.5296316903451691,annual,south,134.89,0
1.318936182142156,2.437465280547375,-0.9451210888598387,-0.09288189429630087,-0.2471340064348444,-1.9732849345107575,-1.3973250657584673,0.7373266407184528,0.17123284130298255,-1.2575867916887848,annual,south,105.2,1
-2.4203021963719156,0.833068193315373,-2.912300750152406,1.5258099092741078,-2.60246364687851,1.7928394410906594,-0.9481450805125838,1.2544953024849481,2.5750890230947814,0.2831084539643704,monthly,west,63.36,0
1.6661326385252124,0.28884697328014153,-1.7521980180401984,-0.35389113875049966,0.4165099406038959,-0.08064705878708134,3.068331016223258,1.4165150926497156,-0.35302469580640206,0.8937011586282895,monthly,south,22.81,1
-0.9068790387500195,0.1622368330339119,-0.6595785181792159,1.318363404375751,0.681948502143211,1.226238787004564,0.8281145318380813,-0.1382535304696671,0.8556547022604817,0.42993065927531987,monthly,east,67.97,0
-1.531992341707654,1.6234120635717688,-1.335732000844163,-0.2540836088701218,-1.5064505385615523,0.8952202885460699,-1.663087669281413,-0.8949237683814152,0.3493492506254794,0.15073198228863832,two_year,south,146.38,0
0.9176230647760457,-0.6063621120583598,-0.2111066426141856,1.0216982076364465,1.5414117377947552,-0.6874009879133559,1.8069895847305886,2.2434706548099825,1.5695648522333943,1.697680501289147,monthly,north,88.78,1
-2.8516497685882056,0.6743809993949514,-1.9599408689141504,-0.11452805771340999,-2.1694295480307044,2.3865336164051074,-1.609758363270411,-0.3795153043574774,1.8755628304460796,-1.1238043381118945,monthly,south,116.48,0
-1.0577064128778144,-0.2853217929709726,-1.0145251423891952,1.567150603097875,-3.408471713168934,2.0152550947098344,-2.9048366034941377,-1.4709867620527979,0.1742357069130741,0.32840895429214534,two_year,south,64.9,0
-0.5391963727852913,-2.3114990318630104,3.0719556234974053,0.5434375354486645,1.5150450681396044,0.5892360744963174,0.5562548542657937,-2.0623327705932035,-1.7427392758891767,-0.174935070235985,two_year,east,,1
-0.29715699247067306,-2.908858450752473,0.4528413839567748,-0.4556108096290316,-1.5640412228462837,0.9699478486192917,0.8834649766952818,0.6950718484960781,-0.1884624653383108,0.6295419545564953,monthly,east,47.51,0
0.2721082919471546,-0.09602630815851176,0.12644977655489037,-0.3610681009984518,0.30456337596260274,-0.07223140472995437,0.40821855778517135,-0.043478025003820274,-0.2595409094807972,0.07925846121454118,two_year,south,128.8,1
2.407758194167448,-1.998702280220035,-0.9594719995270422,0.2792916101686358,-3.2447362087985923,0.2614611694518134,-3.799277334241721,2.116750525905413,3.2153798261732307,-0.8331457228280807,two_year,north,66.78,0
-1.3301480999366095,-0.4362823092716561,0.4488194264104742,0.6635381059596873,-1.8949814153490436,0.2189556002481855,-0.46743240819261067,-1.038581970509864,-1.8313327091986147,0.5663060717705748,monthly,south,24.82,0
-0.7513433653221584,0.9909349334251787,0.3596948017966253,-0.08788251983835094,-1.5422911071706262,-0.3361065822629472,-3.1583092484287985,-1.2569588907005909,-0.3165996870380624,0.8545535349958936,two_year,east,109.57,0
0.027501971982730966,-2.1149646823303665,0.5486616973401721,0.3213560818260907,-0.6295532425295796,2.6087638419531487,0.3207814078790391,-2.22458171553685,-1.158587479292669,0.9891511907220989,two_year,north,40.25,0
-0.5719764740146664,0.7873279976295595,-1.5987148562333866,-1.4197340521812378,-0.6924832101763897,0.5684261429730162,-1.0488539507541896,1.1338395356685662,2.384493832552945,0.24601837895038217,annual,east,123.84,0
1.4771836864903065,4.080025217689767,-1.6981212045886656,-1.3333310821579005,0.5937282672904518,0.3828581568015019,-3.567757026827859,-2.303810651128593,0.9415239797803113,-0.3842714480683224,two_year,east,21.98,1
0.6570925119508437,-2.123300307882335,-0.03476973984790322,1.0860943756948296,-2.4774283305424296,0.6058508364617592,1.1403167862196804,-0.1556362044897568,-2.227152396796149,-2.4324855835183308,two_year,north,96.13,0
0.17081731976518577,0.8811419230199276,-0.08453439896866798,-0.8542640670449172,-0.9439413944479003,-1.0414003109917425,-1.1723803597191378,0.03411782159075278,-0.5376366733857667,-1.18324822507526,two_year,north,84.42,1
-0.8987449891240288,0.5522810869889212,-2.1021776406071035,0.5695718648363326,-1.2753998333208325,1.192927547182976,-0.12223356865395885,0.9559987815525682,1.7286939794070988,-0.3016787460499574,annual,north,149.67,0
-2.3796726976522447,1.256215191515484,-0.9969325638408929,-1.408398770992171,1.4649020861285464,2.629186085292133,2.4526938767939384,-2.353469848367037,-0.9985063375215122,0.759043633257462,annual,west,37.47,0
-1.4079758945156229,-0.20684790968484146,-2.4999282327404644,-1.7091145147269773,-1.6268193261639352,1.9890374320830158,0.05664661525946246,1.5674191028124678,2.800862869627019,-0.7743122522104713,annual,north,107.43,0
0.5089679215526077,1.17800790368205,-1.3275652302187344,-0.3379450598601922,0.02562678701683696,-0.12314657010550834,0.18377292434499926,0.6536864574240512,0.6958467365044751,0.2041495344870525,annual,east,32.34,0
0.09451216057426692,-2.7229541867039178,0.39997011666388743,-0.19948517912183036,0.4253641615962922,3.719864616276461,2.616626959252688,-2.7155184517600373,-1.8239128071130501,-0.6478317298122773,monthly,north,41.03,0
2.7726256344682323,-0.25007981640921906,-1.2856322186284257,0.6427950181381058,-1.399543470467833,-1.41239391308853,-2.6345575626600026,3.306162918134766,3.574303276359,1.002906683231752,annual,south,148.48,0
0.27226886976115616,-0.34420443532588396,-0.9563287522592783,-0.9144500017573899,0.07044724030270255,1.3160580879240034,0.08615086068664768,0.27375907388186965,1.4781489614122052,0.8737313631204927,annual,west,124.87,0
0.35842703210376103,0.15147401469949118,-2.1986151055664953,-0.5419601454990677,-1.4515852243374934,0.4547553160812138,-0.18380180319584383,2.0555155560784106,2.1944366626156637,-0.7193893618450459,monthly,east,,0
1.7704501281193008,-1.6048444969425537,0.641253441376972,-1.1850930105652713,1.3152277223869089,1.4324681891475963,1.7284526429585454,-1.3930439529813121,-1.1259640489688125,0.906871461580294,monthly,north,130.02,1
0.8254805193074248,-2.356239074922895,4.104857848622092,0.9241062288039723,0.9520094558594412,-1.660657957814522,-1.7705033179602596,-0.9740959174829129,-1.2653631572612638,0.09887547782270653,two_year,north,24.63,1
-3.0485765849152413,0.2928180911120821,0.7187702616716415,1.39165326142657,-1.7172945685357504,-1.0777725243170102,-1.5394447396585682,0.518792715479842,-0.08870560592045429,-0.33172751249790366,annual,south,89.63,0
-0.09026802662480338,2.571046540201547,-1.2628983269962357,0.050607003272937746,0.2700646904633468,-0.8504781203370064,-0.6373834425218436,0.30269154140929333,0.5446072221215141,0.2259067507775541,annual,north,31.89,0
0.5841838443161187,0.7748650704447676,-0.19389540124046054,-0.5048271230841708,-0.5363670744236619,0.14421296703038544,-2.0174615743831508,-0.9169134396332046,0.22267803864847358,2.1480969552677665,monthly,east,146.22,0
-0.20787420588154604,-0.9354138357508974,-0.5085800913314287,-0.04878882157651374,-2.043783563412398,0.4377249544240637,0.9566570195973695,0.020545922963331107,-1.5753936484005509,-0.7906879269831233,monthly,south,95.8,0
-1.6162405747714743,1.459869289553123,-1.4540521865897087,0.2854493899157143,-1.7350748018692754,1.212694767319554,-1.3929945077373713,-1.0996468272576263,0.050704869562786414,-1.2600327367942126,annual,east,92.25,0
-0.011568861066951097,-0.20647916325630766,0.944877778611931,0.9617151656423837,0.9804801891069547,0.43500012799485077,-1.6124431305320226,-0.8406882180080661,1.0906015012375954,-1.6769756629561094,two_year,north,61.34,1
1.3015473037421248,0.1096637380332941,-1.4734493592852687,-0.5348546858723158,0.224513375970121,0.1120705573781452,1.916944759078893,1.3021459719927133,0.39285169411869836,-1.4644537365958807,two_year,south,130.49,1
-3.2744985606420776,1.0333026467461095,-1.785849185659222,0.8189611192583456,-2.478533610309889,2.5033888386674414,-1.9555235552231096,-1.2698265902050507,1.039631615516189,-0.09449538550911714,two_year,north,88.92,0
3.0989821016259573,-0.4261491999363468,-1.3680343378606572,-0.9554228294662757,0.1811001800250146,0.5500466135796063,0.9688265543501746,0.7065486127687834,0.563662698355595,2.1812948363850495,monthly,west,22.22,1
-1.8391488524233575,2.0736249516871865,-0.7656260302570712,0.5020086353400156,-1.4423403337410274,1.0819991356696852,-1.8765726651121266,-2.5740305332372397,-1.246552518887226,-0.44887924994400197,two_year,south,44.04,0
-0.5131827612582345,-1.9946353920524964,-0.21461885878304043,-0.2731055092149267,-0.6828376287580158,1.193305146431269,2.388726851798208,0.5180868145121057,-0.6154767942522501,0.13162275021254413,two_year,south,76.35,0
1.1044473357267819,-3.1311935374792714,2.8834590810013583,0.30455709212025905,1.4620326316481385,0.9539138921364624,1.441417182287966,-2.153278747928993,-2.375509685474549,-1.2849602647869798,monthly,east,30.4,1
-2.170678443153502,-1.8469445680277692,0.3689083367409042,2.2725141616916367,-2.8176762684755072,-0.0254345376021885,1.9460310899127742,0.40706685249743463,-2.724166582271943,1.801749064811552,monthly,east,56.49,0
-1.595299087761112,1.026347802662094,0.44814830261359273,-0.06046773120344114,-0.5944358280655154,1.0334038611688996,-2.5143808137302637,-2.566076749036427,-0.48018475612957656,-1.4484569885741343,monthly,east,52.55,0
2.498673247144073,3.943977164719649,-1.218992064702682,-0.020058388235903234,0.7630772315514529,-0.1344108159409949,-3.7888505710959546,-2.538738492259283,0.36022214887033366,1.5145437260195092,monthly,east,20.08,1
-0.10186116655586908,-2.6976083580158132,0.9765740255689426,-0.7532404851043693,-0.6837908893613485,3.0981513735335016,0.7458916956406427,-2.9849645804514835,-2.0339028416970413,0.6768475930453592,annual,north,110.08,0
0.2945059136716863,-1.2085800466352363,0.002436893457917585,-1.0454442872528305,-0.45633340706986647,2.621660846824023,0.8893455142302918,-2.7144081362624353,-1.936182254117238,1.4577539765302097,monthly,west,120.61,0
1.4147810849548188,-0.48165487240315974,-1.304770326774809,0.6991624484336885,-3.598141149456093,-0.22865577764136313,-4.187640807075485,1.6365987073993407,2.5031900084005834,-0.6398642852056977,annual,south,126.65,0
2.1948493835547187,2.5254508788191026,-1.4745918367289528,0.07210478722037617,1.2538759075615566,-1.5924645411698402,0.15202634373570123,1.1595947968172535,0.7833388974409029,0.5481830171389783,two_year,south,130.71,1
0.747147582578124,-6.187504371682747,0.017102501246260896,-3.062267641173791,-2.4473080233908124,2.537265546639356,6.676307625886171,0.9419052485935119,-3.594699129186529,-1.219759162049084,monthly,west,39.7,0
-0.6089036853493957,-2.4105218425301325,0.6657671912240928,-1.1829604951600583,-0.5582830626362949,1.9390717880656567,0.8755366667894491,-0.9228648736541653,-0.5645623185916222,-2.3033762554723114,two_year,east,135.7,0
0.2043167484304006,-1.7826218964374698,0.801578371599586,1.6306834389295088,0.8826128866301812,0.3532910688751113,3.2047557599211256,0.021271392819171286,-1.6692474773314232,-0.5807263487962896,two_year,west,105.57,1
-2.384460266700607,2.5070825044778893,0.17720270302685168,0.5977508067444292,-1.5051159795689195,-0.394847434934122,-2.14972267981499,-2.5323574651910823,-2.3269603211481424,0.32479921086068164,monthly,west,110.5,0
-0.16143560587482653,1.5622214559090724,-1.0231251028120893,1.2358465595279475,-1.86033961404693,-0.25296202844616467,-3.006907656953604,-0.1984094499403903,0.796264389017934,0.48061319380725387,two_year,south,93.33,0
1.1473951320684035,-2.7408863204866067,3.9340410903906124,0.776756642291966,1.3687820561350759,0.7143447762128042,-1.2098210932065938,-3.4985898087314786,-2.3392858261005713,-0.06044194536392352,annual,east,142.16,1
1.4179852672906497,0.6835232870102494,-0.2646229330048145,0.9300103754170056,1.5770640668349807,-0.6914004746415716,0.9252812887630191,0.6124163636654304,0.38721896478083395,0.4553161241664663,annual,north,52.74,1
-1.0459343128049403,-0.7581081223773516,-1.3755301483859306,0.2600692580712295,-2.5107850473572224,1.6684027475275005,-3.7743127632130866,1.2264045165473798,4.21236696956313,-0.06686670631537722,two_year,west,122.29,0
0.5598332546982787,0.0506526678025655,0.21596993960875116,0.2120657912140353,1.0368774904546234,-0.6849007200068888,0.5222904073087122,0.7762299640191204,0.5201489159434538,1.9712348548092702,two_year,south,84.38,1
2.3906851291477658,-3.61475427881434,3.205714224802413,1.3506772487067242,1.752017775068553,2.416016601997663,0.687841198369999,-4.255397962705473,-2.9866602337741903,1.3140003908383617,two_year,west,135.82,1
-2.981353379892491,3.2824219647883703,-3.2314933802099777,1.5483184656107476,-1.1117054393020567,0.7328829020181111,1.4020093947358725,0.3806648697581497,0.08852866983293972,-0.07112289665005408,annual,south,55.91,0
-3.0931393536210043,2.481054939351134,-0.5445520548324847,1.0529644604890365,0.40407676346339416,1.9826910476085928,-0.35402439429795696,-3.476901171192596,-1.3796153223179783,1.1962765352038396,annual,west,21.98,0
-1.4344730901798668,-0.07632877500401669,-1.8917412961592948,-0.1296926877356579,-1.0953708911832714,2.0592421861996844,-0.2127694821550492,0.6405543538876305,2.2672495132934802,-0.16638133115502723,two_year,east,28.44,0
-1.278504380840265,0.8822504280301318,-1.534278048615664,2.876114356801705,-3.2509211163787004,1.1510962059227012,-2.6497946181584204,-0.8320619027243562,0.22514898613633016,-0.43770284019243494,two_year,north,136.95,0
-0.940997784191619,-0.028360521542080352,-2.4927732384858445,-2.237651202508566,-2.4023236755965307,1.4062617362570875,-0.8634211092043274,1.6778735043981752,2.5913409288761344,0.023441479649220335,two_year,east,103.35,0
-1.9503573591342946,-1.3754559408725184,-0.8059039974337955,-3.1123966003316212,-2.5172558790904747,0.002022178068088243,3.3321916409669616,1.494539151257522,-2.1401993994548434,-1.080052265120569,monthly,north,114.93,0
0.46779846940455716,-1.478399584317506,-0.2401010810494554,0.1290465032571667,-2.1404671395080204,1.2287188703109082,1.679111885549913,-1.422789815709007,-3.2731176229581984,-0.832085754381551,two_year,east,85.57,0
-0.0633938011967976,0.049018292651834106,0.8950618565358145,1.4041160927339957,-0.8696654255727116,-0.8594104744545058,-0.8529948988991343,-0.7775258159298369,-1.6386341929403963,-1.7701164621361738,annual,east,92.48,1
0.16440779880527734,-1.228700406884626,0.9951405948491868,-1.8748735781464887,0.851062134010797,-1.4502401007054893,1.3223029459884068,2.0277490563490317,0.49019037941120713,-0.33376656334883886,annual,east,67.31,1
2.896517712321958,4.3669361027523514,-1.0327162941818768,0.020299517112522338,1.1048498127122093,-2.1804150111717227,-3.2838901914120475,-0.7173080199737935,0.5408170076828801,0.7592165697757922,annual,south,121.74,1
-1.912544629846805,0.09030402799750392,-1.4854069469955424,0.056477514430710855,-2.1704484784519638,2.2331635972955266,-1.951914376239995,-0.524567010497559,1.6719253829862453,-0.034489495186166154,annual,east,118.39,0
-1.9676430873196697,2.7454361587679976,-1.6314596134726658,0.12029092318516806,0.24497712146891915,0.7799294829478225,0.9397958010474847,-1.2296507553724283,-0.8160880009707276,0.717335151110945,monthly,south,111.0,0
-0.031313429509060686,0.46138970104280264,-1.945630609310548,2.346356589932526,-1.1533076854061994,0.5160069089258618,-0.39532941201955873,1.5234259237544654,1.995920679161567,1.8117087687904259,monthly,west,145.05,0
1.823939195306846,1.4123230330641667,-1.0544392751799267,1.1897204568892465,-0.7742536044501238,-1.1353542465617843,-1.5945742366285947,0.6783834232559517,0.5445637335027103,1.0238711791354238,monthly,east,119.95,1
0.002718595291111958,-2.4126286763232088,0.1512634835875541,1.0706720369992524,-1.9398067382394388,1.6831718459512088,1.9127420705174747,-1.1831803887019219,-2.7098634716062455,-0.837519612928739,two_year,north,147.13,0
0.3611289629505027,0.4198326074462275,-0.21866385323288237,0.173692235571384,-0.7366100854398743,-0.9956764343638791,0.37893085150079986,0.41291142129590214,-1.095307994884033,-0.7687482918170975,two_year,west,96.74,1
1.171547751354959,0.2653183916797437,-0.04248977570917568,1.2285185979189575,-1.0573010300672046,1.7647402196030808,-1.179961258439877,-3.643613171333985,-2.5831513268844724,2.079440481628382,monthly,east,100.5,0
-0.12469960219011367,0.9654947915580571,-0.5433178746368998,-1.5207500785907242,-0.8706496471569194,-0.11270734982489827,-1.8445214008547408,-0.14875397635626772,0.6574026292411885,-0.8507287066413914,annual,west,103.08,1
-2.382654073790788,2.1244969076456806,-0.59507887732797,0.6966560126443915,-1.6637984648992474,1.2799095964923453,-2.9253479670006257,-2.7942918435932738,-0.6744858135412637,0.12871447924497478,two_year,east,62.43,0
-0.8776484178866966,-0.3124106129811165,-0.6466671309935893,0.7346236704805891,1.6909124027958624,2.6823567991060218,1.3214215250463386,-1.022431276621653,1.3172217297544497,1.8151657952967089,monthly,west,24.29,0
-1.6414234951866784,-0.022341109355112576,0.369999654909438,-1.4922374131753913,-0.8554298356048657,0.4989909830354714,-0.6278454289332884,-0.9682241614565871,-0.6831563399207519,1.2182877135853378,two_year,west,122.46,0
-1.5062727301060357,-0.20961234517740435,-1.500725014940936,0.3394361832574816,-0.9004958277201992,2.4687019742145564,0.053825464526954026,-0.37844261765185166,1.322243880116468,-2.014294152801209,annual,east,112.32,0
-2.43534478526757,-3.0649306794118654,0.5583177479205276,-0.6431020850489721,1.0155833750342111,2.7085312958719783,3.158972088889065,0.27982219131648234,0.9158401569812902,2.283551733447157,monthly,east,30.27,0
-2.934244068510192,1.5943319993359522,0.5941425773203886,0.29830992633152675,-1.6549909081545433,-1.15452821158217,-3.236546363877304,-0.4371680598977845,0.10144971324788843,0.9957212106277084,two_year,west,39.32,0
1.9733560829980985,-1.4863366733394083,0.29411220029922497,-1.4093451314643892,1.113127432853534,1.5185847470049383,1.8218772550218334,-1.3101056573194931,-1.1257908723942411,1.1393466118988074,monthly,south,109.22,1
-0.4242749870348459,0.5871513214253327,-1.4376151180432721,0.4704289305360612,-0.6512124166052067,0.7513622001390171,-0.9816761038189059,0.8047115116810932,2.096905401477057,-0.11317830612383693,monthly,south,89.55,0
0.5371627217885278,-2.634433617728326,-0.235527414813389,-0.7594459419683017,-2.480855427140054,1.0829502592507885,2.738465480285991,-0.20719997237565704,-3.0535292620901733,0.9985452046273996,monthly,east,44.86,0
-0.37036111668671323,2.1948209076729235,-1.3071301913747764,0.6712403497527778,-1.3237663166224536,-0.3863368907005069,-1.7953042853652295,-0.3184919254473251,0.07347529821764132,-1.376597961971906,annual,west,27.27,0
-1.049526496184486,2.207361103519615,-0.44586948057252945,-0.5309138235507495,0.9783645031253279,0.5694225885898282,-0.039231583469331754,-1.9359100314959208,-0.8572240664996662,-0.734978636887807,two_year,north,99.48,0
0.007871865453549676,0.4355200827066874,0.7284895278531174,0.6794407983179692,0.4904695422400275,0.6399933848730261,-1.010897529190185,-2.17665251104397,-0.9733817562180923,0.09719579382787114,two_year,east,26.97,1
-0.9289197428476496,0.6978057226843453,-0.5793093346547288,-1.1110251380193599,-1.2005819206344501,-0.3384556912938259,0.08404105764478398,0.1263913307876336,-0.7879839664176275,-0.09902550273521118,monthly,west,47.76,0
0.2414438268350938,-1.3837320316904866,-0.12816659638528088,-0.16215750228131556,-1.3387080469533328,1.933190498446706,1.2233582675278634,-1.9498756768674677,-2.4315019113589926,0.03908799996699115,monthly,north,,0
0.47936688603886934,1.1802824300246586,-0.5432400989038165,0.42259450356188716,0.8821031079757882,-0.0074659039672659855,-0.3719309291533748,-0.16093840084073724,0.7204488120452246,1.056701734420066,monthly,west,32.22,0
0.8867699697994023,1.9964751964370073,-1.5446045244806776,0.3710478964691152,-0.6830626320479409,-0.45527088024824436,-1.1782482230324236,0.14946631301883384,0.42136500657548615,-0.6456871787206395,two_year,south,73.16,1
-1.7245576433339134,2.9128618134534667,-0.11354290986945112,-1.0878156102030634,0.3825796671269417,0.528689718592873,-1.4379858901525935,-3.118245002979958,-1.5502148390250903,-1.4819291831492052,monthly,south,22.62,0
-2.7996791162054837,1.513606420854298,-2.427336979822701,0.4711149692993188,-2.7590107831682826,1.6524851038064206,-1.5770456396038086,-0.11729512396002371,1.2491347652472482,-0.806671728008716,annual,south,35.53,0
-0.9185722199800554,1.8002931177892354,-3.5559209222274686,-0.6741092023144991,-2.4350005906020513,-0.6278420997480454,-1.3314593687495835,4.009589085148516,4.0881966009842605,-0.304940558481282,two_year,east,142.21,0
-2.4680397734328006,1.9566265361259165,-1.2844190061445293,0.29852629602065855,0.3513807058220306,1.7424264523226762,0.75186392801158,-1.7375463923508754,-0.4189280074095578,0.3894070663314801,monthly,west,92.65,0
-3.25512280570069,1.7547124709822959,-2.9446073276678715,-0.8331518064316676,0.5664136946405371,1.9421304408871327,2.0282948481227234,1.3780365025996533,2.776570074078789,-1.5619251400952243,monthly,east,109.24,0
-0.13657135578493784,2.1363783878277633,0.8453227472934626,0.26486258382292277,-1.597290747692377,-0.23965272475342525,-4.563913044002435,-3.7499172649580332,-2.155861576841332,-1.345954120390648,monthly,west,69.11,0
1.8240295017412875,-0.4881996500363064,-0.3210431005360405,-0.7605198363536703,-0.40152809137933376,0.11615448629248615,-1.5865525177885487,0.51606412291882,1.4702715853335304,-2.0432264081860265,two_year,south,119.21,0
1.2193151990649294,-0.3117180232429262,-0.6693007428943156,-1.7123257566751582,-0.9336591088970339,0.876890325086991,-0.23518016076687442,-0.6908813918547945,-0.5108771581633074,0.5869989668548711,annual,south,136.53,0
-0.8160290414778746,-4.408007741907118,5.645494488737142,-1.6705510444096612,3.237031795264479,1.4535966274801644,-0.16250868291947618,-3.4710627188090504,-1.3857326935692853,-0.5040847824762371,annual,north,138.32,1
-0.21636265109511643,-0.978987952778323,-0.7504946655380134,-1.5521909614034606,-1.023048816260248,-0.007470201995339654,1.519403659216085,1.6621554214078926,0.19713305459244834,-0.060041680479143746,annual,west,84.54,0
-1.1892097273473126,1.07461308920287,-1.3408772430077702,-0.09842625781970354,0.9686632555041088,1.5658208734864867,1.9104762921580258,-0.687347487055775,0.039841240146177515,2.4744562527460285,monthly,east,119.14,0
0.07679163731373961,3.9821159265552453,-1.0358400607689189,1.6497172237940116,-3.758502900044459,-1.9653648637989836,-4.237028598241593,-2.1821006386717525,-3.1328146764569955,-0.3784502671259294,monthly,east,112.17,0
0.3151154644085574,-1.5727305378370646,-0.8472151374516912,0.4756858975853063,-0.003633460900165253,1.656621163503998,3.17247164311894,0.25337081708701575,-0.6502411670078638,-0.6735994416990501,monthly,west,143.67,0
-1.3003217709848713,1.3170776226365846,-1.34256715537107,0.4661872637968146,-0.4279227807679836,0.8027378136504176,-1.4205658830821628,0.22793470647434333,2.0359638856983264,-0.9923737364275735,monthly,east,51.4,0
-1.43429500874872,-0.19443727489248874,-0.12044645957057958,-0.8395202425044025,-1.167656684884447,0.2537362268495831,0.6989420096852795,-0.2288390614740427,-1.1823554712766413,-0.13449693765791598,annual,south,92.97,0
1.748518401798369,0.52480659666496,-0.4509766103000447,1.3421212979391137,-2.4088442394477445,-1.1789475142730015,-4.708040972211317,0.8255949166624091,1.827318134931169,1.7881040996092044,two_year,west,25.69,0
-0.8990761773610488,0.6318957027814376,-1.696641389229988,0.10550225698987974,-3.128041740454614,0.7768310347719716,-3.058611930668416,0.3835819062671178,1.6628102530369868,-1.2723091325139375,annual,west,140.01,0
0.4697806373970752,-1.2432222119866285,1.6127953093047882,-0.4224776626680091,-0.11819622797355156,-1.3163494358475285,0.010212378623145502,0.36393736976572033,-1.056508041405515,0.19935187707624652,annual,east,142.88,1
-0.5107081226566922,-0.2744544428945923,-0.11558967952235782,-0.7346185628918033,-1.891763148005195,-0.6717164942064147,-0.7413710608125699,0.7255190424449275,-0.3436511672370445,0.9961182217872887,two_year,south,85.12,0
0.2483390543294206,0.4602246368103393,-0.7002465001072,0.21737430689627057,-1.8790832349789777,0.8699334308195775,0.7374051935553849,-2.2272557044341053,-3.480598318861358,0.18448771166650155,two_year,east,96.2,0
-1.5087087882610852,0.1571651501871183,-0.9730867450914312,0.6536751774099377,-0.932577673216691,1.895300740575896,-1.7060975160189813,-0.49871434619749,1.9318017862195904,-0.9663378838359121,two_year,south,120.35,0
-0.8850709176110843,-0.2171678758488742,-3.463260948947445,-0.37596734057197717,-2.8395585559668266,0.977018839469543,-0.8632808675640419,3.987611308865692,4.707526016936237,-0.11354898385777078,two_year,north,52.41,0
2.2609538903731474,3.773308345810442,-1.1589063272875455,-1.0274310816291172,1.4204584322142726,-1.9930344465109235,-2.5148834902169006,0.3409140711834602,1.5888744479462495,-0.20510414837650875,annual,south,69.27,1
-0.6862926860232295,-1.5462082140541584,-0.24255339021106076,3.152854954372904,0.0174322677544807,0.9910210671973141,1.984090216764265,0.9089277475275008,0.4436860720861888,0.263887981936517,monthly,south,57.52,0
-0.9840656792296703,-1.1090759285366092,2.079620757310543,0.20935073194684437,1.9324829339307477,-0.5528807953545617,-1.5020941137719737,0.8089569065803904,2.583670860701811,1.464462378385414,two_year,west,90.04,1
-1.101094345209599,-1.4403016540152627,0.531754596202406,0.7753977378309742,-1.8794129365358176,0.6677682710475887,0.9057476061386999,-0.9462198367712567,-2.4226048538850242,-1.4082037500512452,annual,west,143.36,0
1.3887161018640501,0.4209005848111972,-0.20262976334283964,-1.0820724474648826,-1.5136514081168544,-0.09867977276916151,-2.4194533763913917,-0.965013380514378,-0.44244123912531674,-0.4014030585915639,two_year,west,70.1,0
-1.448626995763324,2.7024719370711656,-0.3103497679801169,0.25159600491986445,-0.45257884742277954,-0.0511765764221761,-3.660448971167485,-1.6229102392742805,0.77749886345884,-0.15790787804358528,annual,west,25.85,0
-0.25628695862804607,0.5784073344898515,-0.549669486323333,-0.09182671329122508,-2.9259678647185052,0.8674091898997991,-3.41944767184127,-1.7937449449629081,-0.5589633367071609,0.4246828686813599,annual,north,108.73,0
-2.4778177900180784,2.52841865478217,-1.81732392387185,-0.5023788960566964,-1.2548048758464723,0.634330813365884,-1.6527541672062922,-0.3262354669521635,1.1104568709540394,-0.6767567470948264,monthly,east,84.35,0
-0.24265512311653714,-1.2071749305448813,-1.338753395514495,-1.3053370007928924,-2.336230487354079,1.7655114492809931,-2.4066363878290367,0.9618374747716527,3.0032143718188165,-3.086186645614201,annual,east,58.55,0
0.7879032921832798,0.7610316860518883,0.2943348920168481,-0.14852494544915884,0.6614012423278415,0.14125371244092955,-1.6562728610001423,-1.176539384298255,0.3415827698572568,0.7217664643067593,annual,south,74.07,0
-3.454205198691252,-1.701125036152682,-0.07577875514789305,-0.5929019644099008,-0.27883061964200373,-0.10903507804187562,3.009117819011551,3.0983737184526885,1.2913680945260397,-0.5251079527184751,two_year,south,132.13,0
-0.704743484107287,-2.381618304445193,2.376633465601867,-1.1066761276399184,2.959887192744292,3.395110738072369,1.6876612325409424,-3.9423326308066073,-1.3651163723735456,0.46869383728568326,two_year,north,126.73,1
0.6155811223173298,1.5482708446428277,-1.3915520384851343,-0.5071981815539562,0.8566885049383817,-0.2880265021189201,1.4418275522347344,0.5878872796292677,0.0980951179011531,0.9347716926882543,monthly,east,42.21,0
0.5730526380828063,-3.5941392474929086,3.818806778337685,-0.7070409278419371,2.0162913067650354,-0.08105104028201149,0.8151191490583299,-0.9270317685085463,-1.1115980648756931,0.4015849294634166,monthly,south,109.07,1
-1.2392928378722599,1.5593759332716464,-1.0183012752219807,0.4509620602974943,0.4902995246547315,0.7739845923568609,-0.6450660379213295,-0.3176615003326943,1.364476237111397,-1.1020206804505408,monthly,west,149.7,0
0.24538660067909368,-1.5371138246398401,-0.6870228979449706,0.25382482719752647,-0.05932974139681679,2.4107774683799787,2.3148369572902974,-0.8728626838885575,-0.7249418351247969,0.393749456720549,annual,north,121.97,0
-0.23504950729985352,0.41633390606633003,0.02702477671462165,0.6656016784140509,-2.1762571391728107,0.3862534034742682,-1.0420962006668146,-2.212274099589981,-2.7964940431782392,1.5590287064440544,monthly,east,114.26,0
-1.2092851880238662,2.096477559937431,-2.369155239056129,0.9674458997567564,-1.70901128040581,-0.143867905513684,-1.4770488157369832,1.4299161642733718,1.9970170417624322,1.0496414994117198,annual,east,60.3,0
-0.44656017656842173,0.46365968746886077,-0.43470395260068423,1.097100324149204,1.322191196054061,1.5732102067804248,1.1861987782478702,-1.3495213052237103,-0.15204870045181396,0.8091902090995785,two_year,west,40.73,1
-3.023244051302161,0.6517399048104299,-1.5550802299383841,-0.518740523968533,-0.9112388014968993,3.1108725720473456,0.32619864684829736,-1.7943530295150203,0.1980036041420159,1.191123373769374,two_year,north,132.36,0
1.977704609320858,-2.588198404438217,1.7883605087462777,0.42555921084658743,1.9967904603155147,1.9000923247605308,1.4862787601091854,-2.302984133257192,-1.3631248991764697,-0.21356463723715488,monthly,south,99.35,1
-0.30778887052225223,-1.4776192392682421,-0.1458307227009794,0.48328239828928315,-0.5424559083826914,1.6329929324747234,1.4727988457391872,-0.652093449824958,-0.8280806802786432,-2.0625048957932166,monthly,north,70.71,0
-0.5981833084638655,-0.21926393180955617,-1.094942489133434,-0.7156597811700881,-1.2943360407054796,1.6494389609507338,-1.244042669520902,-0.2157085634878485,1.4027454514832551,-1.1777673168227685,annual,north,118.23,0
-1.4922203238116492,0.7307541400858335,-0.6538088958343911,-1.6655574371877284,-0.9556247589100002,1.8499855969305963,-1.206307413455331,-2.0092785830431095,-0.23790278226760586,0.7419013910287126,monthly,north,113.42,0
-0.3516476020721928,0.5583106170607357,-0.638730365725033,-0.2878105889639029,-0.049765073908173973,1.095111313414241,-0.6482320366960407,-0.8220985196826975,0.5519447913005636,0.33282337812393165,two_year,east,104.15,0
-0.6819401666291964,1.2137710921893237,-0.21128349155449588,-1.294631767116765,-2.350560294431239,-0.2885114589764459,-1.9298982947831385,-1.580526941818525,-1.9947024279423018,-1.8605585422116697,annual,west,46.94,0
1.993542814327422,1.7897826485314763,-0.5069539579401673,0.14573066541732738,0.22838959743473042,-1.942149417593249,0.11812586012270754,0.3305617636817918,-1.2201703075749326,0.7099998736638337,monthly,west,135.12,1
1.2780179589115515,-3.6648017856103943,3.117465982825585,-1.3481061348054242,2.5859554683441877,3.1132783974005362,1.7512229471838046,-4.270985351628469,-2.5718845990350294,0.3954771873412487,monthly,west,113.47,1
0.2952097209270652,1.308551130189362,-1.2231356979309829,0.5278085937193783,-1.6968373186349441,-0.834999746384421,-0.9876317259360212,0.5843080780930333,-0.20283321216752415,-0.779716689390783,annual,south,59.34,0
-0.007686656825823923,0.2485054182813642,-0.7335010835830096,0.8076798655352931,-1.6783783079443957,-0.17174865703154074,-0.1637324054372351,0.13917801403015054,-0.8315981968809907,-0.29586045185612414,annual,north,28.27,0
-0.9998525145042203,1.8387492773257463,-0.7880391179287872,-0.261968897026475,-0.1405774275482915,0.5313325567319576,-1.1472865696792724,-1.1653464347460691,0.12130986264081234,-1.0204803046497666,annual,west,138.66,0
-2.9027878858369967,1.8840203465061354,-0.8484013102227491,-1.1169966441779597,-0.0400003002905257,2.0792112130648475,-0.598847218548229,-2.5288881894783652,-0.3174494948264126,2.5975318799232547,monthly,east,123.2,0
-2.1979397959800724,-0.33033149810274676,-0.1593423336831372,-1.0969777695514853,-0.6115718734646618,1.1061988088964734,1.1155428269020244,-0.5695816820892594,-0.7490139520580931,-0.21647931420675573,two_year,west,84.82,0
-1.097689714909793,-0.6460732537493965,-1.3728238008048783,1.237538319325494,-0.7211205090862515,2.2575985265079863,-0.46384548442690077,0.40293919331609235,2.469340815683489,-0.5653528037145897,monthly,north,73.81,0
-0.8824887801582832,-2.7435883876431957,0.29999892188702476,-1.8364090126784829,-2.7737890847852937,0.7867398701446626,1.990757346035887,0.08140529015820828,-2.557910386859088,0.5696230516446591,annual,south,100.02,0
-0.9636850388971245,1.7387373846931458,-1.854593861172043,2.3301941504529617,-2.0718436663101025,0.26349828087092464,-1.4559700547464265,0.0599573387939973,0.4229697754836155,-0.5220041189805341,annual,west,71.81,0
-1.362676587032085,-2.654941425440201,-0.789761283674928,-0.3395295964324489,-1.953638559370066,-0.9898815848652838,3.9379480135602924,4.575355125962978,0.3691282915388374,1.2923931650947833,two_year,west,25.06,0
1.4418964223165722,0.8941681274462786,-0.14601904546842773,-0.4201414605028291,-0.8341968458712985,-0.393849081329132,-1.9156395353187512,-1.0459145893060884,-0.7131707605139781,-0.7293370862915778,two_year,east,59.26,0
-1.7683081735500266,1.459949531131304,-1.8417796066242398,0.3466222162842026,0.7933844202930576,1.615505460098316,2.2252682457756503,-0.3450559865599356,0.25567514285458537,-0.7061435124078776,annual,east,52.02,0
-3.3377845193062976,1.0612560740953414,-2.461773664732742,-0.8625847605713384,-2.258003681348124,2.4460295378497814,-0.7790402960748138,-0.20278875479801206,1.5770537514128633,-0.547090848631316,two_year,south,146.4,0
-0.13613171631284604,-2.695498657593815,0.061448195622065736,0.15975878170463867,-4.697010600399304,-1.2481280258715217,1.2988268996761252,1.8752668969898152,-2.9518132917811166,0.6909504459290883,two_year,south,119.77,0
-0.9197375751383147,-0.8494140035556657,-1.188272380111796,-0.22756062633074436,-4.699008681407917,1.945040979625529,-4.820758471741862,-0.5809989659730931,1.7130978373683439,0.5717273523184316,monthly,south,72.48,0
0.8766895972886599,1.479257079017696,-1.751690583784037,-1.0188904029450025,-0.23180791437408044,-0.9681001484316012,-0.5988159992522801,2.096957081912122,2.0892956093896218,-0.6684198343707441,annual,west,115.76,0
-0.5455056224963729,-2.446922706643199,-1.140370042780907,-0.0931257595340518,-2.5435211190339975,-0.08057403261094165,4.868857655942872,2.5664638370216446,-2.2505397021809888,0.5952540762636913,monthly,east,59.35,0
-2.9496675176608265,-2.295004359214744,1.3670482882313235,-2.217829358209429,-0.24318192273581785,3.032962268603807,-1.9320463945846527,-1.6959320586730038,1.850332078904311,0.12868075451779704,annual,south,88.55,1
-0.8466994959849672,0.6155878376499234,-1.9321235898699523,0.8527659851915382,-0.755960288911638,1.0547483608229873,-0.11844149991528463,1.079963669420428,2.0604344297963753,1.6595872961167946,annual,south,46.93,0
-0.7640580940162959,-3.445640136959666,0.5110795891358259,-0.03570298592742733,-2.352579286956007,1.0118578659564095,2.9007229276635256,0.30676424093594146,-2.57833941777295,0.9000593318381012,two_year,south,53.05,0
-1.8743812143124967,2.095446731299392,-0.36225123027657113,-0.0590369407685672,-1.1755030935999768,-0.14030509653880552,-1.8591054160365954,-1.4321372660263463,-0.8501635918695021,-0.24019586561965175,annual,north,76.42,0
-0.34949115462396674,-0.23288999553261336,0.4470073752332364,0.060931723292624085,0.24827394894215082,2.6514204894146776,-0.9397596159720059,-3.568957202356554,-1.054185382544508,-0.333710966766115,monthly,north,30.72,0
-1.2359181976960392,-3.8219265402686804,0.32666155407884095,-0.3796400888756017,-1.0179183803726317,1.6030659715459987,3.7367604961498375,1.1956998358213962,-0.784071526576067,0.3599700970691698,two_year,east,130.93,0
-0.05546321793329534,0.48889764679167647,-1.8375545230868682,-0.3813890390501793,-1.0526657916124558,0.5468185887648447,-0.39098102116045785,1.323066668610951,1.8428279834024135,-1.5735078047811395,two_year,west,139.12,0
-1.4578259490099643,-1.1233107806371452,0.6751033188983672,0.5404159625536994,-1.2709226931394584,0.9799873153759489,-0.23757212462026556,-1.1416181301031565,-1.129327366080717,-0.9611406696892834,monthly,west,47.7,0
-1.0966990161019714,-0.39373989017724076,-0.3036247074900093,-0.6933053980471383,-1.199647254215043,1.1187814577528752,1.321233520404466,-1.2069526076420385,-2.0719766403725233,1.1571223333721496,monthly,south,81.58,0
2.4780842311492766,2.277286190599515,-1.204501929478494,1.487262137920826,1.5720278157418752,-1.242208305012951,-0.40876590470080565,0.7958653228030201,1.2089702606302024,-0.5864358578455849,monthly,west,129.39,1
0.3735897552998604,0.41900861172688164,-0.26962604019295,-0.6651311215447456,-0.30062313393909756,1.099159079754312,-0.950528533879448,-1.7075203161048087,-0.5079603759649896,-1.3100355411473288,monthly,west,57.48,0
-0.5766934070277507,1.7396216448789223,-1.501631963939572,-0.9314658664064976,-0.5510368545988305,-0.033025961819766136,-1.0347659289220543,0.5539079250119738,1.3231666796056345,-0.28795586186134536,annual,north,99.39,0
-0.6423884359293335,0.09399534543422083,-0.6149980312951598,-0.721764835769766,2.3331240081837405,2.6140163797656104,2.28656800719392,-1.5407091066774115,0.3563985312935236,-0.6652775411111893,annual,south,77.47,1
-1.3936996332957705,0.4184020601130831,-0.2302815813118815,-1.7572147819009911,0.08947601575791353,0.9495326944562777,-0.004334724875067142,-0.8015216551684148,0.09848161990507864,1.3552472128978705,monthly,west,71.67,0
-0.9743255540946385,2.588792295953544,-1.725744437755048,0.24028714887939692,-0.2916355221584165,-0.1026517531131177,-0.13031827579638555,-0.07186721270925678,0.1413568826493392,1.007745195793187,monthly,east,122.62,0
-1.7869310898994966,1.4992170181592357,-0.3414509868183732,0.6539677171326099,-0.9073571743696297,-0.7732241774809736,-1.8400830569854247,0.393448470723975,0.8346924731774892,0.5597925805490089,two_year,west,80.39,0
-3.341221304162361,0.7201257667730173,-0.5064551744266804,0.05712740629007085,-0.9959631992291915,3.3650921723354523,-1.3090262644328674,-3.5348293421728294,-0.5317170919385419,0.9774791633152717,annual,east,80.42,0
-0.08816174750223249,-0.43736344573046937,0.16481671819548982,1.6928340422804784,1.8047952155133515,0.20546831935191667,0.14894186823966749,1.248611913538773,2.6120962855956305,1.9316257181285443,annual,south,148.96,1
-0.8216387283198608,-1.1287239840302177,-2.030101269917787,0.36652043974858467,-1.9952652037207663,2.299008141250545,-0.8143071264469744,1.3400113726774194,3.062999731723084,0.7411911350043533,annual,east,145.09,0
-1.424730395992508,0.29715737275672416,-1.7419090425996127,0.6605818692442698,-1.9628536701292885,1.6503562464714405,-1.4599877764368423,0.22616633886555498,1.8130462886131178,-0.07954621251647012,monthly,east,50.56,0
-1.3198777678302762,-1.6559673861954747,4.5750317149575235,-0.6392130465723475,0.9269217903590727,-0.7887705200851309,-1.2438520412466367,-3.2443089220987966,-3.391672576734831,-0.7216918395059575,monthly,south,49.5,1
-1.4184108718872466,-1.373278725137444,1.180773644386491,-1.6078492353306002,2.5386065481158346,2.6201349240437137,3.0229018053171797,-2.4943362034286705,-1.3596440473462565,-0.4388984973191518,two_year,south,106.16,1
-0.7266990650909018,-0.34549111199027593,1.1868561955380887,-0.2114271905058359,0.2242463569217863,-1.0388699130421668,-1.7025238274364791,0.8236291261424954,1.3727583930872085,1.1873459277605622,two_year,east,73.55,1
-3.3584081727885837,0.2936760098317295,-2.008552293443203,0.4745692817903574,-1.5571129363406206,3.2356147080393636,-0.32588779901332077,-0.7145750372016922,1.6786308235119136,-0.4933343931406142,two_year,west,113.44,0
2.329821858969994,0.276903705461086,1.013816821277905,-0.24112537558517064,1.8201553631001666,-2.6739421282024844,-0.9381896958541865,1.9940702353611977,1.5894249727078098,2.629822322560575,annual,south,115.35,1
-1.7682792046851668,1.2637673394801199,0.11786146068199276,0.5456137792172792,-0.21983051560714284,1.7625189476464502,-1.9365993577268081,-3.1757710896848286,-0.6910418980815001,0.315028049824485,two_year,west,121.83,0
1.3156178331242394,-4.673299663876049,-0.3709038996386556,0.055588571282816385,-2.4716918436893316,1.2670001542204576,5.084327406615652,1.5382928965855796,-2.7544366438929107,0.46828096744331493,two_year,south,54.23,0
-1.5867296035472127,-0.8663670707544306,0.032542808649553355,1.2507750625769056,-1.2089131375552256,0.24851200154919528,1.1783353853192444,0.3319682884061557,-0.9573055595855442,-0.42143826688159175,annual,west,149.79,0
-2.0816423447188708,-2.471229159077743,-0.21201792287024496,1.4264003384760535,-0.9932112068358798,0.6027545641782437,4.192195716965257,1.9326147268193739,-0.9053014943681854,2.666111333376902,annual,north,,0
3.7115615604269188,-1.0821194203338689,-1.368656414459323,2.1606444569181913,1.4515001813206247,4.177293283816642,2.8323793604209655,-3.4773248594120454,-1.8366944109782497,2.1836559516997665,annual,west,30.91,1
-1.315064832115287,0.3371864122245549,0.9303311804574805,0.048873719641557165,-1.059599843760661,0.7510281593481807,-1.9999361071655142,-2.6892204240548363,-1.6443030775407124,0.7985146086317617,annual,west,34.56,0
-1.1735066215534011,1.4293713231685952,0.5427172631687274,0.1411409366768781,-0.9081173093397168,-0.031167774864814257,-3.5672342591783703,-1.87672744720384,-0.0354500546617833,-0.2835238786597606,two_year,west,92.99,0
-0.1580046213971127,0.3009972094236183,-1.2685134620026168,1.2250176546583493,0.0044423000747317865,0.8788330551981898,-0.306729644041866,0.8262349958788076,2.093526432134738,2.4221165124961708,monthly,north,86.31,0
1.2992257778972718,0.9484222684851696,-0.6749186383459499,-0.83101908013835,-1.2655774982621266,-0.7819378181278074,-2.593406333257408,0.3760626177789498,0.8957904120424489,-0.4010689492278191,annual,west,141.53,0
-0.2672398492056929,-0.6379814233568527,-0.3642452807890934,0.358223104182411,-0.9821540680259659,1.1998953424605832,0.9808439295437459,-0.9874695890157706,-1.43468909592479,-0.3750194861866867,annual,south,137.11,0
3.3999368837528916,-0.2283470915092105,-2.2294050217704986,1.312443215034108,0.5651068055025905,3.285775382101046,2.6445906731679374,-2.263181649207794,-1.4511022450812368,-0.07591973089298833,annual,north,80.5,1
-0.727445625177167,-1.0482610470022102,-0.35296591757961526,1.55025408237159,-0.9767850248413047,1.167926254699555,1.406268729790002,-0.3095729643586421,-0.9745387935267957,0.779204624316531,monthly,north,46.84,0
-1.1638820583118752,0.7147750994552056,-0.8847917883416007,-0.16125965700938152,1.4974893660529451,1.3138696762114028,0.49578554266499897,0.15164008882285984,2.097542115948843,-0.32970807184930623,two_year,north,93.37,0
1.5466801017980623,0.09257429715104826,-1.6535106160249944,-0.23621686869685718,0.2973381896789533,-0.24483822035783276,0.7010202168317317,2.487145922123946,2.3961227135155423,0.37227704715018545,two_year,west,60.14,0
-1.3689695660541195,-0.03217617289128283,-0.2711756897267855,0.5759605946396359,-0.9927900095899104,0.5364764940005694,0.5250938844826945,-0.4339286925281329,-0.921327480799274,1.4233612476460804,monthly,north,104.58,0
-1.5422157699338022,-3.4548736960434123,0.24961010110509643,1.1056909386356335,-0.8107920105961314,1.5907188080652448,3.3994485361691766,1.227362265013629,-0.32742525303506087,-1.291423931932125,annual,west,86.96,0
1.2195452502898625,-3.5825889771438444,3.410176762078313,-0.7297926311734895,1.8158020338527616,1.7903430984829378,1.3896204712285771,-3.443846515015744,-2.98348430825188,-0.32034384297334206,two_year,north,129.61,1
-1.7295519318104695,-0.10174374635051164,0.2878655042493188,0.25503778912436764,0.680381017078109,2.283952966455634,0.4782778383528258,-2.484034979301266,-0.7488098924758417,-0.08176735700254055,annual,east,37.13,0
0.44078831365691995,0.7470561781535943,-0.259557880977463,-0.43259064077627185,-2.435906988665817,-0.4290908741477053,-2.0126651867032446,-1.183621822032866,-1.75767637094546,-2.0155312131118217,annual,south,52.63,0
-0.22075296899387498,1.0846334526894248,-0.34134100598011097,-1.2489219174289985,-0.407115142716717,0.21613795422878557,-1.9364295242997271,-0.7555773291528989,0.5883634452062405,1.138968350077196,annual,east,97.68,0
-0.7491310607874119,-2.413703527741937,0.9381919262920645,-0.981029019839072,-0.7444178732933959,1.964573502509841,0.9082901901177348,-1.5228852108753308,-1.3955589467682539,1.4886954339788587,two_year,west,,0
-1.0591873546110553,-1.576867500175204,1.395481342807289,-0.5825029392972334,-0.12971377087960456,-1.0176902922802966,0.004427935543561468,1.504067829476983,0.6379777137478245,-1.2019024947520127,two_year,east,73.64,1
-1.678492435647616,2.0899775670652896,-0.9753820546540655,0.959196543811484,0.7539331454743554,1.55919201556162,-0.298710231609681,-1.9760624113127319,0.08689317069078006,1.5578741747231246,annual,north,137.08,0
-2.041666634472821,-0.2762278593727081,-1.4521860817813357,-0.7139447176010135,-1.9169758073817023,2.5967388682185186,-1.6859270370351513,-0.4336666071343057,2.0376220256746187,0.4367841503085243,monthly,west,125.34,0
-2.0397533854939667,-2.2041676393498033,3.6857266073451864,-1.1730909357268886,3.1370117025449034,1.915009014405999,0.8844640634040618,-3.504633664953892,-1.440304046907833,1.1348120130772363,two_year,west,90.31,1
-1.1749427132207657,-0.5355340954934414,0.319047351199465,-0.5126460868868966,-2.077446178815369,0.2631753951196255,-0.5666509595859512,-0.8878265747339475,-1.6656122505844293,0.501209104337403,two_year,east,72.65,0
-1.2822448777352968,1.478328237318918,-1.4196970200153631,-0.32958520921583784,-0.7328023565289179,0.9878914692761392,-0.37486795003035533,-0.6744566347785172,0.20603941741105203,-1.184323717770775,two_year,east,71.63,0
1.757060702334924,-0.054240325918383236,-0.4954352746976407,-1.84740664061372,0.2037390006553783,0.0870626084853815,0.5230534030394136,0.019713423408213197,-0.24831719507667904,1.1047165870418663,monthly,west,34.82,1
-0.5374072857890264,-1.3231041070335001,0.08750802121079514,-0.17360473541807606,2.4706661652964668,3.671461707124532,4.985129101046948,-3.1385791277734225,-2.644771258974118,0.6880950334457945,two_year,north,141.84,1
-1.7671697606778558,-2.161407128561369,-1.0778779458483831,0.4190777773151679,-0.7142400445828386,0.49192751066821416,4.115384855073755,3.2978038467197197,0.8938286416419334,-0.8442293828144772,monthly,north,50.49,0
0.5883408463919841,-0.4317235941173092,-1.473358102860553,-1.2855376181446545,-1.9614182498830959,0.8280652516719847,-1.1564700992634502,0.8978076145320262,1.440477644825565,-0.7459782456379962,annual,west,39.87,0
-1.6051450485429593,0.41153357164760795,-2.323478783252907,-0.05386492607528643,-1.328308347070842,1.4417243146601848,-1.0433904813177555,1.7947392818333865,3.6243528546577988,0.91324835138473,monthly,south,86.3,0
-2.8217990499756356,2.909816593262888,-2.60924233230837,-0.836490477372067,-1.8251567873647923,0.49549549659895853,-1.458258239907324,0.4778309409511018,1.5507472281964825,0.0051109922228685135,monthly,west,79.16,0
0.4845006644234471,0.00500328486698931,1.3213652685513255,0.2601793156278043,0.3381467085200318,-1.792334182337338,-1.799850997093584,0.6969498450332405,0.6375680132012015,-0.7738946798775873,monthly,west,29.62,1
1.9972398138679281,-0.6646789294641974,-1.8672863160970945,-1.3626261091304908,1.9869527476595086,3.401080759874026,3.7972412284589665,-1.2339290087430073,-0.0645223530870116,0.4495700662155146,two_year,west,94.82,1
0.13743242221793883,0.959317009229795,0.6583002247032171,-2.176588206359664,1.6631800834330452,-0.36650519816392413,-1.993853942984469,-0.31596160662886386,1.807300370731593,1.7919986851431504,two_year,east,110.81,1
-1.3132762772624718,1.5399015531279678,-1.9048986440145643,1.6965510339770484,-1.8067668301167137,0.602980961929994,-1.313926204033419,0.24961909120439588,1.0159939773968931,0.3100074762440625,two_year,east,83.77,0
1.9277946408451239,0.780642470783843,-0.3908648698761633,-1.252127570072281,2.9273731229286533,-0.9814176954040126,0.6271497790731326,1.895072211632398,2.671301123236329,-0.2749008935762965,monthly,south,29.48,1
-0.4570989941923155,-1.5709240492341419,-2.0296679423258044,-0.06738860924279716,-2.117446183781219,1.9911752395476774,-1.8307848903403139,2.474066670556168,4.728165894412403,-0.030139715537115728,annual,north,43.36,0
-0.9254656470600869,-1.1737579767321367,0.06701582892066148,-0.003011003732088653,-1.4568700974401256,0.6106806214203058,0.9688714887159249,-0.20929367766848733,-1.3498076441015605,1.3162099359793782,monthly,south,35.07,0
-1.2849684260292704,1.4623050129789248,-0.08419711895720532,-0.8928237428982568,-1.1753265773676194,-0.22720360670023276,-1.8710669248605183,-1.1904493977030441,-0.7462560993351102,-0.1785459349588676,annual,south,95.85,0
-0.4693140859620002,-2.659753902096182,0.9092272106951242,-0.886648533819728,-0.4136064619740898,3.131557603345002,1.273926245815712,-2.782180161127491,-1.9502952547982466,0.2229858863582239,two_year,west,31.06,0
-2.2556838436347206,-1.9581629712038182,-0.518752690445204,-0.6071310086953892,-0.4673812417929536,-0.009706661731196053,2.819656489404409,3.5113044765124037,1.811417488305524,0.5979007856862263,annual,north,69.93,0
1.4458417458762567,2.063178022884174,0.470051216359736,-0.7083306212523611,1.7932503101194823,-1.25617124699267,-3.1089026728443505,-0.427657825090939,1.7983561388232019,0.1768878401553059,two_year,south,39.13,1
-1.0656624822150809,2.402309736501471,-0.42592815371396964,-1.2308994990182023,0.07845344335333193,0.09490423430149286,-1.989403278409796,-1.5522100779689738,0.0568715794477761,1.3407586039325474,two_year,east,73.49,0
-0.12961219413006997,-3.0341096958790845,0.7133562210814969,0.6852633850995749,-1.4710212360805475,1.9768552634078347,1.9215117998147633,-1.365583787842809,-2.4643324877696244,-0.4269044094050438,annual,east,101.29,0
-0.5838341043003326,1.6124065122971727,-0.08449720589573044,1.5788824587113421,-1.6848758395799797,-0.21322668583022075,-2.8385111239545453,-1.774069208857833,-1.0669540415146412,-0.22331713261696953,annual,south,66.74,0
-2.1774795467602166,-0.9057066817909926,1.0034998276761966,-1.0376578880652447,-0.3552524827843979,1.130864717357369,-0.7929537172301464,-1.1233565193135344,0.03928183808640129,0.8884901172774038,monthly,south,136.48,0
-1.8107446041113928,-0.425855868584736,-2.180910814569022,-0.730280014579391,-1.8039510099792109,2.246751657586003,-1.3429907744764522,1.4530656253193828,3.7903265329497757,-1.113868067961398,two_year,west,74.27,0
1.5525463077927486,0.7613628057428892,-2.892318823982262,0.5467924341374942,0.9384038326858833,3.643873896482499,3.376623732045116,-2.09122043940121,-0.9800017414708734,-0.07481416293821067,annual,north,141.38,1
-1.577970756181276,0.20394442615927033,1.0040222066515456,0.3162678954179026,-0.6776799108108169,0.871078926920188,-3.83053858817698,-1.828202772677573,1.0436673282723135,0.8082598555296603,two_year,south,126.66,1
-0.6578825884938624,1.6593062481611385,0.24117651104629895,-1.3270639798771595,-0.846012965664337,0.8184721784811526,-1.9678389328133,-3.557503022140577,-2.3866650218656877,-0.8785383892004723,monthly,east,35.16,0
-2.641783498090767,2.7267855480986682,-1.7995736965773272,-0.8084446660891187,0.22033099373640042,1.2548564171756222,1.0657924864202761,-1.3128157387262636,-0.5460954267077269,-0.7718683179365844,annual,east,33.52,0
-2.698202106137707,0.22454127572757088,-0.729663886149141,0.5248573762862507,-0.7117029679880464,0.39033880009428557,1.7407629115509953,0.6480299596757404,-0.343239974403435,-0.5012467596415568,two_year,south,37.27,0
0.07479014659389338,-2.4598592526936303,3.8663921179035827,0.8657544891266427,0.14612019860113712,-2.2499381802177574,-0.640426658566029,-0.1406810737835219,-2.0625614967035824,-1.5107657939482422,two_year,north,103.0,1
-2.886627566016178,-0.5750546987480669,0.43432312371784865,2.631481237671223,-1.5529297859739484,0.7265323012378909,0.5443674618263046,-0.9123704393536592,-1.6638261299642692,-0.5727872900473855,two_year,east,109.0,0
0.2932219305375464,-4.0000104249562,3.9487502786118123,0.3888582268802604,1.5762522316603502,0.8158305097572474,2.0653186035798177,-2.4279663957290194,-3.2921409073816523,0.47850536594779913,annual,east,122.7,1
-2.9541698386189137,0.9425767824916925,-3.0171087353640527,-2.1656474555174543,-3.230139766636668,2.0652931615055725,-1.162850267643049,0.7957000353398874,2.097870026217365,0.027672536888169983,monthly,west,90.5,0
-3.6658730162113695,0.6848781649104685,0.04103679920048164,-0.4850527290978436,0.4806991500439366,0.2771968489287121,-0.34910886234306715,0.6913599627747674,1.9169955682669904,-1.7977395373089529,two_year,east,107.8,0
-1.2850035241159614,1.8836120829057525,-2.604975351270073,0.12646518095888423,-1.07129498041048,0.2560303463431086,-0.11802093859108398,1.6245667035664635,1.9856917652634958,0.39239301673813803,monthly,south,109.28,0
-0.34852861783613387,0.9212708807676473,0.327633264593638,1.4305852137010888,-1.7795426663382514,0.4368694229314197,-2.124528576893784,-2.866807222250674,-2.4602899943038485,-0.4218609841025035,two_year,west,63.97,0
2.6059108828276862,2.9212554386767824,0.20036145319135634,-0.6900902250109652,4.133231014139795,-1.0182385970206989,-3.5015144998533043,-0.2889072280061623,3.9080313056362486,-1.6016546374557254,annual,east,104.57,1
-3.2835899038377994,2.2000565455495464,-1.7389692276596707,-0.3746090142088559,-0.37558317713012535,1.9266002390607935,0.2157742917936436,-1.4590336111145716,0.12072211177456749,0.19419073034962817,two_year,east,72.53,0
-1.8799846483024778,-0.8586318546613049,0.01573748376873051,-3.6774711992110145,-1.6246711959900868,0.38159905340258615,0.5979914405322319,0.2049178851190286,-0.8014761746638726,1.2779190331427601,monthly,south,103.22,0
0.9853722499286487,-2.101436032403944,2.0346018308199554,1.204642603211101,1.5691680602232978,2.220763121649825,1.4053238119426654,-3.6964991835875622,-2.83199421001588,-1.567501799224239,two_year,north,141.5,1
0.1991057527042852,0.49830823605528896,-1.2938866506840618,-2.4295443690147995,-0.5846663702317727,0.5919152407396678,-0.3585992555672074,0.4492500872716222,1.0655609326556132,0.986313758237326,annual,south,75.9,0
-1.8795127269009753,-1.6484907185189983,0.43048537102746665,-1.9161992885757624,-2.211986358730047,-0.01986726918110926,1.5166016642543312,0.42665818465509164,-2.0183585978926297,-0.4024101602101523,two_year,north,85.8,0
-2.497704461542376,0.5759610088002074,-0.03340315580505005,-0.04719369401293642,-0.12479871037668444,-0.2512475862081427,-0.4441994480800109,0.8051095461726637,1.196478123186735,0.23025105947370864,monthly,east,63.17,0
-2.6048524054386393,0.7263070467044382,-2.032817512432611,-1.0896562976177275,-1.2378362842538602,2.1408862492001024,-0.8059645240344173,0.28434732962792464,2.4218568890933696,1.4764485154366855,annual,west,95.23,0
-1.3806227890364384,-1.604271019014148,-0.07057888862335569,1.4449475008404837,-2.0606920893686085,0.3569926917636619,2.204099084873393,0.39832217287637256,-2.124004619018227,-0.7497884562991396,two_year,east,132.24,0
0.01440217590480719,1.6258657743347034,-0.5992854251544956,0.6246939338938741,1.1761970159039667,0.5095135059993854,1.3230410603679954,-1.5495782227254,-1.4368133740105669,-0.828009750525199,annual,west,56.87,0
-0.8248654473855743,0.6436335495749959,-0.19543307338508986,-0.041315789701419074,-1.2387158571191557,0.38913723540959555,-0.7158007161875715,-1.3294435601501946,-1.3398148359937645,0.6235467048584339,annual,south,128.47,0
0.01878729474859986,-0.548911658716356,-1.543486138530659,1.0604110898812407,-2.201567011095995,1.2870647294710593,-1.5261530422880911,0.7640900526675342,1.8426371688850518,0.30931061217076866,two_year,west,87.53,0
2.5712243152286574,0.8114250127553506,-0.8504890440866124,-0.4072770228533852,0.8224493906692616,-1.703490111524764,-1.0513541264568314,2.5186054574627468,2.6823423293213464,-2.041970405505743,two_year,east,49.39,0
-1.4207705229341923,0.5057304063614239,-0.3572750962086872,0.23149884141971802,-1.0052753415013322,1.899301375995201,-2.1027894634564825,-2.075939192036097,0.3048091039845633,-0.8290550372783211,two_year,east,74.53,0
-2.674507595438109,-2.691284935827591,1.7563474961022123,-0.1912383750055751,-3.8944436016695563,-0.4864595933462341,-0.7927662111964866,0.10695034750020246,-2.2836084072737552,0.6661590595747328,two_year,east,41.71,0
0.23215842748032656,-0.06714243031329481,-1.140687572943402,-0.6373648218959089,0.979253454779855,1.1158203525248722,3.2481616490107696,0.10852910133263542,-0.5943988084473093,-0.5425175713372555,annual,east,138.61,1
0.9390758089411204,-0.3411204025485577,-1.0408203181074436,0.974243837032597,-0.9715654956469039,-0.11164187259632596,-3.506210347686194,2.579082286155734,4.864868048351786,0.43666415563638783,annual,west,27.53,0
-1.1478891192891452,0.45089621234529953,-0.3969688105295312,-0.8270038347664123,0.19864407541764062,1.981218154228306,-0.385933242611153,-1.9050171387202683,0.04999933764847797,-0.8571825299070924,monthly,west,98.52,0
-0.6844519006638254,0.5304789817870924,0.6343720342047454,-0.8538790353189055,-0.9308025883458069,1.7498485752820816,-2.3742545479578254,-3.9030231253105385,-1.849241584165565,0.6307034605336269,monthly,south,33.51,0
-1.5233873587416293,-0.37352430980529916,0.8267075375302654,-1.7846031793806172,-0.29670900719269433,1.8936147894153377,-0.6952010561956299,-2.912099938349543,-1.4179504738299833,-0.574276377401455,two_year,north,60.75,0
-0.3722333929029652,1.7684312610871737,-3.158779441450533,0.05905971887906443,-0.48455734915813964,-0.11711102028408948,2.17408689788959,2.5535220083773535,1.4086575282632257,-0.4104333542519883,two_year,west,38.58,0
-1.0446112700377708,1.0581691044391044,-0.7569436464518692,1.4604461983510488,-0.7505903039727139,0.5945232922088564,0.21687464875482865,-1.050140721160639,-1.1201916537278946,-0.9926563887018299,monthly,east,,0
1.1930914465548856,-1.1773120222070972,0.8308126860650509,-0.036723384978774094,1.2853709765142365,1.935480768809135,0.6753186362171548,-2.458695922720782,-1.126180295869954,-0.2884349323592893,annual,south,102.69,1
-2.306361165488781,-0.6336920568235054,-0.7823893833940303,-1.0131673782854023,-1.7595384917351016,-0.2845380626959222,2.9457644392389932,1.6139173850689117,-1.4186689907178758,-1.2536640025660861,annual,north,127.8,0
-1.1002516501990784,0.5318962711732231,-0.6989842049664681,-0.7187944530084063,-1.082712964087309,1.7407285149716605,-1.3253179962785493,-1.721165304611972,-0.02765339413729917,-0.40447280199063523,two_year,west,78.5,1
-2.250615231128882,2.357994892557239,-2.1733540742204034,-0.7751051189156132,-1.2502340839781738,1.1742419641123745,0.5886611203643428,-1.025828654118741,-0.8712455360601796,1.5762154350343678,monthly,west,120.03,0
-0.9654035410631554,-0.1319169176664361,0.7708522553452378,0.4821635344041631,-1.3214093669624374,1.3736251977584522,-1.263222526684797,-3.189798185409991,-2.4353542499285648,-1.188337938400714,two_year,west,97.39,0
-1.968925300848599,0.417349966787819,-3.1193535551597864,1.6876493565175652,-2.057427968662405,1.984696829785776,0.9072871188936735,1.5083201195155784,1.9764591175272765,-0.8910068323774105,monthly,south,146.39,0
1.941147619915165,1.560049981258545,-0.19335648713891515,0.06756735030770303,0.8596022032757806,-2.896377900103553,0.051038789951947994,1.8974237436448091,0.1844373983751052,0.02128172772117283,monthly,east,35.56,1
-2.268585289490146,-0.9322017733277232,-1.7313878746642304,0.1493624847744341,-2.4152772204574577,3.1046693063367394,-1.9300745491542188,0.12938859314870998,2.9974705810826743,-1.6531033575004783,monthly,east,126.12,0
0.020397536589831122,0.7460653356071935,0.7307824726920648,-0.841032387217876,-0.2729621585107831,-0.9558361157181976,-1.919918382684027,-0.609869340999458,-0.31871717183569603,1.6876935365261108,monthly,east,128.57,1
0.04194716687566025,0.4822716610779474,-0.7729776103678636,-0.58153772192814,0.8746419890596342,0.8067888359124401,1.5978148506287604,-0.3478015290335882,-0.2327982689141227,0.2995261114953325,annual,south,122.9,1
-1.417430781415356,-4.257496154530102,5.636375432635824,0.5784250291445429,2.3971719331949233,0.3386533872147054,0.9272644530564543,-2.753765273137532,-2.7784593245239817,-1.861906190153016,two_year,west,79.13,1
-0.5398287037850112,-1.369942916119171,0.6860300705734518,0.44858784450347733,-3.4687366896281837,-0.6203223709219696,-0.6587395737116504,-0.3496667441577945,-2.7392308607943185,-0.06943973426311519,monthly,south,88.54,0
-1.3446931820551038,1.58541837507155,-0.820857698958257,1.0474712191411326,-1.0349070733553716,1.0782128366840271,-1.4164859749006509,-1.8794869729600967,-0.5878525568011628,-1.2064917183373831,monthly,west,148.1,0
-1.2895485950134398,2.286132127481367,-0.7083583139343976,0.3848526515918949,-0.9503196466544787,-0.018150875659134202,-2.0967459421278383,-1.2794506407748512,-0.25263187257094477,1.1307129331871888,monthly,west,142.8,0
1.9302842818093742,-0.5733631777383146,-0.32112596994720816,-0.7033094631306743,0.852564484440105,2.2054291564587922,1.2473676779495197,-2.4104636725751973,-1.4374683361542862,-0.14294417124411127,two_year,west,119.19,1
1.021902568826716,0.3028965730684554,-1.649634300993808,-0.8662663154604733,1.2272016309062712,3.127594763644098,2.820548069004806,-2.3616811983274495,-1.255676606050658,0.5882531400299743,monthly,north,79.83,1
-3.184296909291445,0.8907036700586778,-2.5170994263671598,0.5071993472330304,-0.8406390833304017,2.5352101683654915,0.2841946991650799,0.5618904756726999,2.633947577707593,-1.9695501497233594,two_year,south,90.23,0
-2.792912386477736,1.612501845949768,-0.25042620327718,-1.322476398677378,1.0994627086930602,2.2832042452690433,-0.6002319050185393,-2.7943905308012957,0.1820698623749537,0.8934853310196972,monthly,east,124.59,0
-1.6388885263945236,1.1448444440190528,-0.6814159356471254,-0.9431369681625564,-0.20178354395139242,1.5155204380091778,-1.4112307845834597,-1.4259018920687454,0.8144347145540727,-0.13358754612650628,two_year,south,55.99,0
-0.8510019972034153,-0.864677746888965,-2.1840012381766347,0.7168896376125071,-2.7331664659058683,1.8810798797074135,-1.5313633433860734,1.5785564346339578,3.0773199771444517,0.7580536121836353,monthly,north,53.35,0
1.5431251583988908,1.469554772252863,-0.6586963853038094,0.5044766073099045,-0.4594479975240713,-1.5384323777841553,-0.46240360907600075,0.4178984492822735,-0.7488232625363651,0.41498045558246416,two_year,south,47.8,1
0.16602517353533652,-0.20926109392270775,1.4397530203904465,-1.796556527494285,3.619056825557904,-0.20447253048290992,-1.0624625112946557,0.6963150740909013,3.515927472902062,-0.3799853377010033,two_year,north,91.66,1
0.7300346435525473,-0.8513936972706876,-0.9402268506070267,-1.7820816887130797,0.19074325690643668,2.087410966421453,1.7782862723563664,-0.8012712115569312,-0.3400474532730887,-1.2951236380009026,annual,west,143.68,0
-2.6008236418505684,3.484734242554133,-1.589992731478566,0.4207585769032619,-1.913549458319003,0.11392641213136934,-2.415138519595363,-1.5005568917528238,-0.5073356847561259,0.3573072540483895,monthly,south,50.91,0
-0.6246627819673627,-0.6507941511308908,-1.7105931064117097,-0.7638916062658726,-2.4884191064188714,1.423029490444856,-2.869505257181989,1.5569905916617641,3.7432491137170665,0.6303237052993222,monthly,east,124.21,0
-1.053382222987536,0.7016125988170108,-1.2688363059997068,1.1408666097592264,-2.8888333743614116,0.7641468900376187,-3.9474052045501327,0.047658494745115916,2.0380369205725417,0.5171065685139827,monthly,west,23.95,0
0.1886762207348942,-2.8031542227655644,-0.2275492889031816,-0.40952064198093635,0.22812965003692542,2.7636380364004065,2.960222783889362,-0.4092772264852099,-0.29441936149133263,-0.8961439812638554,monthly,west,85.81,0
-2.8420599338774224,-0.2813520694577881,-0.24199209616477182,-1.5667211790171847,-0.9061797897985426,-0.34509549066061873,0.6975651139628261,1.7773632182897667,0.9119440165165298,-0.9034042861681768,two_year,east,56.92,0
2.400287695037063,3.888162264036818,-0.8953825552288905,2.2174952930586107,0.4525986450042857,-1.3489042985329502,-3.8728183831123073,-1.4845978106792455,0.38156583285443246,-0.08172056967885417,monthly,south,56.75,1
-0.39171209869413137,2.080827585436956,-1.4450927023230011,0.16087245884901125,-0.4709632806248898,-0.1499645899367419,-0.38202852741953597,-0.10778751171124742,0.02805976553565348,-0.20318403494871498,monthly,north,70.96,0
0.4676915074137886,1.3050221375796034,-0.6629869282636477,-0.83415792063319,-0.9217602798834952,-0.1235666814776688,-1.6612959416728044,-0.7594456112779561,-0.24013432325864548,-0.720751024202298,annual,west,89.61,0
1.213566155210865,1.527619028259866,0.9340825680240907,-0.4642807461564465,3.2351483808762467,0.6090070747433702,-3.8177660316041653,-1.8148155130632315,3.1521064946606914,-1.2235878845004078,annual,north,120.48,1
-1.874286407717939,0.7461794877059187,-2.879848671230841,-1.0825955043580413,-0.8709111033223951,1.339889182341604,0.03030838253343382,2.5638451946447374,4.0247237880745255,1.1996272136466273,monthly,east,145.02,0
-2.2300365811044807,0.04493938497638539,-1.5215849385372517,-0.598186134982708,-2.887737036081747,2.3983620532325887,-2.761135085257836,-0.7064270720393957,1.7707806332973695,-0.5012373661525198,monthly,south,39.55,0
1.7053231263814814,-0.47651707336938076,1.1830511843499802,1.6932787211911295,0.03921399548766524,-0.8509930713502507,-1.5199079926634478,-0.547161239395273,-0.5013554753896665,0.8813063766430194,annual,south,71.32,1
-0.9394453309772108,-2.100808583020993,0.4308426840429344,-0.8178997258105142,0.13702880419810914,2.6243076407885466,1.9264089990576974,-1.6096474212854193,-1.0407366348436242,-0.17979148298719844,two_year,north,41.16,0
-2.8291902609154107,0.88827460090079,-0.031190094626502445,1.1737662579972001,-0.43540345062196906,-0.029384254469182913,-0.8040684119546846,0.10753518126861307,0.6904516274115648,-1.0686935970393838,monthly,north,128.76,0
-0.3431881594940869,1.482399513037047,-0.9757036207551859,-0.41257220037753406,-0.7475062319319383,0.4301882654993271,-0.7769308343125638,-1.0147640190424096,-0.4967635531200869,1.0680163213001528,monthly,south,31.02,0
3.0455509051529726,-3.337520068138236,2.0610004908236363,0.765957798269601,0.20971552915448732,-1.2446888943725818,0.9358139850350866,1.1398115247739236,-0.9365553254046117,0.5186780208629858,annual,south,131.32,1
-3.3234012785391296,1.609207800551069,0.12408438982892381,-0.23235307265630567,-1.084016839709128,-1.0873924827345034,-1.6602799951590828,0.35697704942457975,0.3601107626004334,0.9798403999583376,two_year,east,116.31,0
0.0757812148989001,-1.927949272961243,-0.054897731308518556,0.1969619807494578,-1.8993931949626566,0.3566151901713044,0.5880798427774392,0.7947976669487635,-0.5121943545118992,-0.9568684979580393,monthly,south,131.58,0
-1.2056891972274242,-1.0503310700659587,0.8845636323399401,-1.6331319268053714,-1.443471682404974,-0.549933216108355,-0.760219495007331,0.45734029776216956,-0.34632492656918057,0.2085931001412754,monthly,south,135.69,1
2.32817601290576,0.9836243937496622,-1.7904961044638745,0.37740390098556703,-0.9435985557031381,-1.8523285973583143,-1.0606328852239844,3.106521912109563,2.2564354957102895,1.3227377940568736,two_year,west,,0
0.043591317541064156,-2.12407447542197,1.0856582461556297,-0.5319244766757094,0.6159845440105866,-1.763009153379976,2.639518743956816,3.0291273284608002,0.21727819457646635,-0.6034069126828931,two_year,north,92.37,1
1.244272299841078,0.5269200198596142,0.4860645679554971,0.19222217235975297,0.6760100296473217,-1.316848093504492,-0.9972714805857595,0.43589691459386726,0.4206289041412793,-1.3049117278456506,annual,south,59.33,1
0.3111035142625359,-2.808514217439264,4.382298527913047,1.6653110699445755,1.0787895103603515,-0.1523530389417287,-0.23321133890001478,-3.1355395896791483,-3.542014705428752,-1.9388792573450748,monthly,east,55.26,1
0.4372445675230854,-0.42179794380104196,0.16967891950765418,-1.0788058761635002,0.5098784104550393,2.7529056151567683,-0.6158001618580349,-3.2282579370633218,-0.6902211025020407,0.034324832203676506,annual,south,22.14,0
-0.140124323936907,-1.9036803746522346,2.4287809003772387,-2.0154931852355538,1.7974138858210982,-2.238213721803291,0.5016452203138884,2.5260912091423924,1.430852560742198,-0.4395848438600277,two_year,east,86.97,1
1.6586003399828968,1.3411806708840792,0.6667678936868173,-1.469490932737858,1.305980572907307,-3.4335046607813133,-1.3853349377516468,2.2947970181439823,1.4423811434847178,-0.6500578411470415,annual,north,22.48,1
0.8400357430121241,0.2594177587549379,-0.8813772696624159,0.15107620715844264,-0.4878958510313989,-0.2153351103607246,-2.6078805511869243,1.6714635563531046,3.3965985541553088,0.4244855839095174,monthly,east,136.77,0
-1.8029051988911464,0.551568419505513,-1.9771284774680011,0.8870020591913651,-1.2621450238750176,1.5732579458987708,-1.1852012670507277,0.9648206049008149,2.9096456728583453,-0.6212623448355525,two_year,south,54.71,0
-0.5249530277183663,-1.4333480811009744,-0.11095953830559949,-0.0003711860156415255,-1.189827716890155,1.1180602509711348,1.121094987694215,-0.2826803513686582,-0.9732865032230624,-0.7964492302824017,annual,east,84.14,0
-3.468041910799864,1.3484302795334595,-1.9129252244368764,-0.38795911345754963,1.119948245386849,2.966783526471078,2.2582105151547625,-0.9639896361718272,1.0077212090853482,-0.4472307607802675,two_year,north,102.73,0
2.08559879373401,2.4233027369198457,-0.4323426111989211,0.352660565016453,0.8102636122026002,-2.216667613428002,-1.5213994880357493,0.5752521702775856,0.41900974077172903,-3.2915138523106213,monthly,south,20.19,1
-1.1331632715121842,-2.018300122263719,0.47654069057252935,-1.0221717175690141,-0.7913928792253594,1.6936897964897668,1.84513306547517,-1.0208508774844722,-1.662786061992387,-0.11991377044768897,annual,west,34.72,0
-2.9350410304308747,0.31474491831454554,-2.1018970559576053,-0.6480500395140812,-1.5513957023103009,2.9697622768829453,-0.1371145895273198,-0.4529178484914818,1.5973301643362934,1.0513158906278546,annual,north,80.65,0
-1.0170287618610918,0.7099737683179534,-1.5841053725272647,2.451170673707525,0.6750511161196,1.1543447164336473,2.700526246752707,0.30980500049587456,0.06915808460135997,0.7885078795486731,two_year,east,101.03,0
3.460219258468846,0.6156332204996651,-1.5678755246162888,0.130446210095719,-0.6314414420040801,0.08139745123456965,0.5058421300368874,-0.3074466642690197,-1.1301396109440864,0.4062138989211138,monthly,west,126.56,1
-0.36655074891814177,0.26158323834831076,0.3800737196194332,0.6797960273968716,-1.847838290990952,0.718096258016401,-1.7185968642558724,-2.5981165645666513,-2.2915445306714113,-0.39095454711946825,annual,west,73.92,0
-1.8930460565476712,-0.4510479130902697,-0.016541346791679887,0.6592425557629842,0.38561728839272535,1.1759354533240467,0.013651889814917051,0.14064720385713705,1.5231621141640108,-0.701179638104246,two_year,south,140.49,0
-1.8764277629667372,3.1575771514871747,-0.2977621980266799,0.5782692415882955,1.0095125381794228,1.6217715080121304,-2.5203351278346937,-3.812214988613983,-0.1873696897121273,0.8676978017734891,annual,east,97.66,0
-1.4728302024306172,-0.6172675227903197,-0.23506578793019797,0.32554123878450697,-1.6990722902749986,2.6863431840640493,-2.7637567871907507,-2.054538913978373,0.9773960077984997,1.0426191877885906,annual,west,20.24,0
-0.11885446380117559,-1.7192456324534708,-0.7807294507938587,0.25745077952023726,-3.067111488870057,0.014064543208354818,2.6066755564217976,0.9390559429847811,-2.7519789568236153,-0.6604948361676868,annual,south,108.4,0
1.0170854018047275,-2.1181763250897996,2.1952939936051865,-0.8127041439386683,1.260609470291043,0.9923643076435175,1.0007100687156778,-2.335480559015698,-2.2221234986476714,0.15739876029349142,monthly,east,47.66,1
-2.395827360213648,0.46635357989875725,0.5947828553928913,0.501179290687656,0.38084108185860543,1.5843624831166632,-1.3176501343611178,-2.1758011508829314,0.19315634982198793,-1.0846809483430382,annual,north,21.98,0
-2.5955207723176987,-1.9638973564991125,0.41048702758450817,0.22623948132216934,-2.4272596240820725,0.3685288973979355,1.8586589986931137,0.43231952264797413,-2.0266210413203907,-0.7496624992835719,two_year,east,115.65,0
1.6405122401459455,-0.080278692523718,-1.5269498840416313,1.176452746338797,-4.0199058585266325,-0.510985645314715,-3.449501829654594,1.2409874904878397,1.0252616468038787,0.13847741109967568,annual,west,91.75,0
2.5433057553901524,-2.66911394471992,1.101878152020358,-1.6086351206226106,1.310271615326658,0.7786313464857686,2.477530533400623,-0.4163781353596789,-1.2743204913806223,-1.622758883088421,monthly,east,121.87,1
-0.6086650867339479,-4.278005143034356,0.35848953167314024,-0.3783492881773802,-2.1113424928396185,2.5103236511332487,4.771754721946306,-0.8607604826111696,-3.9157854133689876,1.6771508782628857,two_year,east,31.46,0
1.2573600423190088,1.3216887100785462,-1.8446242564113986,-0.8421352330273438,0.09651488739437608,0.9714113084856786,0.6394633125682351,-0.5856785903291274,-0.09180520578704132,0.36522265580131835,monthly,north,66.24,1
-2.52541050922909,-0.5656170504728102,-2.0098868556455027,0.6543629899253239,-1.6916188842651263,3.285732781637402,-0.08407137337079185,-0.124203601947996,2.0288060150902574,0.7653535557710455,annual,north,58.96,0
-0.9614309374254375,1.256832278724362,-2.1488336875094576,1.2404898156627262,-2.3827320864215427,0.6037683937072371,-1.294505193218889,0.5311993368426257,0.947283483327457,-1.2758844712138773,monthly,west,93.97,0
-2.8362206137589947,0.422323352468136,-0.2974184258152393,1.7029793346838922,-1.897258250113829,-1.2436508165499927,-0.1677475440402625,1.7516046442248805,0.17179133323500162,0.5874178213539586,two_year,north,86.32,0
-1.4040513163951012,-0.6923331202106643,-0.5425496191474708,1.4463155917795496,0.3466102832701612,1.1570755650652131,1.482728378555836,0.7353495189501572,1.0948689845207502,0.05436480534761367,annual,south,121.68,0
-1.1497171617678117,-5.337432487884592,0.6029467528720647,-0.43494150267240134,-0.7075160518778472,2.8486675215882262,5.316444631677447,0.7380130762163973,-1.3357151701847738,1.006929274961763,monthly,south,44.32,0
-2.213460019137157,-0.9814418585176682,-0.39465098824074024,0.7161000032426682,-1.4808029744405096,-0.42279610588179395,2.4868447088937726,1.8886598620627135,-0.7732735500190973,-0.7992482685749644,two_year,east,94.94,0
-2.0826313108968133,0.4876937205043508,-2.1577516851589,0.029663649044301,-2.6423392273758974,1.870332061787078,-1.6484749122197808,0.3056274746123588,1.9083799881107972,0.6796341807145668,two_year,east,103.77,0
-2.7482669661501413,2.9505250274721666,0.11226521265937091,-1.0741183440927484,-1.8726789689864354,-0.8209151489657214,-3.7145019296803055,-2.0157905639298077,-1.115511821858384,0.5236917292229204,two_year,west,79.78,0
-3.503244903331282,-0.06173052344060137,0.10726241077741158,-1.0111428313390232,-0.27198718825934176,-0.3612996410905345,0.20727793943289508,1.7495685411120234,1.6531880356330468,0.29576481412848493,annual,west,92.54,0
-0.5367931266751789,-2.990671562716396,-0.19515747156676688,0.8667161472447513,-3.6186873356112943,-0.5827646189579094,3.0258043222767586,2.1803865750378386,-2.578576484673174,0.594042387870925,two_year,west,146.66,0
-1.8507394061213303,1.9523140144131386,-0.36408109524203214,0.16534315471205333,-0.9735122174932959,-0.7672662969694644,-1.8793205951268352,-0.2147290913800966,0.15604516011260872,-1.2089554525619906,two_year,west,117.72,0
0.7946490202917277,-2.3116277483662655,3.2191253533286046,-0.06582503988884562,0.49212731040804003,-0.9497274313004953,0.10946703491744725,-1.333326845318502,-2.6475615606518916,0.10280532989853174,annual,east,69.53,1
-4.138253061972652,0.8570270256377412,-2.436214195224154,-0.5352417136802158,-0.9576209252693121,3.419823937395961,0.6990321619386912,-0.5563338461363304,1.7810324697592694,2.1199487965807227,annual,north,76.42,0
0.7475217912414711,-4.361827571563267,-0.11627365487398317,0.5523006832004677,-2.8018785052707567,0.9681185239351258,3.99434855663848,1.4455351420191143,-2.488806776699869,-0.0672328305101969,monthly,west,112.67,0
1.6280616351284385,-1.4694264141057092,-1.0231263813893898,-0.4658932193747886,-0.7207657245140324,1.0019753021921054,1.9032984434813869,0.669499929929223,-0.3261439328232413,1.865743033416615,annual,west,32.18,0
-0.9068826596656088,-0.28210654015020764,-1.9765241648502683,0.1339237396685293,-1.4336801129072825,1.7686653392911746,-0.3704781898569611,1.0714273873170579,2.376539238388621,-0.6272898134566981,monthly,north,102.92,0
-1.570021177797512,0.1582747640009814,0.7949231582581847,-0.5782841565967525,-0.8702865653215311,1.0877349123691975,-2.1798661630797813,-2.3590979629441007,-0.7000636241786639,0.20364379417885814,two_year,east,,0
-2.7419464546073926,0.262110124593949,-0.4297730928234311,-0.6705058774339013,-1.9752157073506846,-2.1637450141566417,0.71196953534214,3.1259146245397242,0.2798729186102815,-3.0247232566920994,monthly,north,33.24,0
-2.454035224159967,4.069215546533713,-2.159625958429299,-0.8312368705960737,-1.174065537768729,0.10512600198568622,0.4006556306958222,-1.7545122770939647,-2.329439273936268,-0.1891823062746573,annual,south,106.67,0
-1.62362576030963,-0.8839829725491986,-0.34829546674643563,2.734291444672921,-0.49133611117439147,1.6155517410402656,2.5735387274877572,-0.8160052189925494,-1.6507205650857832,-0.09616476380744628,annual,south,41.72,0
1.322211585996527,2.4071489167067317,-3.6791535057201936,0.13364099404123694,0.8206346813317739,2.8054881136485834,2.064335930600663,-1.3492029444386904,0.24423321627316907,0.3438227472941454,two_year,east,119.41,1
-2.8381408839594817,1.794595149804289,-0.07953253491527978,-0.48778547745212736,-0.49872499261356806,2.2539057095243074,-1.6321267817589233,-4.05238908910459,-1.5511471513478914,2.429552082955694,monthly,west,117.58,0
-0.1459731020257713,1.0649089420793185,-1.2798238196306786,-0.6950333155428632,-1.7003364085849864,0.31777410686319996,-1.568351445947263,-0.1977842347387386,0.3260512472115532,-1.9042988446946274,annual,north,60.56,0
-0.8429232357440114,-0.15060273261379686,-0.18467637719941807,-0.07257594891388046,0.09660954448475922,1.614589346686145,1.1183791190198646,-1.6285312554310383,-1.1905724244508302,-0.38294308279252587,annual,north,94.21,0
-2.2122966961433104,2.9935057031036383,-0.4780517927231072,0.7868338814338616,1.188251612235721,1.1649764020114626,0.6865505454647791,-3.3802839810658996,-2.282301954160511,-0.2276065303425037,monthly,west,103.87,0
0.5714740724008633,0.038104293613441254,0.13687553499022803,0.10530060168808934,0.47098560109832677,-1.4127624794536109,0.02166805814574535,1.7307372991257226,1.0215298237927453,-0.5725747566411471,annual,west,125.49,1
-1.9148275180097447,0.8474000473663088,-1.4145286832821589,-0.20254268148453058,1.9165924217002157,1.5422503657734867,2.01691460046378,0.7425654407314484,2.2445938532120504,0.8218662668765931,two_year,north,46.19,0
0.4938666160727234,-1.9950377467215543,-0.5596861194036467,-0.6976734099662216,-0.604911488863652,1.398593348574459,2.231027477858091,0.5017743277486596,-0.337928610978389,-2.5723330599276872,monthly,west,107.91,0
-1.2836800901305192,-1.5146751736882016,-1.6413003890231455,-0.712243133380388,-2.622839325677565,2.557421588848583,-2.8825780328046315,1.2706897913994115,4.300348765796507,-1.2835858087114294,monthly,north,126.98,0
1.0843502069272657,0.059032847446155445,-0.986541729187623,-0.34760211694624027,-3.3087284317718026,-0.7399027928717579,-0.5033620720830427,0.16346643943492137,-2.1353265773660546,-0.7582225310795773,two_year,west,73.87,0
-0.7799161967155361,1.570643803200921,-0.15707789895656626,-0.1929338127468034,-0.019982787354816733,1.1505257787953405,-1.978134278829227,-2.5522864920401704,-0.3671808014126636,0.39960068174856916,monthly,east,84.18,0
0.5685328242705827,0.028911717504119694,0.6389724901872145,-1.6554344819266333,-0.32125826904871124,1.139210993194965,-1.8664562164597127,-2.6725634410104737,-1.0621933677274078,0.16425444971701159,two_year,north,86.85,0
1.8860561406802754,-0.07362809294840722,-0.08117565614001909,-0.4079583145488449,-0.881728042543181,-2.068401485411859,-0.33212951479550346,1.7964005242132426,-0.14045699606637707,0.9383208498056962,annual,west,142.11,1
-3.3342026014191624,0.306251529019133,-0.29664625175347903,1.3565777306908289,-0.12476222939557702,0.6550365710552954,0.9909100717798763,0.30881397988192993,0.41959400229105936,1.6196531689546416,two_year,north,26.71,0
-0.4954072101561774,-0.6799616586253054,-0.6767464506887082,-0.6434873633317082,-1.8287841244045095,1.797310866145958,-2.513304466670509,-0.5332731846897784,1.6793184189523005,-0.8076777665316031,annual,north,94.3,0
-2.40500306133638,2.7627958506698835,-1.5758712142868743,0.7325578919514316,-0.8659326874386889,0.7908743938749877,-0.6830435702816999,-1.39891388465716,-0.4814533945948647,0.5023942174888376,monthly,south,83.67,0
-2.9335958023963515,1.1235614273022372,-1.9259348869848654,-1.540208343033396,-1.0029364814328658,2.3404179474068387,-0.21278195605578865,-0.6317009141698706,1.281766149524422,-0.45738196620817995,monthly,south,64.7,0
1.1260822145547116,1.1274998482750402,-2.4181712172511363,0.4735135307371913,1.2148959198939888,-0.9610371268748512,1.6930227277615448,3.920046069834708,3.462979157314646,-0.19475410381228375,monthly,south,107.09,0
-0.893970139594596,-1.1329203848889073,-3.656958156806424,0.39537048324149215,-3.227993768832867,1.7168103912194992,-0.4343575946509246,4.191784345464108,4.984557795461665,0.2269226637022774,two_year,south,120.03,0
0.4964080617595492,1.3641740437482142,-1.1667097012096457,-0.06326138033605935,-0.33595730892209086,-0.36051464251739107,-0.7699381261684561,0.5016409775509584,0.7846167491532181,-1.794399923916385,two_year,west,90.21,0
-0.24857996862538934,1.971701876853448,-0.7075172204881391,-0.8970326118450859,-2.2528445358752656,0.46657080432203224,-3.4787238726066847,-2.4319986715766357,-1.0780352941275244,2.119939575102218,monthly,north,25.41,1
-0.2023473342165759,-0.13218124629894157,-2.005706694216566,0.3552998078102438,-2.0980791598714417,1.1238152626300637,-0.6132924609562149,1.1218649944161327,1.6010812888880208,-1.2465324258195434,two_year,west,50.56,0
1.2613439069699113,1.071086763395253,-0.7037495357280406,0.6854061496540068,-0.17791734716843977,-0.45340000808645575,-0.43643009789068143,-0.14860367102720126,-0.3164640577301432,-1.1644577734269714,monthly,south,22.66,0
3.1443078934564404,-1.542730783898137,0.18218242552517416,0.3205662240776198,0.4134044048050123,0.9618408949086173,1.1878219992660874,-1.0525475911027222,-1.3612412100572528,-1.7057046822202937,two_year,south,62.61,1
-0.3826693525290925,-0.7678680082910738,-1.9756869300594746,0.8091188696811908,-1.8020584201592644,1.5985822908679692,-0.9330126570894047,1.684509381475255,3.053256020384613,-0.7438872559089612,annual,south,80.85,0
0.10646046443647883,1.434827902663021,-0.5916886756445711,-0.39135191717726814,-0.6527486215913041,-0.11891189209383835,-2.1985807825888406,-0.5551238529813638,0.5921629379291133,-1.0769790410003683,annual,south,121.99,0
0.5789336061932255,1.3181166165471074,-2.323887517310669,0.11288846873782303,-0.6486329258957029,-0.6531309352310359,0.19808325710002417,2.516194720647539,2.0690997469377628,0.09573726489772334,two_year,west,89.2,0
-1.7566644384858958,2.9189995745496975,-1.0911039489889425,-0.5021548724203745,-1.878775823404958,0.16369372045852304,-2.529501274005628,-2.0068796687628714,-1.0944143064014127,0.8436457945909311,two_year,west,82.07,0
-1.9118347823990431,0.8906451095137154,-1.2897075411667887,1.221395427888903,-1.1335063570456891,1.47854946061536,-2.3769838595220265,-0.10504079079610674,2.5032673473122165,-0.5212093854634465,two_year,south,110.73,0
3.451353754094036,2.183943603322906,-2.830438593107304,-0.11680740410853296,-1.6337221228971255,-0.1443843398299578,-0.524223222432471,-0.2456002924569363,-0.9070477709672673,-0.6386287606110937,two_year,north,22.26,1
2.0771796740040056,1.8378992009532862,-3.160031319573069,0.10198261622223644,-3.00113302323621,-2.765142004164711,-2.041761745959379,4.708150606703066,2.964909356783356,0.3410577101044384,monthly,east,110.35,0
2.1503377168765425,0.5242868856662648,0.2904241085800544,-1.268130164035739,2.8442054821350644,-1.5728079295409798,1.4077685263361284,1.433723985517191,0.9057959377083502,-0.5935363968376386,annual,east,60.55,1
1.3892680668758128,1.5206386409954507,-0.7871949833755704,-0.08812429082494383,-0.4450394139712508,-1.367939413779697,-2.264488039211984,1.0070052255140816,1.4379334521187992,0.11448873462177456,monthly,east,92.77,0
4.063550629933592,-0.6976837566035459,-0.2613519601862123,-0.11319112369744819,-0.5735579959314214,-0.6964137743613381,-1.232464604141056,0.584500669183991,0.29472827725694284,0.18560646958352559,annual,east,98.88,1
2.177647549901031,0.9034521772567159,0.5753730371186709,0.642527988603738,2.7339450230522973,-1.9421175682706318,0.3062558520029408,1.17022428773037,1.0146870427917194,-0.798776662653658,two_year,west,43.68,1
2.154921687500282,1.654930430279419,-0.1823150984180635,-0.8500573834272492,1.5229085696196458,-2.303652294264861,0.036109001284447606,1.2711413131182168,0.3812140247777327,0.6236889611553688,annual,west,52.54,1
-2.181711209749387,2.336180211193684,-1.5520702775912607,-2.0311221447660843,0.06435973159489605,1.0742215594817675,0.22992662335470948,-1.0046887862539906,0.08800983430324016,-1.565302832893826,two_year,west,95.25,0
0.3230481017249607,1.735153652076367,-0.5967165725878437,0.38284667189946137,-1.3526167882945344,-0.5170815721582398,-2.9468628515311694,-0.7426967534929205,0.14453871906197835,1.1026968939459703,two_year,east,54.14,0
0.44265469108394506,1.10121287502221,-0.9901769861269992,0.5491541348679152,-0.4643404791557805,-0.09265755426812938,-1.1123092853462666,0.223652258531703,0.8330514816420167,0.9121883924174313,two_year,east,51.12,0
-1.5691720874958897,-1.3907761425392506,-0.04061666983355682,-1.566014416079131,-2.5022419179873756,-0.2510601691394465,1.8778833506350412,0.7877664529398215,-2.206807067013857,-0.9271408297835662,annual,north,66.67,0
1.2187337652503785,-0.9703791659485226,1.102500415123983,-0.2652700196014808,2.2711410462194515,-2.648579301324709,2.208268026551379,3.345497231441745,1.157476404952889,-0.22094184407500544,two_year,north,137.57,1
-1.843305432113193,0.8538399629586093,-2.256074545315607,0.8486201031547494,-0.9617756683301594,1.783323601247053,0.8395670240034092,0.31647567187132297,1.0907632348039984,0.7183541836597088,annual,east,133.0,0
-1.3773555361855532,-1.398419419659421,0.0687389766075074,0.559524932212924,0.2907522386050341,1.6962207277885661,1.5438511613846662,-0.20872803743437937,0.2774369026646857,1.1347963465362008,monthly,north,86.82,0
-0.6408784854595548,-1.9009125099876782,-0.5072704899208033,-0.5035159096428593,-0.4785541265079317,1.9133296889681173,3.0228672062422817,-0.1000407142897461,-1.0079369965907385,0.6886983141014463,two_year,south,26.73,0
0.0021157333220427343,-3.3739037112042203,-0.0435334665884895,-0.29636078716045894,-0.6462611044672409,1.7445318440255022,3.313238488758358,0.8639935711917645,-0.5362116210638732,1.2350704200172742,monthly,east,124.04,0
-0.5645369295265619,2.57683417827566,-1.370940096065951,-0.6629460573005352,-1.1772339949741537,-0.49130408085681165,-1.5582711020305362,-0.48148366118153113,-0.24304025191756917,0.9086025999103244,monthly,west,43.55,0
1.8522150896358234,2.963843414100676,-0.22111421433189865,-0.4466625072813103,0.7640951541811702,-1.3707273284730805,-3.957147706773492,-0.8887060779402997,1.2318827914400032,1.0440138053683197,two_year,north,106.94,1
0.6706072342747391,2.071511193092061,-0.7758098715875638,0.02905814324142825,-0.38301975309834024,-0.9191316045961955,-1.2900197018319264,-0.3644491668297214,-0.35606406129188795,-1.6851353493119159,two_year,east,128.6,0
-1.1217967284755086,-3.0422931080871067,4.93356577944781,0.2942637001093148,1.7499595730381645,-0.9098770114371835,-1.252917076304073,-1.3021464816905055,-0.8534741885277602,-1.2933653341483575,two_year,east,145.42,1
-1.457273405758258,-0.948351885767153,0.369103931654826,-0.4993037192808594,0.024515979244542185,1.9074643453459772,1.164669737571339,-1.7063506270101938,-1.1639856726313118,-0.5709723354685592,annual,north,36.49,0
-1.6916483221939194,2.048393818846036,-0.9957932653960436,-1.4670424301134655,-0.7444657847953737,0.8583450093168975,-1.3139196535481101,-1.581525465527123,-0.2517366247970285,1.4309212634663862,monthly,east,88.03,0
-0.20788469910995533,0.3369343761119077,-0.8191046987749393,2.2113073292633296,-2.5251275720121673,0.8090673734499048,-3.127158505799782,-0.7261548576799095,0.6747953770878338,0.29038870096557773,two_year,north,130.58,0
-2.5281543359951435,-0.5348894295347937,-0.24910118428444245,0.2576501262366875,-1.1416608980229837,-0.239277949814942,0.7413391914628071,1.680570513692861,0.6716812461673602,0.37503405760667563,annual,west,89.89,0
1.407177211442633,2.9588870927273123,-0.1576601775608383,-1.8304766285641234,1.2067762044779715,-1.8377690061558933,-0.567175105642927,-0.9396438756079936,-1.4063283029717986,0.6166961717101025,two_year,south,114.91,0
0.38339258716363567,-2.4954091052072784,4.320076221056518,0.24381585943183415,0.5448497858284794,-1.660557330598444,-2.1353079362512246,-1.1259806178690281,-1.4249583597618232,0.05967310335093102,two_year,west,122.11,1
-2.171840862194123,0.4927262246963706,0.5663656435375617,0.47551968761728797,-1.3790606983586682,-0.33086483423227886,-1.7079783614324309,-0.6491500304398802,-0.508330267998605,-0.24273741779897212,monthly,west,128.76,0
-1.996850825741428,0.7691147646921834,-2.765580243891999,-0.32004518631564066,-2.341771860673995,1.6539408148518357,-0.3609137657631155,1.065107409107282,1.918721659489115,0.7591194218901911,annual,west,106.65,0
-1.7360285298048965,2.1855076000514173,-2.47283375591774,-0.40340856609771636,1.200304182147251,2.4515019841430368,2.5024386525999205,-1.2189847625891184,0.11354837632355319,0.6248338406848337,monthly,north,136.71,1
0.4905170697327077,1.7368334524704718,-0.6540973764610948,-1.3671804723102494,0.7099547459839926,-0.5972616130239681,-0.6372715970754024,0.048281173684463316,0.5877529210225952,-0.2743681096396049,annual,south,104.21,1
2.0913015669068193,2.386483217270997,-0.45872180200076296,0.6957002732184062,0.30651531139722565,-2.014125725134433,-0.7539640125577282,-0.2042144281883484,-1.1902431621981373,0.6213929309726532,monthly,east,142.8,1
-2.758065478335137,1.1805671441704728,-3.013442132246557,0.4957205431919897,-0.6645343149215664,1.8298939049722573,0.9247772677966439,1.7622260687399196,3.0961294812678437,-0.5972495326598394,annual,north,101.81,0
1.560401032552205,-2.386282689467119,2.7502735034227745,-0.018794861806157817,-0.2727706501519116,-1.1498165494567245,0.6100535857650009,-1.1289627294119706,-3.4465152080728547,-0.08646605004099481,annual,south,133.42,0
3.265180497541357,0.5399298891275959,-2.959274845403816,-1.3347837043781154,-0.35084126107743985,1.2972725598864128,2.392130425840064,0.29166554941173506,-0.45308367563556917,0.39838772095694264,monthly,east,97.44,1
-2.5585441597112704,2.016328819108006,-0.6986908061546881,0.8535914797490685,1.4497071826882535,1.8811850251043658,-0.2469189581286244,-1.9674712469234392,0.8077783894566326,0.25033729819891337,two_year,south,64.77,0
-0.7287185778875171,1.5102354842224823,-1.3522173623466816,1.3945227141509962,-0.584122527135811,0.3315464825697787,-1.1150739257212652,0.16697327492013594,1.2080937727568322,-0.07114308765100857,annual,west,125.75,0
-2.563292994639431,1.0803115338299962,0.642127743466877,1.014530370394621,0.445357234915674,1.4351055004627968,-1.4661488168687105,-2.748092549017675,-0.40393703405473813,0.17926448179468346,two_year,south,,0
-1.0296607838824738,-0.6670159269247077,0.5597569413930763,-0.8117148559723822,-3.240616482660231,-0.892333767789397,-1.5513158019881388,-0.05826355481678899,-1.74443423208675,-1.0585759273489728,two_year,east,36.45,0
0.07887864657133403,1.4471215889211675,-0.145630454676753,0.17076583056428035,-1.404242739896731,-0.06779580643015404,-2.5598409343304978,-1.8370516804847494,-1.0986223369572183,-0.9523792528738183,two_year,west,145.91,0
-0.7879550573682306,-2.8719707364793896,5.57603457411347,-0.6538194982840528,1.8111247117438722,0.5053782208344472,-2.2393045985057625,-4.485723452121432,-2.6506252629158684,-1.279534820240445,annual,north,130.83,1
-1.030963556812045,-0.35787850386936804,-0.7558943001857209,0.8764939146414445,1.6710234896088219,2.46375980644218,2.1864189333954673,-0.6778798681022115,0.9029026348474924,-1.2023266514724702,annual,south,92.96,0
-1.2930377701467572,-1.969240142597506,0.5041848018747505,-0.4018518493312627,-0.8541781072024649,1.3527863739981933,1.6092288825458354,-0.5549432215847121,-1.2683853914851193,1.525460417218101,two_year,west,107.18,0
3.5746711778258504,-2.414179224096141,-0.12223476783202863,0.06084571524722799,1.3974885453943344,2.7032965053308002,2.4488621172391376,-1.651312057656313,-0.9262115964680877,0.38959450934316747,monthly,north,149.7,1
-0.9552348776075038,-1.2532868305303655,-2.4327753272906234,-0.14543782823061427,-1.386706657194071,2.5138564269204995,0.5529726149246055,1.977322617173154,3.4083510674789492,-0.7087974340267864,annual,north,40.97,0
-3.0254605024472805,2.021214580286775,-2.5570648181169005,1.3847856188452143,-0.9467441551335595,1.6948764266372247,0.6347466172239062,-0.03751665606747698,0.9549424343907096,-0.5869217456739655,monthly,south,89.49,0
-1.4395376128349695,-0.789069968628746,-0.19592291754508384,1.9283678043064734,-1.780398501054927,-0.4649776454069905,0.41785497379818215,1.4301921814265433,-0.08037843574937997,2.03052430040075,two_year,east,70.83,0
0.3780870054094636,-1.7166165165312313,-0.5207293440620198,0.10006738754657743,-1.4000142005243876,0.5735757597721483,1.9437076413081846,0.8010291687490876,-0.9642085115741368,-0.7912358836279623,annual,west,90.35,0
-0.17994494634812674,-3.785341889931122,0.13551541343270096,0.42364368509404954,-2.685257068751794,1.8371661678037834,3.989828545936688,-0.5374344299742674,-3.8861494010991753,1.207551545309024,monthly,north,33.44,0
-0.07685738383906493,-0.16408421957632313,-0.21068621239795185,-1.0583374644883163,-3.4028012294298073,-0.40061326679647813,-1.0144672702360853,-0.7757455763089975,-2.6183207659557843,-1.201852172524953,monthly,east,77.3,0
0.33434664655699853,-2.985191364670478,3.649744373183584,-0.9618546008691905,1.491895842217766,0.4215807551734987,-0.05588623414043359,-2.1462385913047197,-1.7141584493269737,-0.779570625447736,two_year,north,79.99,1
0.9848006557170316,-0.21889503665745624,0.6930795149694583,-0.07063679475555734,1.9827798757920434,-0.8815903305788183,-0.18147970830903026,1.2421627901658803,1.9057327888977054,-1.0172174364189834,annual,south,97.47,1
-0.6797038188554327,0.4655166642984333,-0.9420159702107742,-0.8448498528814327,-1.2629164368496621,1.441142067225974,-0.8426065902023072,-1.2377146170316213,-0.20309785614752163,-1.0076219079844837,monthly,east,106.11,0
-2.83537168743991,1.3699836326754657,-0.7031163554839416,-0.3566956938121125,-1.7768118158819073,-0.7799097021363688,0.25012946933705904,0.4506879759610418,-1.0737312928762102,0.11169651902149652,two_year,south,96.72,0
-0.2059005690364446,0.9502951083688327,-1.0518961874922068,1.2771724867110408,-1.982552437494789,0.15186043255132897,-3.082125407692922,0.1093183257664785,1.4478687758605215,-0.786863960473761,monthly,west,114.82,0
0.7488915613614852,0.8992826122361757,-1.2248278303302589,-1.0816496370530717,-0.15805157916658774,-0.3955211795119148,1.480157120945401,0.5846479466966199,-0.7283902316635891,0.1571302943950572,annual,south,95.52,1
-1.9160863538750612,1.7240523264388083,-2.1799186076529007,0.10120085666160006,-2.7997022119958004,0.6317871995206855,-2.772584597240396,0.524515676726931,1.890018699517002,-1.1585129653997595,monthly,north,77.6,0
-0.8673797822245282,1.7989791314824033,-2.4133295876374175,-0.6372742085413542,-2.4440627348659145,0.12450862198614865,-0.9029947061395652,0.7089989760092079,0.4687617432756357,-0.6126109030154624,two_year,north,84.58,0
-3.2504131017922053,-2.5191439339862747,0.7918832555288823,0.7358592540920618,-3.5084947492960614,-0.871164289461823,1.8422138918871123,1.8278139466423737,-2.156940088104146,-0.27527259844114194,monthly,south,75.91,0
-3.9188189898524683,0.3591575872328313,-3.147255107749787,-1.9205206814287783,-2.928785016013201,3.033398376090783,-1.1992453490731485,1.1547367628551004,3.6116086115657846,1.3208269621354747,monthly,south,47.31,0
-2.381810405454032,1.1841946621430723,-2.2208818493184714,-2.1419524641764185,-2.236834378357539,1.5070539854407858,-1.7940914187352948,0.4097648287650836,2.150343751168083,-0.6882031194715433,two_year,east,49.48,0
2.224213886475048,1.098266050435543,0.18750051328234618,1.3817319350008581,1.7218307049717194,-3.436184830615398,0.7738390579059178,2.8342572650450637,0.7329523736055158,0.2382948376461303,annual,west,79.46,1
-0.5273066582157213,-5.193089219347072,1.127017537943343,0.855653287066793,-1.8172205168840214,2.0255856308038664,3.8655406539018045,0.16724889170614374,-2.4266374292919695,-0.1949501496953521,annual,east,76.36,0
-1.3317155296038856,0.5428278056963403,0.31613115221127147,-0.1458926077432463,-1.8176034663449525,0.4350013572543846,-1.9303550096517124,-1.9494571025875476,-1.5098767819552026,-0.5028362848678439,two_year,west,121.31,0
-0.036477293667849575,1.2820054812665678,-1.872573774161788,0.768175417928556,-0.6120733596745015,-0.3528899707171491,-1.2805419245714642,2.1125937145085936,2.9659611261913827,-0.07802501205858335,two_year,south,74.71,0
-0.29784401863499366,0.6190703080593335,-1.8648013288810603,0.48363959173792437,-1.7317100015229547,0.4533473508476623,-1.3417842292734532,1.2783004778144114,2.010746298306879,-0.47308756558346526,two_year,south,107.54,0
-1.6383244495346587,1.9616986452844412,-1.4154908155192314,-0.2464846348180171,-2.8746677159948737,0.30215703158100604,-3.9561775828856485,-0.5314674519617145,1.121193251705618,0.45595765448445585,two_year,north,41.59,0
0.5997552383528028,0.4463796624388696,-0.9019567676398471,-0.8095459623605339,1.3080021272452318,2.055780274782805,1.4577300184126412,-1.7290006120991472,-0.4226428558351689,1.2604360642891899,monthly,south,127.13,1
-1.2341140734053266,-0.5251930633124262,-0.5026530064575082,0.6520610039532907,-1.4990479015452627,-0.575255644542505,0.4178421524872922,1.868813927287371,0.5405687884679209,0.5349627413324406,annual,west,109.1,0
-1.0656463696277325,-1.1940907346513652,0.613533135946777,-0.4291316785652781,1.059967009166547,2.7257747977668503,0.31267423923511384,-2.1497252475629502,0.22817830603686806,1.7695228054699006,annual,south,122.58,0
1.236322672276256,-0.42491152440921165,-0.22989272755040446,0.5128626667656307,-2.1294591999919414,0.5184387185772348,-3.096624309068103,-0.7193645516329861,0.44456288081433004,-0.4495357077500591,annual,south,66.73,0
-1.2145543307589977,-2.7573111487635504,0.5517257768620691,2.2609485009617813,0.2210993922430824,2.455846351069739,2.3944956766855485,-0.6380595153639466,-0.3786055212215691,1.0607705005508237,two_year,east,106.13,0
-0.937764586339014,1.5525991206602998,-1.5241294358151798,-0.8360219149359323,1.3772873541095754,2.8818185199963056,1.6707558618204827,-2.6314740926073874,-0.6281250146458874,-0.19177277539642398,two_year,north,48.22,1
-0.6311226958848839,-0.030895803127976573,-0.23429803468399119,0.8601433046271763,-0.8736315325384068,0.9107409274563798,-0.09756048900685199,-1.0817951617798927,-0.8814370285364458,-1.434817282527436,two_year,west,48.73,0
1.9994212593125458,0.3424154547428635,-0.23717045505975132,0.6427747798732948,0.1528596189605349,0.5946455875416854,-1.4033520579886019,-1.2393637561839987,0.08605020004708797,-1.0245970100266424,monthly,south,51.52,1
-1.700326033164803,-2.270934253843719,3.4134500450318623,0.08499030825934951,3.147065243982238,1.8321843590245876,0.06941204026121028,-2.682638921667254,0.04231500240597286,-0.08861969579935083,annual,west,54.4,1
1.1905513060179143,1.639704455383287,-0.4207052133685631,-0.08741444470393946,2.374141849829904,0.41829772974736157,-1.1666576119174534,-0.6788782830588341,1.964125984482334,-0.530587360319688,two_year,north,73.09,1
0.9961408679609518,-2.012367192843509,-2.361890887611454,-0.19189539197414057,-3.212257448254837,0.867445484353939,-2.8683675263383357,4.2026168050427355,5.737549486504507,-0.0501002991040932,two_year,north,127.73,0
-0.709706048246916,1.0454282180835786,-2.0695894649797024,1.4883245437113217,2.1413358274496757,2.755069594497523,1.7530581161222285,-0.35842053109331373,2.3242632450976695,0.2927777890509497,annual,north,143.16,1
-2.1426648884468644,4.397343687059698,-1.2265230418012998,-0.7381947066460036,0.6024892973657854,-0.11335127573932402,0.764323961293683,-2.6585327304011312,-2.8125005457657406,0.1558567551383545,two_year,south,102.22,0
-0.2484695031618881,-3.8269393780370073,0.7124880293554882,-0.04249234665246329,0.37564056610466534,3.2449846122096746,3.2733041068311994,-1.1541405966563283,-1.0029038721584185,-0.09328852251317829,annual,north,37.52,0
1.5637169477518593,0.34775603190489024,-0.31009363020237335,0.8310208780112047,-0.03488152116074539,-2.7688889149188016,1.4218315714043483,2.7555991511810536,-0.3094465276507439,-0.35731631448622636,monthly,east,74.6,1
1.0863391522480597,-1.4967694260964475,-0.2667655509162259,0.6778710716825451,-0.8419825569932656,1.536603454007754,1.0924767052861604,-0.988408587549303,-1.3068420841700492,0.7724283914665881,monthly,south,141.7,0
-1.3042663019310305,-0.4257781386151094,-2.4805672301679476,0.38732977214127734,-2.5038502097815813,1.5252689762508398,-2.202451451000424,2.58099658910274,4.661424513569826,1.5126772720573254,two_year,east,61.67,0
0.9100238194043545,-0.04611792633779754,0.5902775537007653,0.9278397373736144,1.8261121305512156,-0.6798299305394349,-0.3433632308327029,0.883158470797845,1.7087669182267713,-0.0005738954185446942,annual,north,,1
-0.4786990702113514,-2.7647213246082223,0.029332001186985864,-1.5861340643590094,-1.3962923681598423,1.1805817585816165,2.3593097421307956,0.6843780143284693,-0.9326283989891714,0.22360921799397235,monthly,east,141.57,0
2.7089076147629827,1.4454488296631267,-0.39037374257668284,-0.7099682610381118,1.8167588147212377,-2.6334728441752118,0.5614525655089879,2.1826850169699106,0.9203270682967224,-0.2695926939041568,annual,north,79.89,1
-0.9688866024274989,-2.7410110600580144,3.4658257836902857,-0.638716983666841,1.5686683135901873,0.3004988209904145,0.941150905637135,-1.661110236955634,-1.8045089521767093,1.0077298721858199,two_year,west,85.05,1
0.06572199799071932,2.2666884109880323,-2.1937004152729283,0.07069598500207216,-2.396158895847176,-1.2114377632059736,-2.1404415156694343,1.532567094105163,1.1510775832531537,2.7171763420509083,monthly,east,139.43,0
-1.9981692939062081,-3.989579458753998,4.523872513305578,-1.8730830007211643,4.538919817389791,4.036993106495122,2.6440768163526682,-5.128294337035868,-2.10821771338472,0.22303251677178748,two_year,west,140.88,1
-0.5494962388226515,-0.07807537337674986,-0.1951493332493263,0.21763179747038475,-1.1196041371626917,1.4883672553429634,-2.980350974834984,-1.163845612211579,1.4638341152203378,-0.23613455816898632,monthly,north,137.58,0
-1.660381576186265,2.329270240213005,-1.6915652901941363,0.1266262974452996,-2.4399847673429877,0.19068902419599332,-2.744776454127913,-0.478422062289533,0.5230322701951092,0.9411062930387559,two_year,south,86.77,0
1.1592282694321425,1.0936407189839583,-0.8401124688574564,-0.8198168118577809,0.5086282046873268,-0.8164298957918255,0.5725453589869831,0.7628432076619114,0.14362961068706848,-1.2555109790974248,monthly,west,103.18,1
-0.37292969358693195,2.5290116041734185,1.3752008244181757,1.0607339388312802,-1.1706409585969426,-0.33681010596069894,-5.480182177332953,-4.433544522744943,-2.1027611325929656,2.169169222824323,annual,east,96.57,0
-1.2032947108527459,1.0351854010075523,-0.41422996571500964,-0.6132307582155548,0.7664836501373171,0.9925258357331201,-0.7509797147073669,-0.7789118150543332,1.1741359949442396,-0.17955205418380094,two_year,north,40.6,0
1.2650711950992402,-0.6163087650150754,-0.232032875500182,-0.028175564262640118,-3.6751769877607825,0.7191495044283952,-3.8092503895020213,-1.5613425540434482,-0.8213649312268718,0.07909772510555992,annual,west,101.05,0
0.27148687100833224,-0.6202081738263863,0.4209842171867275,0.6593285330651066,-0.2400971817031976,-1.6573327937163667,1.7490057288406105,1.5750830250893468,-1.1251742783863221,1.5371112014358739,annual,east,61.49,1
-0.613130191197214,0.41165887621085406,-1.6432120971170407,0.24078412547463038,-2.9216135389500666,0.5687342038565757,-3.5144941169854267,1.046251382021195,2.6762612417546388,-0.5167772126860601,monthly,north,37.0,0
0.004275092862773944,0.5422428772109871,-0.729669697150907,-0.18826765108584473,-1.2658680344561062,0.8318135097713637,-1.3345470051749821,-1.032547448803649,-0.1974386323460644,-1.9079477918311536,monthly,south,47.95,0
0.4543743409331158,-2.423003961439073,1.1584495990227588,0.15515292454109295,0.004580668283008293,3.702695682469863,0.5662696314011446,-4.27773045564395,-2.495947309666309,-0.7287156747707861,monthly,east,60.78,0
-1.3232827907724418,0.6599914313755295,-0.8496727297240638,0.7443078918865323,-1.5794488791282495,1.4619873828890277,-2.492297419403227,-1.093048140591084,1.0453331362146596,-1.7305564908942899,annual,west,143.69,0
-1.1495541034717591,0.14412178443742452,0.27181020546901224,1.5810460420638155,-0.901047747033951,0.4922177154871671,-1.6443627652042778,-0.9400700349549757,0.04180152010849514,0.8451971146225115,two_year,east,148.8,0
-0.52226698360729,-1.1138840237414995,0.7368746623489073,3.155528936633284,-0.1898871664367423,2.2277319933197752,-0.4805976437784254,-2.6302784334350866,-1.0080730320515243,1.5296470414105476,annual,north,132.7,0
-2.3698538555612214,3.4780944253628454,-1.9486218445747947,-0.23471651633598703,-0.054505113804126926,0.1904337159675843,0.06832198824884661,-0.5938522187836144,-0.026688947171547905,0.40792054916092324,monthly,south,80.04,0
0.25425845689799487,-0.3040769593524384,-1.305195503393979,-0.3619863945697068,-1.4569956366446921,0.7336094408392217,-2.0243454189883456,1.3233660427013778,2.822791709088304,-1.3370529562021198,monthly,east,80.53,0
2.6628349048351607,-2.2758614099659837,2.3071380000667925,0.23154366781409674,0.6851570198962886,0.7646482031232403,-0.0980619874924582,-2.785371544095948,-2.642295985325399,-0.8864620484680403,monthly,west,119.41,1
-4.932258522804703,3.038717242545076,-1.772569613036346,0.8456285023964406,-1.2106820689703108,2.746631778609135,-0.15711290637297293,-3.421327678341083,-1.5225336515852845,-1.9753594698038113,annual,west,32.79,0
-2.236136546747692,-1.9871422241528975,0.05021926931968895,2.1120114779788794,0.043305535877715684,1.5155081410111042,3.2180228405208404,0.5873438040380773,-0.3037651329509303,-0.3801683517390509,annual,east,149.22,0
1.0217656586871278,-1.405945022912487,0.294396827313791,-0.6715341042923815,1.5018036332760323,1.743032607586711,2.3227877625583395,-1.2012481028883486,-0.8522031731652041,0.7387893253284398,annual,north,109.99,1
0.3020330037928216,-2.613558738271726,0.13988600182605387,2.6344087494272137,-0.3946982523323841,2.3950480865138664,2.2780626408618017,-1.0817325472548893,-1.3144259464078334,-1.675685050871681,monthly,north,58.91,0
2.2539976284460383,-0.04092429886656768,-1.2241097537103653,1.3547200413706268,0.5069181631986464,1.8947735450314567,1.0962670366528176,-1.4162918225015106,-0.5611039467652439,-1.4699974646106244,annual,west,138.15,1
-0.7848487863887694,-0.6639097159260854,-2.2214537566314845,0.6973796564441773,-2.140565952375608,1.8253538889888006,-0.9667091066373689,1.6317324826618649,3.059962290101877,-0.12994657391929174,annual,north,91.84,0
-0.15543558031971405,2.1567803357519724,-2.0883409540832454,0.5178356239762943,-1.137187143169504,-0.3865010276992047,0.09104859177758118,0.571388537266771,-0.1022949849893493,-0.749108120301593,annual,east,31.07,0
-1.2464103560254232,-4.04715262103036,-0.5319742385810843,0.22697830484978082,-0.488994602142532,1.8403966616805745,5.0482911221631435,2.680143038961766,0.5831252695233278,0.6062019272657179,monthly,east,34.07,0
-0.9082993348001599,-0.20797557858523064,-0.07151043971560975,-1.3155629216660312,-0.808643154319903,1.2758901461908385,1.3557662346509733,-1.9422742036429577,-2.596277859251383,-0.9618970424084962,two_year,south,24.12,0
-2.7613227051345826,0.18537359341710902,-0.8570148072251447,-0.45548876509175085,0.3758893253567439,-0.08302605220261006,1.4373321729256192,2.4668236378433397,2.280725759828261,1.0347845005180112,monthly,west,48.11,0
0.08018276362884902,-0.9372333700330366,-0.9468334816577175,1.0679930967399958,-0.44973865200378915,2.0689260794297546,0.3808176696190262,-0.32655233685481133,0.8626443453223412,-0.21740690859247427,two_year,north,26.68,0
-1.0895328322039426,2.1579256714440387,-0.911173828122803,-0.29724936882609626,0.39364112309237,0.12373428801916952,-1.9595980129835442,-0.15008097037048018,1.91852224891104,0.9124268240430486,monthly,east,86.34,0
-1.7955799405935924,-0.11204454096505745,1.0068737587628804,-1.5320210579394087,0.05816313434357956,1.6325291945492346,-1.8243778862046875,-2.5082791047325106,-0.10384548294402884,0.997810552406678,annual,east,30.78,0
-0.2540833847853886,0.07517563966610263,-0.2263374435011067,0.379714637410795,-1.9499132120962672,1.1470463833901106,-3.3400057434158983,-1.42780371715768,0.5972446710241266,0.8341512408498682,two_year,south,77.61,0
-2.9897741669435955,-1.165067755215719,0.6101888717984674,-1.877952318802656,-0.8856004290275543,0.2784039783675918,0.9151198000335073,0.6078946155279671,-0.18217301880757564,0.6493573982652652,monthly,south,50.71,0
-1.809025462106871,2.3174454940817064,-0.8244529235407122,-0.30232410359876033,1.430497019532321,0.9725333067950028,0.5977174442309234,-1.5192438827820727,-0.10932673733961717,0.7879138355759113,two_year,west,92.76,0
-0.35870421093784577,-3.0187409579811018,0.5301584022730816,-0.8826798425878096,-1.1439523733254078,1.66913679514498,2.46251015817567,-0.47082666844921844,-1.8448603089774989,0.22294378305596207,annual,south,77.07,0
0.14400153353380019,0.4343812844501188,0.7188853035591579,-1.220365038442135,0.4771313884652263,-0.050814575856352184,-2.275810144042654,-0.8487293084080171,0.8840839248774592,0.46831326023889547,monthly,south,128.88,1
-0.2930950646077467,-3.3772079557644994,0.20608979434064123,-1.0946949597044338,-3.0906381532216947,0.45658532343250124,2.605834414806637,0.9217001091009127,-2.590214827015422,0.2591511605671083,annual,north,63.75,0
0.6942120584196321,1.5298616506521143,-1.3851409021544605,0.47537453063013263,-0.607911377665681,-0.9468327032756847,-1.6923225661622703,1.5122626445932186,1.9759722703093008,2.0742954859178724,two_year,south,49.93,0
0.6616291173081397,1.3095756172989947,-2.3318074219268086,-0.5206852385786773,-3.0513225977421397,-1.2482185062606335,-3.0314257078450955,2.7537901045415043,2.687830395499367,1.9589305768804914,annual,west,142.22,0
0.6671751367689149,0.500247366331404,-1.1232412593874492,-0.6266541040037842,-2.022728279463395,-0.13629534228792317,-2.7236631376823217,0.7332138493940422,1.5492216253390074,0.08507151136039444,two_year,north,80.63,0
-3.039215465445027,1.8812334724603303,0.3349314192631829,-0.5880059104911158,-0.06074005547644945,-0.23079641783926275,-2.6712794569477465,-0.7153508114036795,1.2072192530414108,0.3046250180704506,two_year,south,23.66,0
0.5481839962997708,3.832307023501778,-0.3235114638696479,-0.8348772461108335,0.40535837934291497,-1.8518304614656311,-1.2632927449384563,-1.7739707629395898,-2.2437296575799905,-0.3545196907698191,monthly,east,30.33,0
0.340539871801524,-1.27078653255319,-0.4563237521173408,-1.3279633767367816,-1.5142883000980518,0.6499033878169025,0.70197754224986,0.29242088268602284,-0.6269228511327789,1.0815461281128014,annual,west,92.22,0
0.17705097311143747,1.146456641117711,0.20570054046878708,2.006240429543594,-0.18696918818334707,-0.3533806597562985,-1.5332266831471677,-1.2023099919389872,-0.6556825513301354,0.3596089004652911,monthly,north,47.4,1
-0.5913150223403097,-2.1818569266172085,0.06587440009301841,-0.7791699785271218,-3.2013570195571748,0.26739301493506673,1.0407753661637815,0.32933837630279333,-2.253058739291374,1.1888993746587677,two_year,south,39.27,0
-0.021241241809874967,1.977163668293094,-1.9086814012029507,-0.20999902389707978,0.24997951692321285,-0.15240963656457307,1.6340124996301517,0.5503992948141132,-0.22517637710619876,0.44844841054036433,two_year,north,45.42,0
1.6623453834619708,-0.4567464798102935,-0.13002228857882253,-1.1373142646377492,0.40122208908190493,0.9385238240508098,0.2684316637784494,-1.0117553062940237,-0.4573742735712889,0.4012713627368552,two_year,north,116.82,1
-1.2285842592039025,-1.2710890620312254,0.5329931999698508,-0.2025336817417901,-0.9602903196414563,-0.17900644103551866,0.28517084822310523,0.8868912705095817,0.0296693144881387,-1.5231612862687638,monthly,west,143.37,1
-0.06506609790646056,-1.750885020630656,0.03784420734922809,0.294771755417136,-0.7134066707832583,1.4510340619531368,0.4961890618423038,-0.25613314908148604,0.030611365854452677,0.14160985659883604,two_year,east,36.82,0
-1.9949717498096013,-0.5075236173777454,0.6134608052686805,-0.8848694712772589,-1.877993167902269,-0.4835691372096971,-0.9279032258083564,0.21316719351539354,-0.6023284986107771,-0.1277488884336944,monthly,west,134.37,0
3.3530033142171543,-1.6092714654078126,0.5231353306311797,-1.440681670695796,-0.3282380749862377,-0.9794606855559571,-0.013736825715775947,0.9338103283728122,-0.3588539818495077,-0.49515964150743813,annual,west,112.55,1
0.4973420577293959,-1.3590783933771566,0.21813965218892684,1.246154172321719,-1.8561158649627312,0.5080941257915293,-0.048515731404744855,-0.671648253830118,-1.6146066115040112,-1.3231777273386651,monthly,south,92.39,0
1.8402543637553936,-0.804043160336777,-0.08264773431271123,-0.6291284013002115,-1.294219856148576,0.1684914340978052,-3.0554702081857568,0.31622707725486854,1.7560697002659351,2.2198749426314315,monthly,east,,0
2.188192121043971,3.526207958963653,-1.8138259847301057,0.6055756038219758,1.2854119157427044,-0.7249804032191386,-1.8289359024079137,-0.1800414971058834,1.5384720040588458,-1.7337696121693749,annual,west,122.41,1
0.8316664308500648,-0.09156456071412,-0.5666228069055735,0.46955491578429065,-0.21625471574931765,0.5757470411373227,-1.1701306514478815,0.20477724974764588,1.438560522610624,1.3361724005723146,two_year,west,125.6,0
0.15005648995392717,1.9389995321375781,-1.4052153982301803,-1.2983005234423577,0.4022401739954544,-0.9501253330281194,-1.5253067810025078,1.8599629817144334,2.9565733150078897,0.06469003014852862,two_year,north,118.1,0
-0.22384565656248,0.7243262991896104,-0.8128042010701089,1.4354876607631615,-0.10863398019268244,0.5950452382592132,-1.3210799776440691,0.08238306781502268,1.6459976280064499,0.5855914100654687,two_year,south,91.56,0
-1.4731269112664651,-0.9877138288582401,-0.6083328890775552,1.0856398143541295,-2.1703927530889033,0.19427664210365603,3.038500078924296,0.4328834896664505,-2.8067718338414074,-0.21731502320534932,monthly,north,102.11,0
-2.2313058055275716,1.2470780877830192,-1.9657918771308023,-0.11028545077545444,-2.7469488862292324,1.27608916630781,-2.632366237670106,0.037569607537431604,1.7821902520856248,-0.18416409222576077,two_year,east,76.77,0
-2.3817785621966503,0.18250866396881005,-1.1476277430675474,0.8460718157043177,1.5036163662453736,1.2489162205668176,2.2847666725563616,1.449995665249381,2.3281510895706257,0.09578817706556077,annual,north,60.02,0
-1.696952755046384,-2.9091862689566663,0.0619461003678664,0.9533655344424271,-2.1663266290217145,0.13663914156824897,3.1870492385162823,2.056637318165979,-1.2432285478887881,-0.9044360700055251,monthly,west,47.0,0
1.7183982894193754,-1.5696683313694315,1.7137436114408906,0.48449768810656035,1.2691957256952742,1.7727357084284838,0.08641138758691602,-3.3440214555953074,-2.0216950710706643,0.44255622806770417,annual,west,120.2,1
2.1323193754929033,2.014558414893045,-0.9791777800937576,1.2754474428119789,-0.13965580447150083,-1.7817754957762948,-0.7353268270042956,0.6116168882682409,-0.3131260561017968,-0.8284496616675131,two_year,east,141.52,1
-1.1500353591738421,-0.7596753633624431,-0.5442833822245884,0.791190021905817,-0.2820650102183171,2.973605125428619,0.14325090521801442,-1.822920967600657,0.2476404568515077,-0.4658260406782493,two_year,east,100.8,0
-0.2600570121789403,-0.33251704953610517,-0.5705707811966706,-0.7979310130772174,-1.4867322354049466,0.6440807463522561,0.890354809121388,-0.5801586391419222,-1.6507464294613476,0.4928631737758302,annual,west,89.45,0
-0.9225533753231365,-0.6673765016381445,1.6094240388483145,-2.794110950516051,1.2416681311446554,0.24402224089328461,-1.831106488984744,-0.46676192621282286,1.6622784538169824,-2.3035997077390773,two_year,east,134.83,1
-0.7912485077338546,-1.3316515554604875,0.36305662995907695,-0.2713158409157499,-4.333589756378016,-0.4154126972768666,1.2016935785210165,-1.1823935872589448,-5.382520500528895,-1.4325307933348306,annual,north,25.82,0
-1.7925520582419563,0.31884464842262394,-1.7147316813296196,0.23695468493779503,-1.8808805284641594,1.8120152925401918,-1.9545305748558215,0.30453255033301563,2.483379472396587,0.2891562096132897,monthly,east,59.35,0
0.30269446981812664,0.3649273819523391,-0.1874275217523722,-2.2516461698450736,-2.8273463855309076,-0.5281298823113758,-0.9958315831776978,-1.1719902203430224,-2.839393508587724,-0.9873487963196143,two_year,west,69.72,0
-1.996640320151466,2.3263063176755,0.5717650279682444,2.0871324154466855,1.9474344664577803,1.452086481024504,-0.3913868114185759,-3.984357176544662,-1.6301582311595806,0.9494915365971448,annual,south,24.04,0
-2.1740111159774758,-0.973171312322956,-1.1419082518863892,-0.6127753324326319,-1.962059679743885,3.5138985303237575,-1.253783360128251,-1.4137677522224532,1.2794280692329671,-0.23803839938578125,two_year,west,87.59,0
-2.07469412966074,-3.0588282568777583,0.06091409947050189,0.7653868116453174,-0.10808493313041823,2.5758948339355006,4.6915121973188665,-0.0666781355179626,-1.4068555613135283,0.23772795639983724,monthly,west,142.27,0
0.35103495859337563,-3.3157085425423225,-0.23392465618713054,-0.7691933396217406,-0.3908401635961434,2.967810675393918,4.290954462025406,-0.8910211819240466,-2.0848125964503064,-0.18531447671470447,monthly,north,123.64,0
-1.1947790379573193,1.829107923717359,-1.134700192779834,0.15644596101573233,-1.332264610197881,0.6508258149556834,-1.5227369114571776,-1.2888588384484936,-0.34384435618735565,-0.8521801384211632,two_year,east,89.56,0
-2.0420266725103065,-0.7355932402979474,-0.27547884078139007,0.6575344563020331,-1.9031974581551854,-0.013471080928808332,2.2455361698747254,0.46410859950178324,-2.173217194110365,0.7945565194235602,two_year,east,107.95,0
-0.4966141412623577,2.0756393334871603,0.25720813783166746,-1.7679660222786442,-0.2103690970382034,0.506178515971067,-1.6915705780230883,-3.4657161566508194,-2.340278356512656,0.9425159020090732,annual,west,,0
-0.7635225919815216,-2.5659567203182694,0.42429708098281294,-0.5989856277964262,-1.2440840527436805,2.0759399116602757,2.173499245223888,-1.2751172067916703,-2.211351095970673,1.796561227733081,monthly,east,53.94,0
2.4960510122180137,1.5134810608933855,-0.5868133682037606,0.01182013007833415,2.6513713366665486,-1.5017158330927685,1.1214312256717776,1.3405903689769576,1.0663867153037054,0.14161360252740515,two_year,east,55.84,1
3.010810439551418,2.0075189908161124,-0.13083629303742095,0.09091865034157517,1.4688756828953986,-4.063825089167019,0.18108569703165545,2.673882351824045,0.3101458217612667,-0.5378064516451673,two_year,west,98.68,1
-0.5124788111768106,-1.0665716705966688,0.34431569760015435,0.3979498996772589,0.9222151879889793,2.4294770215340997,0.2507111559347296,-1.7508846104478355,0.38727433524840205,-1.273292037303691,annual,south,107.64,0
1.1992771170101668,-0.15645595741414575,0.8220934192605083,0.1818143718186344,1.4116000405503768,-1.2844007094689438,0.020719635050692853,0.9316309635190065,0.6683418022520107,-0.4690200779102579,two_year,south,20.47,1
2.049428092220267,-4.49555512789815,0.2599316719900152,-0.9795957270218325,-1.358572348044654,3.190090458109712,3.104751433246607,-1.4905449184759032,-2.578151533463994,0.9046841246081491,two_year,west,131.24,0
-0.8344800970092264,-2.6240946447212936,0.6664645510860706,-0.7536000542985061,0.5744699481555182,3.5462166827753614,1.633573177396922,-2.2493726456719862,-0.566415590796406,0.20891668003509922,two_year,south,38.84,0
-1.913022205982024,0.8200408613922039,-1.5434726584234029,-2.114252599902806,0.22060680259594267,0.3555755515726172,2.230802926402895,1.4546686024192212,0.8435512508000693,-0.29514551364550107,monthly,east,86.61,0
-1.6424487292112984,-3.4586909660606744,4.3406755599331595,-2.782421168419071,2.408939679943879,0.5359456127252925,1.485811377848596,-1.868900150985239,-1.7926367620090864,-0.2889387717065094,annual,east,93.08,1
0.4062064112048849,-0.18195644140889122,-2.356739987000515,-0.7762508206489561,-0.21124270842238801,0.4599180559785683,0.42483544959248487,3.4300487200856122,4.117221931214221,0.57086271794053,two_year,north,20.93,0
-1.4854836336666408,4.340167195376642,-0.6509047182449135,-0.41804865026791965,-1.0154582156063734,-0.6262941882254711,-4.1287024063884195,-2.7166717987804443,-0.859110518158902,-1.3289350233173645,two_year,east,75.75,0
0.8778049443490675,-3.2513421707615198,4.248264937411636,-0.11895379129001483,1.2560430452387936,-0.5622680144087306,-1.6324940944054793,-1.3769888273215383,-0.7739343084262396,0.49478187481922264,two_year,south,89.39,1
0.4423094041271922,-1.7158290395387723,0.2816044631780606,0.8755179599628112,1.0519639533193255,3.984396147029969,1.240395439789587,-3.5740457062166975,-1.1457252969731564,-1.110849154488379,two_year,west,109.79,0
-0.9020203923114606,0.25983881792021846,-2.6343032708055034,1.1263063663365462,-1.0021293562032707,1.4938988237844724,1.1976964898674933,1.671798493895494,2.055676440344386,0.5548817098775658,annual,north,137.41,0
-0.6185481087438651,0.35280285877008466,-0.8689392886316812,0.18340178181716052,0.5704243352858176,0.5539973436733007,2.4141839840791377,0.19322906315323787,-0.5585474844176614,0.18059502203173744,monthly,east,28.91,1
1.5083067385371307,-0.04995355316322181,0.916239223307344,-0.013948326090355349,4.050635456053983,-1.135769256236555,0.16184093143865552,2.0115550163285545,3.574400173007655,-1.9131654015117534,monthly,south,56.8,1
-0.6718903255826277,-1.2572349846799946,0.5042184201736593,-0.552258240238179,-2.7143950699211103,0.13710335569747978,0.13327593778320923,-0.9234070886388069,-2.8280491737042994,2.0699930133779723,annual,east,88.63,0
0.3170376441829388,0.7757937413988851,-0.8368783490945475,0.26344974082085343,-0.10916490734845974,0.2713149533602084,-1.0549789759075032,0.17320911120756774,1.2423422662266725,1.3976784443942607,monthly,south,57.73,0
-1.9150646383442136,1.691183251902976,-1.9440789726266117,0.04933219345911076,-0.5240339168491868,1.205424084614896,0.28803605569351953,-0.10915477985003771,0.8062867837041985,-0.5664381029569145,monthly,west,74.62,0
-1.613737825493875,-0.5208517750415133,-0.44350994466282323,0.28241140123804565,-1.313532648340305,-0.09972313232564423,1.1701794869397009,1.1436062836709728,-0.30439594508921075,0.3771057427857478,annual,south,147.67,0
-0.8256942807075767,-1.5002332335988615,-0.3439276401081408,2.062821181710834,-1.855714272104283,0.3929461984626268,1.5733046009604486,0.7893556222763287,-1.0584386761584752,0.6990310325193133,two_year,north,27.4,0
-2.8712647238159574,2.2472698312939112,-1.2537254522848054,0.23757881872016126,-0.08982942549836848,1.480270418626355,-0.8918083937866075,-1.416121876844871,0.7026853138543365,-0.9376954226087701,annual,north,,0
-0.8930612498716902,-1.1321458010858048,-0.2688258003073944,0.9025774834547737,-1.6300620313739649,0.5632363782341259,1.0917264819779482,0.23682445957285464,-1.0388299116163306,-0.14370302272926236,two_year,east,106.84,0
-0.4857408252117429,-0.3707948442207549,0.8002667989228719,0.46797827108260937,-0.08946433425893863,2.9505725031524745,-0.07278369347744063,-4.886507630328353,-3.205890763722392,2.3613352939765186,monthly,north,84.82,0
0.30534997145978326,0.034722545522962056,0.6696359312414824,-0.5424570088671766,2.397430757688076,-0.03405331481110474,-1.1199229468006648,0.6377336527210794,2.9488453165725312,-1.3741086889445675,monthly,east,80.41,1
2.828797537923738,1.092803098050501,-2.17241190540085,0.3085612998311792,1.1278013657073545,3.8193961005420807,1.0391649154086564,-3.8084793019443723,-1.138440595951116,1.832276497958304,annual,south,92.66,1
-0.4026726922097197,1.9941370200349438,-1.3844752020419737,1.8028678713790685,-0.1407462229222154,0.4832893617392672,0.6337817341532929,-1.0846423697266991,-1.110019747843378,-0.1985193142330911,monthly,east,57.91,1
-1.5976760855892047,-1.916129717991351,-0.20931124859932726,0.8105282729525491,-1.2142956452969602,-0.027367916819216243,2.08951089780765,2.3417261194406236,0.4275438502004758,-0.035316859861983914,two_year,west,,0
2.7006048866577217,2.796400254193001,-0.4446571594823418,0.5686427532541598,0.8462344211395619,-2.168213157090965,-1.8159891252089184,-0.15680345905904014,-0.17386432066953028,-0.902607587195664,two_year,north,100.57,1
0.4426587991358991,-1.172445819257539,2.4096832043137013,1.4216575384705263,-0.25242905146317196,-1.5241664084593842,-0.9262092714468395,-0.6681750461976386,-1.9013410613469268,-0.0159611928631013,two_year,south,148.5,1
1.36063853872957,4.294920120649865,-1.4876857909047476,-2.019646471656912,0.8917036488347314,1.3933832580616508,-5.562733778422395,-3.501195907946978,2.0689814294776445,0.7300203038414587,annual,north,,1
0.612975095636132,1.0168875856498958,-1.637595990827612,1.1853900629587995,0.6341862366660946,-0.14846642934973775,0.8060324153172169,1.6443341512841112,1.7616954736434383,-0.9394912855901253,annual,west,107.23,0
-0.9972582937047987,0.4282684711478556,-0.821279878329235,1.6738593387173293,-2.080802254310932,1.2263839522653392,-3.2136122645438445,-0.7440325465622615,1.4204364493447423,-0.8313992170347234,two_year,south,87.54,0
0.6942524802099725,-3.334932709809855,4.006039200549391,0.16012999572293796,1.6461924891301376,0.727126590140992,-0.15099896648088995,-2.7591967088033886,-2.0805342527966326,1.243827664295111,annual,east,46.0,1
0.42916742481298575,-0.8531918598696808,-1.4209953176865826,1.7489710808078252,-0.8862262168155461,1.3873437348489288,-0.30089956790355943,1.138269918394846,2.228030316394154,0.4418941286041369,two_year,west,95.23,0
1.8344483387438841,-2.5753455874539646,-0.8985413453507141,-1.0685060125036083,0.6672622394061662,4.262557028569221,4.42182935041552,-2.5414216246842547,-2.3263949407303652,-1.7292310794531591,two_year,north,144.52,0
-1.2956464165207806,2.148295113693975,-0.03479881100418497,-0.6162175797994052,0.1952453142947015,0.5726110072843273,-2.1271207821910965,-2.3463946143447756,-0.3166519574958542,-0.5314367337577857,monthly,north,110.02,0
-0.5650998608791946,-1.4956567311751376,0.33434669859691624,-0.5423717547533374,-0.5508389105772378,1.6289364962715558,1.1473521005790601,-1.2765022071352767,-1.3508200159042099,-1.3684664893523129,annual,west,23.55,0
-2.1689684044312694,1.064357527034029,-3.1903865646429486,-1.8943701382091924,-2.299785425800046,1.440288647441707,-0.23383479851106437,1.7878276421540267,2.579840005932545,1.0868608307840906,annual,west,67.21,0
-1.0073773168861666,-0.5562844100367842,0.16042793040767556,-0.13295006609347504,-0.1423060352345511,1.5227806251412805,0.12292796033943298,-1.3199648558893415,-0.3772314599186575,0.18442385102508407,annual,west,,0
1.2822759394737449,2.4107747361256786,-3.0938586259389256,1.0717145891216664,-0.000278758103194221,1.9697216485327693,0.555885219964508,-1.2968679761928235,0.12521372270265396,0.6999712878831802,monthly,north,93.72,1
-0.0485975355976902,-0.21713769141903927,-2.3764529278443844,-0.2958934329813004,-1.181301405761629,0.7368235239551243,-0.48462603773047086,2.9705897791169997,3.9142309599734726,0.4064503991035861,monthly,east,35.77,0
0.1531641767253149,-0.08301010826895716,-3.1632254153284345,0.18405711642817021,-2.039105866571321,0.5243660764750517,0.3646027796315243,3.5581621839015742,3.322561519793053,1.03110632281512,annual,west,141.74,0
-0.21106724086063156,-3.8775950293149806,-0.13194195380149698,0.6030306591146058,0.7981349038212815,3.8259747151834103,5.3901910712439935,-0.7796228219618289,-1.2802949027276072,0.5446857532550797,monthly,north,71.2,0
-1.0328512149118012,-0.3376900202147305,0.3374848862694574,1.006192186788829,-0.2826627881195588,2.1857918034451584,-0.17687281755772433,-2.8660108703567366,-1.4729921119717164,-1.1084795007852564,annual,east,114.8,0
-0.3102000491451218,0.5495348660600814,-1.0964294155557461,-1.2538548801101037,-1.9396895960373755,0.027869401881361888,0.5899701861720703,-0.18903377815299421,-1.6806331773430134,0.657465432962712,two_year,east,122.14,1
-1.217786696665664,-0.24790432617677682,-0.6289549276913649,-0.72526799411362,-2.689840839402721,-1.4771775023557963,0.8943093731982742,1.9997828271850453,-1.1489909001807315,-1.2153070706396751,two_year,north,47.69,0
-1.0389213228078051,-1.7426350135896138,0.14925978738812115,0.5652877023021063,-1.5580133345106748,0.9225125983781752,2.3432100138613583,-0.459256949675412,-2.476899778112422,1.6056478005407981,monthly,north,106.14,0
-1.0900002077005033,1.3319256635554018,-0.276856946381164,-0.8105613244101543,-1.555286605702181,-1.0874426788237108,-2.525124563642174,0.41476220895731036,0.6154848664130383,0.7681765742489749,monthly,north,88.04,0
0.5881341064042986,0.5982414973610211,-0.30801171606419503,-0.32593155167584176,-2.5842148244323395,-0.13186710433585191,-4.475640947853837,-0.6701217799260375,0.7891152287676745,1.3879957917623074,monthly,west,43.18,0
0.7279907647422164,0.6672064107679596,1.1291104431278234,-1.8953236385742382,1.623949349573527,-1.4116697797695488,-1.634176657983893,0.29064364270555487,1.2178921815648418,-0.8565092833383405,annual,north,113.4,1
-0.23348893296744377,0.10825911310858627,-2.2952274672493873,0.26158842652327935,-1.2242185384924944,0.7580750611759378,-0.4316711764703224,2.3731055796096365,3.19957773720202,-0.22283567225306924,two_year,south,90.27,0
-2.4768015416565885,1.3597598924821623,-1.7763461511187266,-0.43135061561502547,-1.7155573399057324,1.575298253783358,-1.5743035431291537,-0.4147854744153437,1.3928217633925566,-1.008210148892152,annual,north,47.83,0
-2.2927983917372985,0.734330242119518,-1.1795780414371944,2.214158373915027,-2.542740364926872,2.391998100265854,-1.9815561613368398,-2.280122929747069,-0.4020050267885942,-1.8011884262088607,annual,west,74.35,0
-0.22290285966438628,-3.6281601457739305,-0.01458451921596348,-0.46314993260427806,-1.8550452917251428,2.1906231165138146,4.2634870338698,-0.48545563195952646,-3.175084528992292,0.39440754875494144,monthly,north,108.5,0
-2.682984035670948,2.5187866086708404,-0.3472917367846725,-1.9039786950150128,1.118875154424916,1.493690763203494,-0.6600532019341337,-2.8045491650364336,-0.3945370450800354,-1.1047109653916267,monthly,west,149.19,0
-1.2976269607670632,-0.8393381581962708,-0.09950104771738028,-1.6412760117100438,-2.782387994806423,-0.42321025398930945,0.8795538080041585,0.3696033750120382,-2.265405063098491,-0.7049682997552762,two_year,north,,0
-0.32248108226105043,0.9852260162419726,-0.9587364679502977,0.44406061083467946,-1.1677662501883999,0.6979158928830391,-1.0774505945161392,-0.919018124434332,-0.23301233698377244,0.23165681991408837,monthly,south,123.21,0
0.6659826115864933,-4.853692808382181,-0.25796458820942114,-0.21402921467354144,-2.170974967252288,2.3640658219986364,5.3735587799666185,0.45633235211784473,-3.0645201196866036,-0.12017262234058121,monthly,north,62.98,0
2.280407268617648,-1.2233543814937717,0.14470813688119774,-0.5224587711280084,-0.8073406942145624,0.09459336013922548,-3.269601529475312,0.796334237422045,2.6306376580707784,-1.3213260092580446,annual,north,86.5,0
0.22114818115158386,-2.3826490807630067,-0.26297163364643916,-1.319469112504619,1.0540414694268843,2.8315283530399826,3.003655860683293,-0.4987087974700631,0.1727985086370567,2.2674092527918663,monthly,east,128.55,0
-0.17370068652775184,1.9703830140228096,-0.7449396246857799,0.3941076451757858,0.11582183141304547,-0.28540954503702554,-1.4347762346007502,-0.3937330953906677,0.6281140789385253,-1.0586788918617942,monthly,south,146.16,0
-2.4568159717668885,-0.693959241867083,0.8501017070074202,0.10955608310844062,-2.1438118555030536,0.4268911954116774,0.3719298373577612,-1.624028955725189,-3.0715025478996267,-0.3425818794478819,monthly,west,43.2,0
0.1446687976617671,-0.6341883266386457,1.6414013910027425,0.8020135297036116,1.5102506212357911,-0.939666835264882,-1.1863760069896276,0.5730257145293025,1.4666986021014234,-0.3416163407765405,monthly,east,130.67,1
-1.5613209307868812,2.5015004914690504,-1.526567801780903,0.8501532268297914,0.41827314862715603,0.639572035519101,1.0213646104544454,-0.9747038900964257,-0.6479767849750637,-0.1841133592824021,two_year,south,148.49,0
-1.5582068209344935,-1.3676426653336606,0.9049261638100518,-0.32189125397243556,-1.033635885897589,0.3334640000229714,-0.4257159960310696,-0.04023948320796446,-0.14845506408183406,-0.9684640944085466,two_year,south,78.56,1
0.32275321127496304,0.6497471444866574,-0.6204036130342913,-0.12868600335437788,-0.38383422614687945,-0.5295397670050292,0.15917272734221832,0.49549582785375185,-0.16150686266633651,-0.13435878032442408,monthly,east,60.03,1
-0.6744912951958288,-1.8663147749197933,-0.7627698012498197,-0.5405452419317119,-0.6584447547435848,1.7487881099289904,3.4920404012836883,0.2870485145011369,-1.1269859450177346,0.5393642384906696,annual,east,138.62,0
-0.8927720661999192,-0.41755477286542264,0.17529573806454285,0.2358661074628751,-3.307603422204936,-0.6647295974568921,-0.8280078327018412,-0.37289657723927944,-2.4444057955023597,-0.8040122206531404,two_year,west,48.58,0
-1.3185351744044058,-0.6122364960394706,1.18662757338401,1.2472236401202097,-0.8438062614065703,2.069538369873287,-1.7031594167573503,-3.615868133206195,-1.7535491172981208,0.851828176942576,two_year,east,148.47,0
1.4088423135017047,1.3118590814505988,-0.7539013670679876,0.26945006075774935,-1.5067373306095955,-1.5410265725084056,-1.3108075599976536,0.4410544365895309,-0.7494321749273593,0.32441723485075263,annual,north,72.2,1
-1.3106278996756109,1.477111979033244,-2.700186619671403,0.866801212510098,-2.6747410994533265,0.38424366519255915,-1.5767404305398327,1.5846591917412514,2.0989294400918723,0.4362165250788604,monthly,east,,0
-0.07465540121825776,1.4353362617614418,0.13094802095851238,0.43701629201451436,-1.5727200478808965,0.5201584266312366,-2.770999277080354,-3.1238693288709314,-2.0543764663387574,0.40993527616204256,annual,west,37.78,0
-1.1778658368030077,0.669880040198598,-0.7152602351901056,-2.8896945371616813,-0.7783047588259996,-0.22624875542951695,0.3513718869735817,0.5701726161256677,-0.07718532732438133,-0.7200372860199116,annual,south,82.02,0
-1.7406566640756247,-0.20948708557720375,2.767186651306968,-0.48667988036463533,0.3416213408431139,-1.94659237597376,-1.563332467630747,-0.4705985479508385,-1.0029165661546617,0.3518323987221303,two_year,east,27.92,1
-2.3554464211582182,-3.1835557392537304,0.62520430969626,0.35154449767829693,-1.8507091917668375,1.232371158753075,3.0347669176566034,0.44754732699683314,-1.882019530732745,-0.7621732177551027,monthly,north,52.75,0
-1.9429439951762921,-1.6098792293428779,1.736933250557854,0.19250048200360745,3.030032811601788,2.6380129076046765,1.9512147515113272,-2.2746279874072326,-0.023886426362083157,1.392133455762172,two_year,east,123.35,1
0.48188002908838345,1.7354974264330296,0.36512508742403027,1.6719810315408374,2.2874813020122486,1.2190263246192634,-4.585148117757145,-1.988804993532583,3.565371876023126,-0.2677590401921921,two_year,west,122.09,1
1.8475935369507075,2.193502348802327,-0.27143129735980664,-0.5864762318560344,2.5862006205815353,-0.6124130207720921,-1.4171775596719876,-0.3594810913179732,1.7362276391329114,0.4501220836614312,monthly,south,125.41,1
0.4144259063166833,0.004228019733071298,-1.2914767572822314,1.6602663646721583,-2.301939266660076,0.716233997482027,-1.6540728937086118,0.11963687717433007,0.6149227529560637,-0.41841851683739284,annual,north,26.01,0
0.2078302026440928,0.7673521071394034,-0.5304895790989259,0.08624265614211411,-0.014176661948554825,0.891529793439664,-0.07883281135320441,-1.4448694506011497,-0.7810028651739156,-0.4317908973380964,annual,east,119.64,1
-1.233226790470149,-1.773782620005141,-0.47380908691268203,0.8126736693020371,-0.9068674460998669,0.9320306494662013,2.559010885478741,1.1667162351334588,-0.25814602150666177,0.16631692339367138,two_year,east,124.89,0
-1.2049506882690804,0.14151321185917842,-1.5993373630759842,1.5813340168076453,-1.4252612452393074,1.4825920593654391,-1.6509848977401946,0.7488065223685321,2.7125843412201673,-1.3023440679632776,two_year,south,22.09,0
-0.1716787170837366,-0.801527707638714,-2.257965467656322,-0.19017390625803443,-2.2611015538234316,1.7121065307808006,0.15019273535808253,1.3246664545587559,1.6604983662006907,-0.2751931617047651,two_year,north,70.87,0
-0.26427319220418,-1.456473809566512,-0.8660962093170347,-0.4389457716208801,-1.036015508836737,0.7905853952460072,2.6363469702877307,1.075256908669104,-0.6403555859327572,1.4377332287557425,annual,south,132.53,0
-1.3184506433713845,1.592970755031732,0.09797184388495048,-0.24316188410172107,-0.8022029159993549,1.2612714997771666,-2.0527556675820593,-3.4647834310392067,-1.7490051018472856,-1.2579570336278958,two_year,north,144.6,0
-1.1123458535875117,3.3760936458108746,-1.0809327137186802,-1.2252911233948227,0.3077484615449295,-0.47720543286539985,-0.4566422605534909,-1.2504649242934596,-0.9363876227566517,-0.8745745033446497,monthly,east,139.55,0
-0.7519555484701362,3.1751835997583977,-0.8248938200862623,-0.31688201180631864,1.5080572497913112,0.14381483213504598,2.026316698524976,-2.4595775492080167,-2.938285079022302,2.207660156172744,annual,east,91.11,0
0.8747566561214437,-0.812382214171024,-1.7371400353142392,-0.008856552121635093,-1.5899368923297452,0.8141039243393827,-0.6718600093129559,1.8973306738501525,2.446628778819222,1.2109483165687585,annual,east,60.29,0
1.5463884846507483,1.720228567491136,-0.698121158781041,-1.8942517828572234,0.7538022405089305,-0.4613486654462339,-0.7676797128232554,-0.44994621847450067,0.17126214162531916,-1.1817004813220873,annual,east,,1
-1.506634693516419,-3.3578410299470165,-0.66184827205632,0.5618700533050174,-3.1031426031154776,0.3417086664633495,5.191305581837951,2.3403426797312172,-2.76614589050193,-1.56386292677102,annual,south,97.48,0
0.37503431142531807,2.0345260013799784,1.1296186081517985,-0.2926733732056397,0.9711709735412939,0.3116046390562014,-0.8201775136229045,-4.599780986684026,-3.8747467343276565,0.9106533835799161,annual,south,106.39,0
0.644367537358244,-1.6647716102797077,-3.071156092175791,0.5743001120695803,-2.171040107202802,0.9999324504768038,-0.6329269719911786,4.9604589036128335,5.862673907071142,-0.737815099094569,two_year,east,96.81,0
-0.9647259687941792,1.408493595363606,0.15218269566266185,-0.43046959516097183,-2.249783477879552,-0.5248903695012905,-2.949032654884458,-1.654744831491973,-1.4751846625428153,-1.1884578757163422,monthly,east,132.85,0
-1.4090525678258239,3.3393229894507366,-2.0296372618806657,1.0103050727093936,-0.8391272655798869,-0.7424555953139611,-1.2701085324258146,0.5184744622470807,0.8782240209576379,1.1088301170217236,annual,east,68.62,0
-1.2947755114888662,1.7505278210594601,-1.762141192456049,0.17145815800573036,-1.00713291000195,0.7116896664770791,-0.34613329372512147,-0.23783442862806264,0.333518851811761,0.6267049111875914,monthly,west,51.72,0
2.2050723981543996,2.3264691246712683,-0.7891752046419512,-0.4445158763185381,1.3809277486303366,-1.8820122106427943,-0.40792644267905687,0.8630211072153628,0.601473055103932,-0.9935322095220502,monthly,east,22.66,1
-3.0072424253863246,-0.07806880468028998,-2.4431372862803404,-0.24896942663984506,-2.0550346371161385,3.371392902358791,0.3327081822903566,-0.30512812391947775,1.4677911714265797,-0.15943470142912824,monthly,east,50.25,0
-1.6356754285340767,0.01203779409379635,-0.8968768753862969,0.12294258075165868,1.491840258076023,2.040362710982378,2.129505131921091,-0.17512562898933945,1.135291328697119,-1.7235942524820513,annual,south,41.01,0
0.38397160851828827,-0.19679930271840995,-0.2659178708475367,-0.7955742975605488,0.8056056117279666,2.8815803234092763,-0.16386253310017662,-2.854402104524637,-0.2316457866237861,0.1491346269279918,two_year,south,50.96,0
-0.9518200024261123,-2.266994449866022,-1.0870815863591026,1.7436848488802204,-0.9210844845565449,3.4660345991468717,-0.8351364405598589,0.38834566236153667,3.4975481450643877,1.684927072565,two_year,west,134.53,0
-1.8263701610121208,-3.8811873938004755,0.8198967915251151,0.3233961519753361,-1.5470738388929357,1.342613469953206,2.9854353068835944,0.9015867681302823,-1.1361267380812519,-0.03779610810019199,annual,south,115.11,0
0.6023048905119397,-3.7740577941733444,2.620646080743442,-0.04524200878799306,2.411034109917868,1.7972235543652224,3.7096854222193625,-1.8145781211617988,-2.3012506346418733,0.5175823292950157,annual,south,51.64,1
-2.8779349641549077,2.6654438120574873,-2.085949153377444,-0.2545335683405404,-2.3910008019233553,0.8334032960317048,-2.1640638012471625,-0.7338841742021602,0.5353346070845233,1.125597438442228,two_year,west,,0
1.835760896495073,-2.94438328023221,3.3864930528915123,0.4042936640821038,0.9614830524770501,-1.0708042918482201,-0.47266926191255587,-0.5447643217881217,-1.2502566128607657,1.3626146303713382,annual,south,90.74,1
-2.293715794020743,1.251984325491028,-1.761857961955765,-0.008083580599180755,-2.790564726662228,1.4708748775141651,-2.635599417134129,-0.613540623195752,1.1539868712228105,-0.28293652919050455,two_year,north,72.84,0
0.060510254778367356,1.0624424118142342,-1.050461225576313,0.18099952082822057,-1.9661708858130555,0.007329973114330812,-2.5892928674151294,-0.11959035382399642,0.6936571446489643,-1.1124280736255283,two_year,east,46.75,0
-2.141606468121293,-2.219657873582966,-0.18469742427512267,-0.09287534708346419,-0.39579977502593355,1.7683338089909961,3.108805542903386,0.6806989897235352,-0.17266826771626065,-1.1863414159423846,two_year,east,60.4,0
-2.0629483727312,2.371934539432152,-0.3313897777351188,-0.0749554843559608,-0.6248106359792349,1.2285222779542169,-1.4243870515588068,-3.4773453600795547,-1.9944351708152293,-0.28257492884137037,two_year,west,30.3,0
-1.8949492873828144,2.586875256986898,-0.9735846675083035,-0.28137926541244224,-0.298751724984922,0.540526497115921,-1.5507759504547929,-1.460731142144914,0.11532764843433019,-2.702073948690695,annual,east,50.37,0
0.9647134785363691,-0.9573213882180007,-0.9043598950898804,-0.21761080534006055,-1.102068258925473,0.8965577390882149,-1.7653161705808589,1.117622912681461,2.623229263895688,-0.6308991494636526,two_year,north,106.55,0
-3.2971885396236082,-3.236545867326333,1.3037702766328412,1.8735256307006887,-1.921087864787979,1.889535850071804,0.9714373424458871,-0.5794653318852007,-1.0391148032367257,1.1039778457993112,annual,west,65.63,1
-1.4663755494365973,0.31809345976130976,-1.364836531620935,1.4941739104229708,-0.8467416429803187,1.7790210425836768,-1.0141109698939492,-0.03563833344943065,1.9607968218484282,0.6352618894230041,annual,south,126.56,0
-2.779531634729995,0.8862251499421803,-1.841425425005598,-0.11097727894994167,-2.311245119242991,2.411874006089247,-1.1874392844443913,-1.1958264717669507,0.5474920241841167,-0.12454221963218018,monthly,south,105.95,0
-0.5146992807418218,-5.023363467495201,5.10473801512144,-0.024304843294766655,3.6517456212215262,2.062383050651327,2.28057504401873,-3.1250806914090092,-2.000495030544326,2.1066119688928415,annual,west,101.17,1
-0.9390064285031212,-2.5596995306983112,1.0583290995733516,-3.801955825907017,1.2503129226605036,0.20001532661292698,2.1153927038241056,1.9913315506312703,1.529922792024598,-1.043042821810423,two_year,west,74.64,1
-2.939867346984724,1.689472268212795,-2.1107682303396023,-0.021616688554805353,-0.7124085188497631,1.960865444364579,0.3036445220498094,-0.5272200421068522,0.9342596887990224,0.4442785432182522,monthly,north,103.85,0
-1.4746879578661702,-2.9281235692943572,-0.33299408118861684,0.3981161926392885,-1.717624501195403,0.922452807787997,3.91419428083309,1.6668911893398168,-1.2529592072867142,-0.31874278895768127,monthly,south,133.73,0
-0.5670777083147884,-2.1861145665821575,0.0034259095278560445,0.6621752827311893,-1.4667810968146602,0.392453225231599,1.4479050367644308,1.3110951721896706,-0.21299884631071342,0.097324185731033,annual,west,60.47,0
0.15319943290415172,0.3653762941746014,-0.6022154241825939,2.3917151514779125,1.3873180769189912,0.9645731533958807,0.5929727112032008,-0.0901246329349456,1.2271338125757083,0.6414701124972643,two_year,north,64.56,0
-1.327533125481299,-2.447133538290497,0.28151476918137985,0.4147095879444759,-0.8216000864706651,1.9682037108437553,2.3935779922941096,-0.5573222247306747,-1.3025932815636256,-0.0012134543589602186,annual,south,130.33,0
0.9901012054600212,0.43769799437146784,-1.2506204016996114,0.11267513810047775,0.21038264456938494,-0.2157648242422805,1.400111596142318,1.1958145741604316,0.38051818980019503,0.4235277778442697,monthly,south,88.89,1
-0.20298615083965377,-3.2734923113905716,0.5925981777213134,1.9921272877087344,-1.5754245356250751,1.8102329880310073,1.5912806333568588,-0.5053124996546389,-1.4296782174006804,-0.6807149955901853,annual,north,140.08,0
0.6174939646661431,0.35128229125135557,-0.5590820368675246,-2.0598291120270593,-0.2011016058824664,-0.3755362067563144,0.5382768176008847,0.4543700078042751,-0.2871606673682373,0.22783227998816205,annual,west,44.38,1
-3.451367697010318,2.5100848062107732,-1.657877202868448,0.5462556727289535,-0.9367719547070374,1.7945178704364104,-0.7207138052623772,-1.858492271575239,-0.09791403229567663,-0.3814766652465335,annual,west,47.93,0
1.3481392680741715,3.346672097250595,-1.49884678482741,-0.6063075680420561,-0.4479221992811073,-0.44849905814634294,-2.1942279610041853,-1.5648272865231911,-0.627781822147613,0.19115428459907258,annual,south,132.12,1
-0.8334757568989256,-5.42448460566274,0.685978439630206,0.9054339980478959,-3.4436080276378176,0.7486782539125909,4.84045405412754,1.8016883604163647,-3.307225356807857,-0.07147695551034816,annual,north,32.93,0
-2.079093591992431,1.4614773393172271,-0.92090161685457,-1.2350198947130147,-0.22270431338591457,1.424558828289853,-1.3740461553069545,-1.1333279016357352,1.111968303509466,0.0862311903499101,two_year,east,81.32,0
-1.6069543599495208,-1.4649343503722603,-0.006090821913083863,1.8039278868945425,-4.30713253205346,-1.9158100342060975,1.5875734156131829,2.046847707020917,-3.0976077777827284,-0.09679034212932328,two_year,north,129.12,0
-1.7726475649773026,-0.4140236535745323,0.3286603565812863,3.269831610205791,-2.6933752237231396,-0.10156167494658841,0.026914430628306896,-0.9037078249856468,-2.76563040827764,1.0347658209124513,two_year,south,110.19,0
-3.0444644974782125,0.1382063838441394,0.15609103165132202,0.9502038836268093,-1.4654385255726883,-0.748990858545943,-0.49353404188031136,1.1282815030095086,0.33691735559658387,-1.7490995630514699,two_year,west,80.09,0
-3.3932183805393707,-3.135343998124638,4.55885295280837,-2.00044358699822,0.5591279501443579,0.40422762445909166,-4.335050991727118,-1.1010396373406615,2.223689875641577,0.3137962388189228,annual,north,41.48,1
2.813495720059099,2.1900470791621927,-0.017424423613528296,-1.0742751741974845,2.3623682672607336,-2.934679225345975,-0.9588212976484187,1.6965306196499033,1.5552679449670224,-1.7536341017803032,two_year,east,91.61,1
1.6075400137925826,2.5609192866408392,-0.011100426851339879,1.627004925582417,1.3899429726050823,-1.4148625840002003,-3.3582883793855958,-0.29818509120075926,1.8068886351898517,-0.13513245354550854,monthly,south,148.44,1
-1.9090794883661997,0.45442505340488726,0.21450840259169723,-2.0711906203729518,-2.2595964354140716,1.4815290141887503,-3.340449464549775,-2.6858370296006537,-0.6620587200373034,-0.780576583962497,two_year,north,124.67,1
0.6130686297068273,-2.608579109200239,0.292723632327058,1.2423799580869574,-1.4791305174376561,2.5263940637447457,1.755112769482677,-2.261635740632992,-2.906404889240651,-0.2569079430585656,two_year,east,27.14,0
1.2423590725218427,0.9483211923979392,-0.6977652009409963,0.7309160360651902,-2.946487470320348,-0.7019288759311237,-3.683176540299102,-0.45848755259173707,-0.25320623676299725,1.099977565171125,annual,south,112.42,0
-1.5882223378085496,2.172251677688233,-0.7056167121624971,-0.3117729409807311,0.6972293734548933,1.202960197947705,0.6593042011550054,-2.474540277539876,-1.5626867442467756,0.5932985134713206,monthly,south,146.96,0
0.6457256416721244,-3.3983689701947664,-0.5492705898493223,-1.5725910045886002,-0.631051147945346,1.9354458089993956,3.718722490753212,1.1344566866056467,-0.3481497990001584,1.278229958341666,monthly,west,45.14,0
1.306028451874992,-1.5910687802851329,1.7112668118163155,-1.1064205927029156,1.179764185703834,0.20239456370511588,0.4564066606799998,-1.0995491575542775,-1.060329798005439,0.658078954243732,two_year,east,144.33,1
-1.327060638672203,-1.1713042934368472,2.349903299638898,-0.9108112161093449,1.5989256772581197,0.42339449622868386,-0.23421347784503999,-1.4467408130589092,-0.338608413500337,0.19986851803063596,monthly,west,50.33,1
-1.2852343383749345,0.5846586026104955,-1.8580453820597502,-0.08624334222542591,-1.943894062573754,1.1932202949470738,-1.702065764435467,0.7015414432080963,2.1800203639738314,0.28073397109046827,monthly,east,126.52,0
-2.024833169713475,-0.3229157360259729,1.2096143979802247,0.5637048472839729,-1.5870113813235394,0.10738949248023766,-1.6438515568906702,-1.5152391838107016,-1.4384092519474054,0.48038153385283117,two_year,north,39.42,0
-1.1039468890830886,2.639135155990447,-0.835568765968432,1.6783930218428778,-0.6073138398397949,0.33982244616402957,-0.45490973109080524,-2.4325260223742093,-2.2520510874711026,-0.04461263348230354,two_year,west,86.83,0
1.6811301340156075,2.1001902554117216,-1.1376027989770958,0.922196055223441,-2.967204955295938,-2.129245574927002,-3.7872096263656947,0.5404560498978396,-0.1755769394078488,0.7073559079091571,monthly,south,67.32,0
0.619939839357865,1.2538141550825421,-0.5822648033393123,-0.29102055797717863,-3.141053631503538,-2.058448045311568,-0.7170531525986418,-0.00857894730101595,-3.134568999634795,0.46442933374219,two_year,south,107.19,1
-0.11096945653093881,1.4488950063980264,-0.6499565668272099,-0.547621020821443,-3.022641359430082,-1.4927726167976854,-1.5161633511541748,-0.2782886423706974,-2.227966382011613,-0.7638283172937548,monthly,south,43.29,0
-0.6076711200903008,1.2540552354472978,-0.7049207796744894,0.7930005725310976,-0.33142770495793183,0.9332752099831405,-0.411262212060877,-1.6059324996630924,-0.7781857683685609,-1.132537106208198,monthly,south,95.37,0
1.0028587304292058,0.09206921006433932,-1.4206372658872115,0.6497658591424884,-2.4823311111836066,-0.10153801144959829,-2.6205324955705773,1.2999397447065861,1.850978246872827,-1.1393597943380058,annual,east,20.32,0
-0.4786274440990118,-1.884975740156292,-0.4054546911305965,0.2864231128256896,-2.3382241006405726,0.4703682481024656,2.294360312399974,0.6124143261430368,-2.072551445974229,-1.0178709331851064,two_year,north,75.34,0
-0.6570438076059626,0.7698991311332453,-0.5300710495081427,-0.6027661904944115,0.838102972819085,1.3034690626466463,-0.34798166598320823,-0.9631568602668539,0.9296514616343452,1.9218367827793525,monthly,north,87.05,0
-1.6332278803705906,-1.619216349387939,-0.44507825882665747,0.004239602911970096,-1.901732788444486,0.4596485779509655,3.2234657248892113,0.8489064335851052,-2.1055018383596136,0.2831352304100615,two_year,east,128.91,0
-0.22395808918032134,-2.001273671926506,-0.01206810887720303,-1.0587229194112528,-0.2950200192812912,2.189693625053366,1.7500215874944849,-0.8989591621901342,-0.7364563843264031,-0.5453049349831623,annual,south,118.49,0
-2.197995676385424,-3.157395497105694,0.8479245088079272,0.10801350217737475,-1.7596145781437458,1.0842834025769426,2.641757530842976,0.3310608383280428,-1.8311885839517401,-0.3399597372075172,annual,north,31.95,0
-0.028900215396077567,-0.45209289729410074,-2.09455305285314,0.03922648270402475,-0.6826843530685345,1.3573716178825395,0.8276617697289013,1.8219840872916957,2.421463015466162,-0.15862262638084879,monthly,west,101.25,0
0.9176963810228038,1.4332477550946205,-0.3544635807217091,-0.2539244420262395,0.9400442450135285,-0.6710292780750449,-1.1876254282515926,0.17425579162850346,1.1378368513111874,-1.7756436005813676,two_year,south,105.8,0
0.6591023855953362,-1.0640655871878213,2.110768960011815,0.7994423624745071,1.3964078334566705,1.6499486602404079,-0.009922466306887312,-4.002966219532767,-2.667489481906215,-0.3234914837390271,two_year,east,115.42,1
-2.6158621369888655,1.2277735761976776,-0.20692768778843776,0.014566484750476425,-1.6506639902579443,1.9814285421997235,-3.745110815470281,-2.8393355015899613,0.409343821305193,0.7055124356282251,monthly,east,92.13,0
-1.2973994174481192,1.2514640669027886,-0.7336821298497267,-0.13254739078275662,-2.6534258816578316,1.0244594431813407,-3.4221641355959065,-1.9638272265277394,-0.3097633788098344,0.029945519361905964,monthly,north,33.96,0
0.25543448790116496,0.1542298123469139,-2.2245427667167763,1.1165988637392317,-2.2193212620958276,0.17829756915612016,-1.706064400200862,2.5060441621878864,3.1246853523389913,0.002022631949688746,annual,east,103.25,0
-2.428755533918441,2.216651783071654,-2.0367555830412254,0.0886125139961344,-2.2071925356379625,0.9795610589996657,-1.6700331717070505,-0.6376481938791316,0.45894569248018824,2.820853649646683,monthly,north,107.17,0
0.7299502003296223,1.0303675140970174,0.08589099138538396,2.8785562996485563,-0.7840337670529608,-0.3663476506165455,-3.482686154860868,-0.8283060794494164,0.7832152210662895,0.4750933644683912,two_year,south,52.51,0
-0.9781613982263614,-0.9666002273665197,-0.3691122186631716,0.5794888725709209,-0.29128930295040667,1.3567389346723167,1.46245225169318,-0.09671864179467839,-0.1510124363310429,-0.47570419908422334,monthly,north,143.28,0
-1.2637327252928452,2.4781595323743244,-1.694156170746184,1.4729531782827194,0.4261816457660612,-0.09142066846173358,-0.4658843239155277,0.7410776278063529,1.8029105110986932,1.1620414397407635,monthly,north,78.84,0
2.6057901665091845,-0.8219013353895601,0.4076635797249609,-0.7795542833762699,0.0666612454411587,-0.037152431626033655,-0.13122472618882597,-0.6370573655773233,-0.9232153432307678,-2.111772044332051,two_year,east,132.67,1
-1.516933252958446,-2.8175505430033203,0.5658469072135475,1.7415330501535806,0.3133503711242114,3.5385139124220184,3.160423932102425,-2.145205611416317,-1.6842801170378843,-0.28136084985389465,monthly,south,104.9,0
-1.8369827366327411,-3.5900146598931744,-0.2189608764479383,1.1823398011793764,-1.1569241167545916,1.4466054945532576,5.200467023104637,1.7854992298650376,-1.2802492098802813,0.49004396261426436,annual,west,100.15,0
0.7871882232251368,-3.559850481355998,3.752875776615903,3.1616211853640785,1.7649285398738734,0.4995114959345738,0.37148804257486856,-1.7944645442484528,-1.4609047471424623,1.3867076394343654,monthly,north,91.42,1
1.5961149553633567,1.5696832737074065,0.3172947411068754,-0.2911518470365379,2.1971348700955575,-0.8873807192481903,-2.29454611951417,-0.030881578347994112,2.204805196006141,0.07073544007210365,monthly,south,104.18,1
-2.1713417278219302,-2.705684901493418,0.8396194391859357,0.3769254349060844,-2.1072416943572807,0.5119736112189244,2.0019391517252854,0.47204507770643406,-1.8812681728764333,1.8168575110705687,monthly,west,129.76,0
-4.888349318401708,2.1840339947059215,-2.5949418712224115,-1.700792605547008,-1.0931623711139826,2.961450014893816,0.3815186454044419,-1.1386984175684862,1.0138177324784703,-0.3960650824599461,monthly,west,120.99,0
-2.5682210666615504,0.7387892664534808,-2.968431491061853,0.7532255564774633,-1.2511580522884562,1.865980621205046,-0.12167306477031692,2.1057541549761267,3.8786626570595195,-0.25407980377748174,monthly,west,,0
-1.1092191348451992,-2.721564040505937,0.5659150590625184,-2.024814988028524,-1.2341571648287957,1.8043745058235527,1.9579369602989818,-0.6976602314054149,-1.6065918069428422,0.14189595338144387,annual,east,24.14,0
-1.7496673817385826,0.7816689274927364,-1.528943099568469,-0.025154220960009986,-2.2638266397353455,1.2963980440538778,-2.942094617506778,0.07894147278234394,2.2697915213900592,-0.18408161336869328,annual,west,21.13,0
0.8003791357057772,-4.197037186284634,-0.16025639182128892,-0.8747494518017432,-1.8947561970095053,1.554581924498489,4.022835661788644,1.055253008867372,-1.8804519070734462,-0.7249839597933491,annual,north,66.61,0
3.047097006702366,1.8229466180800564,-0.2647576914452961,0.7462316343513353,1.9681736753153811,-1.9715765633211957,-0.08843496536744888,0.6541183102227244,0.2701376266664608,1.841907989156865,monthly,north,23.98,1
-0.8737050291674242,0.2661731545210858,-1.7690702831932272,-0.07981481521702168,-1.2602816270434611,1.2030419372245573,-1.0848632073966173,1.0506513535235544,2.510371729884845,-0.17810225190810997,annual,east,87.32,0
-0.5926423129731744,-0.6322345039897803,-0.5823202982631139,-0.44113597191362525,-1.685316428714749,-0.7095865228814291,0.6532441887094071,1.8557744408272514,0.07279109925530403,-1.9596948597269237,monthly,south,20.46,0
-0.6468768714782966,0.33291642200461924,-1.9344128631360606,-1.3427849327142927,0.28820370714448185,1.30014616786472,1.2508233016033499,1.3120719753954844,2.159412941015658,0.6624424331283322,monthly,north,82.49,0
-3.1496981876106034,2.7431789486276292,-1.2354364392815995,-0.9135746006999306,-0.8791700074884181,1.4728209522990197,-0.9965243809216378,-2.513075256061298,-0.9451140945247196,-1.0295373848652718,annual,east,69.09,0
2.3517606989554505,3.2360369847751587,-0.33775613884979977,-0.3740820987263946,0.7023384278829277,-2.7821215584094907,-3.2836748810464,0.4298520483614342,1.0089251721519767,-0.6565930526225657,monthly,south,144.47,1
-0.6976235689549235,-3.2187279135513576,0.14489403581010463,-0.7336263214367771,-2.8264144614884037,0.1639504363631541,3.021866433087777,1.450064611017118,-2.3204448628619088,1.6726488436759719,annual,west,27.26,0
-0.694370424319972,-3.9660098832419046,0.7744894223721404,0.4216168141615037,0.08004993133280824,3.644337889773785,3.8411450291822176,-1.813039088259047,-2.0067388920867586,1.0024955521511598,two_year,north,28.47,0
-3.773362330886841,1.9427374269541526,-2.652285197108479,0.9427007936052932,0.3480598669026065,2.735022952400242,2.966214077645818,-0.7469083270956269,0.1894000704617108,-0.30171122100404707,monthly,north,130.4,0
-1.2276143113953535,1.3839244795823644,-1.0408104195102506,0.7504868709198892,-1.1031899541994936,1.1945178162392067,-0.6388833613560168,-1.7118437205564099,-0.9061520381892829,1.4467270741277298,two_year,south,123.38,0
-1.9385683793321977,-2.2903149284815716,2.0822908690314206,-0.6100303440511878,0.6269276494337634,0.3735361183761263,-0.25495440619361875,0.31025024369760773,1.0677987418013837,-0.3960217220252206,two_year,east,141.66,1
-2.242113755803531,2.3900239304520943,-1.3496340321287228,0.1281711021191308,-1.0391414934263554,0.9326038476121274,-1.1198267314526267,-1.5348112388616042,-0.3634039151119093,0.8467764192188508,monthly,west,30.17,0
4.804009116719144,6.796813478219476,-2.2720699404228566,0.42400334158457054,0.2504491109423336,-3.2052355958121357,-5.223317531271728,-1.2708469025414248,0.02659588554641734,0.6486507599232085,annual,east,100.61,1
-1.3355321944514875,-0.3826283686425066,-0.3491182381512168,-0.6263817894579156,-0.7199776073086122,0.5471609177837362,1.6887914972097757,-0.021795958214649417,-1.131888752142162,-1.2942050889391412,monthly,north,86.87,0
2.0843961146058145,0.6690894603923903,0.3333203232009849,-0.6306160436292672,-0.40201652346768035,-0.7224882761072637,-2.1770834222290887,-1.0548429279748661,-0.652344735927108,1.0007870948116335,annual,north,61.8,0
0.010515010533694857,-0.13078692766957123,-1.421087473390247,1.4529220818243485,-1.4221219856231262,0.8029781955874435,-1.9489846958298036,1.3037231399461362,2.8666907262556944,-1.363370546788649,monthly,west,99.41,0
-1.1167582584744795,0.7579182001009106,-1.4875859498106978,-0.14893702442134454,-2.3404408321149575,1.1583153621147089,-1.9174487488423753,-0.4443710632211039,0.6911123553926453,0.49587198419844025,monthly,east,139.35,0
0.43691814363117865,0.5557517860850204,0.3774288017811695,1.1672236347667075,2.8090128617081893,0.47426992697882087,-1.5990402870348508,0.09866488355179576,3.4184264647541416,-1.9595574087634953,monthly,north,28.13,1
-2.062778302018419,0.19258211899813305,-1.6199323300257682,-1.4216951464342034,-0.7581801569492914,2.4244793894366654,-0.24582693361860442,-0.21671341814293757,1.8597181510489813,0.20860318747813714,monthly,north,105.76,0
-0.11776709063991797,1.2487238010606216,-1.4818392586112363,0.17164937479928252,-2.6166333156339254,-0.16581536217704218,-2.964667725626047,0.40644065114740907,1.0895968935244995,1.6029954699008802,monthly,east,57.07,0
-0.47494809011633676,-1.8927119885798271,-0.5556729494196527,2.529495871257194,-0.7144740115149621,0.9627187605270953,3.2130389096409266,1.0111773041988492,-0.8285175503572317,-1.3596184223555956,monthly,west,72.71,0
0.3614661017487847,0.46889165515300957,-0.5969984555127791,1.913502538317504,-0.4802917565020235,-0.5729746470432115,1.5553396498484524,0.23093789608058818,-1.6055782536459358,-0.15815225881257527,monthly,west,130.46,1
1.4595693931908245,2.999411500998411,-0.2680268526786714,0.689759861048859,1.4544773439573302,0.17523811325205374,-4.583031887741646,-2.168167236783447,2.001433385923595,-0.19121324120725433,two_year,south,35.82,1
0.5102001710187203,2.925189019018691,-0.6414281928539828,-0.547229296459277,1.5296953684441643,1.8139335258527258,-4.225862408853242,-3.3129977759821374,1.9683480091876344,-0.36821763819792985,annual,south,129.59,1
-1.2806935844663898,0.43976916627705176,0.15319521178855963,1.050412025617927,-1.0597766333168266,1.538328470526105,-0.16131868762215817,-3.1380892155335975,-2.7584093180522196,-0.7276203815478409,annual,west,72.55,0
-1.3480680016968392,0.839275048617842,0.08434361343073961,-1.4265473418999146,0.632607563760069,1.4270057489919719,-1.120804126550674,-1.9239077514134737,0.35587437534047694,-1.339400918153475,two_year,west,147.91,0
2.4044038779287322,3.903678615326971,-2.4956745608944955,-0.770160230505884,-1.429402806652722,-1.7256481705891695,-0.8557639050833503,-0.3318825683885852,-1.8391655822680502,-0.4133610564879018,two_year,east,139.34,1
-1.3242575437974122,1.7017796980225568,-0.11626684289733695,-0.2866142842810226,1.4644674815704786,1.593827571474852,0.9191311964772064,-3.115278124078983,-1.7863639206958442,1.40114676089448,two_year,north,73.0,0
0.6559706760238391,-1.7684904351141535,1.911766479554936,-1.2654383418524204,1.7012265733541128,1.1012839286312905,1.0061105521253135,-2.001255856172537,-1.3918734308826084,-0.40348781508602816,annual,east,58.73,1
-0.9632550126472211,0.20147148951423366,-1.2273014126862631,-0.686307703219931,-2.162862815890022,1.4666545256447012,-2.243882599902882,-0.410008954599245,1.274987336334436,0.6764470928352158,two_year,west,48.72,0
1.7427640537818156,-3.8493306665560243,2.527987988553852,1.6402631355148383,2.3914941711463698,2.8436295068769253,1.9805318926515683,-2.980519583612682,-1.5854287961156994,-0.43307824428441705,two_year,south,48.31,1
-1.55899486153612,0.936377160323058,-3.5238520993788502,0.6790095340485609,-1.6570645753683722,0.7654383342704856,0.037148079050625116,3.591274029910627,4.276097284723324,-0.8915191964843334,annual,south,119.94,0
-1.715284243868369,-0.3372575812296865,0.2242871233090714,-1.988378340870092,1.5437866494019263,2.507001076645951,0.3014082747310023,-1.7107257090852883,1.0016827722714101,1.064802474865758,annual,west,118.21,0
-2.8405463370492496,-4.659113881091004,8.736492436342715,0.21922009643390075,2.3788816749529866,-1.3199523520651568,-2.800203189539799,-3.6498479004566806,-2.7365554131384875,-0.43172818762302634,monthly,north,147.17,1
-0.7489322625153276,0.5614235061718607,-0.876663637219105,-0.197197199032722,0.48854236031803233,1.2978726601924093,-0.21442889037897506,-0.2707470838085863,1.4392108208274952,0.16497565621129512,annual,east,30.83,0
-2.4162659008008927,-0.7677267648407484,0.23095367080633572,-0.3927905282482416,-1.2405530659407473,0.8423984034253053,1.7026273960646487,-0.8130408924202062,-2.13018855933049,-0.35614465703918535,two_year,west,48.62,0
0.13032918050092546,0.7078805904532047,0.20321635765209206,0.8174458321684609,1.9986595679273869,0.9512685783960968,-1.8533655177366009,-0.7962921034535712,2.5167850479844445,2.708272329296099,annual,east,147.88,1
0.47798974929893334,-0.7088091870048545,-0.9006979499739994,0.528196224135924,-2.565946013286695,0.681422152875214,-3.934744466109329,0.9944849377048685,3.0195753341463316,0.052135899284475255,annual,east,91.03,0
2.568120440267611,-1.4011252672070973,-0.8464473208396219,-0.5989215162176462,-0.1405377154709383,0.042464682866472425,-0.8789483832885607,2.4673362383485724,3.2546644381211114,0.7010451898257889,monthly,west,91.98,0
-2.3702029580932593,0.8613665229732523,-0.016243795208659453,-1.419431451717684,-0.43790538027318227,0.08244354843580326,-1.0775817583513767,-0.1614498123930914,0.6346703413506058,-3.119794309977562,monthly,south,65.34,0
0.5879210376646469,0.6636327914553783,-2.321279414325521,0.6413027638755415,0.5134484037863261,0.0253076271347904,1.739092069862688,2.7673408397740404,2.501159460746299,0.43119899205752804,monthly,east,111.49,0
-0.828007335952615,-2.9817096290991785,-0.13955017929382518,0.954887037818341,0.6936679508592434,2.564248309990536,4.240806388687153,0.3275390817475097,-0.1979804840504743,-1.1450380079500413,annual,west,84.97,0
-2.6328504056463835,-2.265277670418148,1.1927804544943836,-1.4293753499662007,0.038676162759657906,2.2757538587532977,0.7535316618003018,-1.1854934902320884,-0.003405404135955914,0.8777931686671021,two_year,south,81.03,0
0.09891321889315852,3.270768978332836,-0.9485377204657032,-0.3358165995694569,-2.592647582779345,-1.6672151938929938,-3.6403679602592223,-1.1679009436355352,-1.459748130249734,-0.1839994497049222,two_year,west,91.47,0
-2.6688689782742543,1.344434260996843,-2.2895841391777143,0.8233376120407424,-0.9845576185742452,1.8991386082049997,0.19106537353049724,0.09764213340485516,1.4936978776825942,-0.13618846901023435,monthly,east,23.27,0
3.425391907724055,3.005514732285637,-0.5857893654142754,-0.09263290190313586,2.4688492758452867,-3.2190198717952145,-0.8352651286666658,1.733257028932394,1.3881105000896927,0.8639860209371624,two_year,south,89.06,1
-1.1374952442797903,1.3790836117063943,-0.6250584352285505,-1.0497499913013715,-1.8625029914806843,0.6868817904909186,-3.4149222910383408,-1.4046660125687582,0.5253364544354349,-0.11927626698113108,annual,south,37.29,0
0.03756994842711725,-0.22718421028064517,-1.0501664455440543,0.2053256867822846,-0.6761249749991118,0.9357883237729443,-1.665414520607528,0.9818182218304004,2.823202387675261,2.5383512214991755,monthly,north,79.66,0
0.3761262197005504,-0.7089671856340984,0.026447984715366735,-2.1296284240444887,-0.9624864506526775,1.1164760941133598,-0.18947666725710022,-1.381657512531012,-1.1854645162778197,-1.1304509688782405,monthly,east,,0
-2.4077562324475057,1.1289182444954733,-1.1492761958598987,-0.5216960931446877,-0.9711407584167717,1.813885631718699,-1.9312416744153658,-0.9736444198695283,1.5971407084929856,1.190303855971187,annual,east,135.57,0
-0.11423105263549993,3.115521768457156,1.0796547692400964,-1.0089328709946077,-0.4084957521560706,-0.8045640584131983,-4.034219735659169,-4.135499863555104,-2.694984853623858,1.272812006465568,annual,west,69.2,0
1.643443209486506,1.2091408325774955,-1.631806672522979,-1.681085521300825,-0.4438931687836225,0.15793749943768953,-0.10016092645723429,0.02238498068930635,0.06203810536854748,0.6752772881922801,monthly,east,75.95,1
-0.8898274434088835,1.246848093111948,-1.6500746001840514,-1.3523016373018155,-0.2655128767591194,0.6149410312504322,-0.39793273532688056,0.7395783427593462,1.815153590193174,-0.5996047087793994,two_year,north,116.47,0
2.0971457459274343,-1.2050177110140314,0.22169834717453046,2.176863112379875,-0.27230917000054045,-0.5602516749291977,1.2461589762442138,0.5282316459746215,-1.2076534467845308,0.46172718663668694,monthly,west,40.25,1
-0.9621544480910127,1.1703687723629144,-2.0859844624021497,0.3649243897993304,-0.08595770415946513,0.5172737837379496,0.05677232597158599,1.78460365458426,2.7666960157410023,-0.510982501692536,monthly,east,94.75,0
0.2928594905697366,-3.2090752692040554,0.24508561178738364,0.0836660792553511,-3.3327078181181515,1.0437997924534956,2.271416042861278,-0.5337621026701248,-3.720992489978545,-0.09965409190342309,monthly,south,86.44,0
2.4020000182989194,-0.30488380200741316,-0.7033204663376743,-0.8649800857765095,-0.4127068846417161,-0.9881373969269456,1.3199385000479351,1.2844591353730177,-0.7179731380521486,0.29943949404832715,annual,north,67.88,1
0.5406534088518902,-0.7902242596576062,-0.837948361136502,-0.7861741232968719,-0.5058331074952833,1.1558877506519079,1.382645842252106,-0.025949222818900376,-0.37777882262781415,-0.48652279341116067,two_year,south,108.83,0
0.23718437304834228,2.254139430919564,-2.7782012543695767,-0.5724072873080581,-1.2990174735235962,-1.0398480026808805,0.3011609299555198,2.2471717061895826,1.069266436667955,-0.19735835297870905,monthly,south,123.28,0
0.5093324075688541,-0.4850991536370479,-2.3623194797225935,1.5764606273127628,-2.8188654693175983,0.3017500545162316,-2.2949719920966603,3.1507214040314095,3.9889890661408827,0.6797774877202801,annual,south,80.8,0
-1.897955553090032,1.3791628883750824,-0.519879764428475,2.8980406828854512,-0.34159087388573706,0.1260426508235759,-0.6171459808355766,-0.3358601713165065,0.23680555469439524,0.8737179218716937,two_year,north,101.56,0
-0.3064083125333982,-3.0521818745087326,-0.25044303260062545,2.6946339543552407,-1.3613924198145333,1.086113569194274,4.000486648880786,1.1415574110029614,-1.66744296349655,-0.06332122817819894,two_year,south,138.63,0
0.0856216328931324,0.09082393935630384,0.2367643696757437,-1.1082289641637175,-0.177152750574876,-0.8122853368386603,-0.28738001611319686,0.5142974132121526,-0.02430690828317905,-1.9234083301948786,monthly,west,79.41,1
3.77411700459397,1.6989440821144215,-3.9185520442961805,0.3394941653917331,-0.2962199467691269,2.4973008139666204,1.9411716146377938,-1.3272722306378661,-0.8133798472455405,-0.7035809796580569,two_year,south,37.55,1
-0.43459801191483804,0.6620181424936179,0.8097950897970864,1.7898776063735646,1.2112996850122983,-0.8724942698264863,-3.1949854435790956,0.8815151756071599,3.370858164660244,-0.5686680954420251,monthly,north,90.62,1
1.9345039981426038,3.5850462338066365,-1.9368812145243035,1.2253294853057646,1.2486172733847742,-0.13826662246101828,-1.2528897163809123,-0.9581659772296567,0.7284988072232716,-0.3351355486823949,two_year,west,75.9,1
-0.6323446805342137,1.4487224185013814,-0.8130189618832624,-0.41473547685575196,0.43066075875293786,0.8389089259972851,0.39005819052512547,-1.2814702101731326,-0.5675174902676965,-0.5829779212395507,two_year,north,119.88,0
-0.05835491821165173,-0.294467336089542,-0.9250552069971848,-0.6734742196431132,-1.4814936958646108,1.3736466890957009,-1.4762570448437222,-0.3310917147225188,1.0225364420858907,-0.6235968153889319,two_year,west,123.7,0
-0.39057887483688425,-2.4926032787274943,0.5828629637877053,2.0477263949711686,-2.2151506364600193,1.4640158433352113,0.5509487008441235,-1.1127987147126366,-2.0074635433951764,1.0398140326225815,two_year,north,42.34,0
-1.725209881942962,0.20972687298488535,0.10491696248635093,-0.7067460153398468,-0.8065336516679438,1.3369352823557437,-0.32506863985636536,-2.014772574666911,-1.3239157413543454,0.9734872207769568,annual,east,76.93,0
-2.9950797250024874,4.669382705567191,-1.581011804766531,0.4354630964849744,-0.33434010216998544,-0.2537617838185504,-1.047517588935378,-1.8581628119890015,-1.147559596892838,-0.8568068773192672,monthly,south,54.69,0
-1.1137157932907225,0.8454428718655727,-0.749449007229406,-1.1589315551374428,-0.8271374635411874,0.7207577432258814,-0.3334449077190955,-0.7828007768794796,-0.354858726456976,0.1823721163048487,monthly,west,144.11,0
2.6302774368707134,2.420756981008102,-0.10422742199171345,0.46818473401876864,1.2785267324182548,-2.677274487578626,-1.6281779195881068,0.7322118554209,0.5042327237044198,-0.07907883050304468,monthly,east,141.79,1
-1.492510924813635,-3.0875653579532196,0.21926879974687424,-0.24747559721145806,-1.1900922232880984,0.987667210469322,2.691288534625069,1.560483580631867,-0.15547559061334482,-1.464797099924973,monthly,east,76.47,0
-1.3258999006037673,0.6544525472235583,-0.5581431710877256,-0.45043370511278463,-2.1994544926876474,-1.0809368305713805,-0.6037466276052759,0.9155147119190296,-0.605661074250887,-0.2772088954055349,two_year,east,76.03,0
-3.5811005803478237,0.4558383223647611,-1.4445185715728235,1.1383399502766143,-3.8168615997415922,2.96540106182843,-3.875775387146085,-1.8719619203198734,1.2599984051165227,-0.7842718616648261,annual,north,117.04,0
-0.8017657647768823,0.8790277640790943,-0.8004962096642557,0.13797009722004858,-0.13773982184272315,0.8740746629209204,-1.6264032368928487,-0.20508216445946334,1.8098481482472943,0.2929511026827269,two_year,south,97.48,0
1.5777517821513387,0.16909705889643956,-2.902025030814896,0.7279472318185399,1.7985390780217658,3.9134155869660487,4.870435148140642,-1.5294872584771395,-0.6892308702378325,0.5781192834328527,annual,east,53.68,1
-0.43625109426421727,1.150371051149742,-0.32153959452793623,0.7579281735604201,-1.3652752928830076,0.4468024312215332,-3.219649125321465,-1.344019610320571,0.46129629162430774,1.9375689265123033,annual,west,82.81,0
-2.6728195857641817,-0.614081515143535,-1.117739705806319,0.23388084463079958,-1.5084420419403204,-1.0005829114182987,3.45221336481708,3.3745069705450494,-0.14136627069681373,0.3874438783401188,annual,south,,0
-1.196425434911053,-2.9567956564089535,-0.46620747550995556,0.1724081821353853,-0.8600443316913551,1.386166905157843,4.557734824479631,1.5464675026001542,-0.9389472898338542,0.2178038557148685,two_year,west,108.6,0
2.06829437776298,2.724291624288904,-0.14676642725481312,0.13181750894996594,0.9748944127388861,-1.1541309295765922,-3.2452781992774518,-1.1773696801251898,0.6548011576197745,-0.06707821722930113,two_year,north,93.21,1
1.270625194834504,-0.8565569543230545,-0.6588295461076126,0.6237409720782305,1.4681688614116597,2.731400203495892,3.342656183665103,-2.0955095054326986,-1.7039427452635834,-0.7669171927460942,monthly,north,133.98,1
-2.8743690138966884,1.4976520031010099,-0.6073545175195941,-0.7075230791088071,-0.046457904886666124,2.7461611517926987,0.339951454152998,-3.6815020882080143,-1.824131651295188,-0.027197976253313643,monthly,west,55.92,0
-0.2914106646310385,2.39223578310889,-0.5601859239250511,0.6825458899340876,-0.22466518099482136,-0.22518044068212206,-1.0741239423756805,-1.7034495131215093,-1.3010437382691604,0.20373373103390494,two_year,north,149.59,0
0.21547139528587422,0.2177289280863508,0.41697598957595716,1.433806870444579,-0.16757456505673396,-1.6171489049337304,-0.4371543451611104,1.1323971279857075,0.09877975428590824,1.8173003723503878,two_year,south,45.98,1
2.7310601520064974,2.3940320458615294,0.1401103959928114,-1.1495582333384204,3.735964581460904,-1.2829209523213922,-1.871181565831837,0.07608258154053037,2.624866631700316,0.6919302332996987,monthly,east,129.17,1
-0.6306466308027997,1.1487257876962385,-0.7768672538868476,-0.48760099702451454,0.36413925010998516,0.9541132349730219,-0.047460601691435844,-0.9901951910573011,0.12621780862506427,0.7418927594767268,annual,west,116.5,0
-1.6401906413398686,-0.7017681090012173,-0.6941320428187125,-0.28483270702855734,1.3418650469833668,1.9881626877485514,2.262944121677629,0.39080218524295174,1.4925536547458265,-0.33161351964212815,two_year,south,132.33,0
-2.25060262034387,-2.5730916156745174,1.2256280506967254,1.279594666387509,-0.984933691502083,1.1971947689707378,1.2022077896331966,-0.3171605416961149,-0.9428151734937428,-0.060373494142183105,annual,north,96.04,0
-0.48228042692406603,-1.0310825021614412,-0.40203286305385066,-0.20800232532801047,-0.8765518822275981,1.1278371374047085,1.5349088195097487,-0.2741069220579068,-1.0122016154496516,-0.09683210123032704,annual,east,,0
-0.40242653159110287,0.3872941764453033,0.4910360511277781,-0.7775482726382035,-0.35713330298086965,1.1633683431119515,-2.531656113415749,-2.305498768411317,-0.03972195436806325,1.3016660934297901,monthly,east,82.86,0
0.24338049279967444,-1.8011096268990627,0.39587334456049444,-1.5739372560015266,2.7047979726734868,3.7816597791834132,3.6289312286635913,-2.9379290728082186,-1.29592998055222,0.8303071822693869,two_year,west,132.11,1
-0.6486416816898334,0.7006306533766944,-0.7954867722352795,-0.03893823221459978,-0.2767596520421164,1.0243729115128133,-1.1688840738979465,-0.4873841276957481,1.1655581480580006,-0.8506130080224324,monthly,north,123.71,0
1.4815814476471139,1.331394369094487,-0.9644425647060315,-1.4938659289887242,0.7677330937971916,-1.0192686457635012,-0.04289394653701706,1.167776334532171,1.054833361230208,-1.0113300310569964,monthly,west,42.56,0
-0.313982948993077,-2.740606222554722,0.6825908952219222,0.9402569279636225,-2.494584297885842,0.9008065087250141,1.3209262304005827,-0.6309506220676445,-2.701443204834926,-0.576660424281592,annual,east,148.99,0
-0.20327384170611906,-0.009055294359274102,-0.6139384268373166,-1.0770256830289304,0.23316665846692375,-1.010542047580076,2.1212418119800063,2.1085613043141254,0.24679214203724031,0.12377585813132405,annual,north,23.95,1
-0.06015427785023175,0.7342824605843874,-1.8089361630566692,-1.2613535478601052,-0.5760626463429858,0.35001379818794687,-0.30060895299525536,1.4988150756447274,2.1232634525705008,-0.45386855236671464,two_year,west,71.04,0
-2.2683159889534275,-1.7557007424515962,3.4993810500435103,-0.6842101257858271,2.594591917624805,2.222576986674997,0.4811153709868975,-4.361926246799915,-2.1530353691487374,1.2435618723516493,monthly,south,118.07,1
-1.5310186933668062,-0.5802295543817129,0.9503713359513022,-0.7102762232572924,-1.5578805239335773,-0.19255035778855623,-1.6591789353967932,-0.4619977664925241,-0.4724225378303528,-1.0545464877411996,monthly,east,146.59,1
-0.17638466547958642,-1.8076511553785113,2.557835643553138,0.9042448993905446,1.2146572862682503,0.7885959041028916,0.2790597375735412,-2.3965738985601086,-1.8922375906284383,-0.652968607625723,annual,south,38.48,1
1.0420248298351122,-0.2974202588392245,-0.5377562969331565,-0.023016858149154426,-2.6728222479381354,0.3426010669094599,-0.45446419405144045,-1.2326985636702505,-2.5261895728523465,-1.902926049890831,annual,west,140.13,0
-0.5237258945782268,0.6699166105009153,0.5221401051204441,-0.8592146050149204,-0.17490431237585713,0.32423177147365134,-2.1729106326040233,-1.5202205587512088,0.02691650683149993,0.1831642286889486,annual,north,48.47,1
-0.9792000973945505,-1.1496145269562008,0.7001330835710863,-0.84660883448982,-0.08234500210782225,2.002708852321799,-0.057259984618750925,-2.052861022725313,-0.737212172260487,0.6472599501075119,two_year,west,91.84,0
-1.6355821844803464,-0.5337000988695726,-0.1903696325497575,-0.0746897926947925,-2.068153429361434,-0.43436325978113866,0.6770316557482474,0.8271311410183809,-1.0942213025927228,0.39050351682313195,monthly,south,76.26,0
1.9900907707485143,-1.1661137881659898,-0.08837249991665727,1.684148213139057,1.32245634161264,1.9816616557173385,1.8522343898727143,-1.58965456029935,-0.8886876911282817,-0.7459550766427119,two_year,west,125.05,1
-3.191708103789234,0.5269814944741931,-0.2854184795742644,1.5904144675344227,0.34925197050329837,0.007858772259600522,1.3830432074601535,1.015235011458123,0.6957497561199155,-1.9015891135595826,monthly,east,38.01,0
-1.0149285714162222,1.0377675297731683,-2.3114827925037935,0.7265698930269171,-0.8284481458361349,0.8505892959767972,0.44188709581866914,1.3073423654895768,1.7686520175964453,-0.3698754583396585,two_year,north,44.81,0
-1.693443085568712,-2.378727728377069,-0.5664096931104259,-1.4057608252497007,-0.8282792653884172,1.3512175353666507,4.400156811183642,1.264292538937522,-1.0777784130174988,1.2763704631824664,monthly,west,93.78,0
-0.8563846981807253,-2.9097567541829186,-0.6846407841370559,-0.6251316991414768,-1.97084519425777,0.7333075437798982,4.604406299821294,1.8659715566317976,-1.8610359459103307,-0.5638373550209003,annual,east,47.29,0
2.0841230468685583,0.5028463536592813,-0.5705653560827176,0.6124073726069591,-0.40506419391017323,-0.8222346472845063,-1.3386786162986595,0.6885887768582032,0.7465601700563267,-1.5132531207855173,annual,south,,0
1.6664549485784326,0.7026872616411319,0.0018799900625903374,-1.3775014076348104,3.3234414513959405,-0.9358449317567724,0.7501184319552008,1.5758397381584646,2.4754925512447463,-0.25000966287873133,annual,east,95.19,1
1.6231183430483616,0.5809981890716223,0.4839986340616009,-0.2503221489212536,1.3069744428794383,-2.355156830146281,-0.9983333798898203,2.0762301362791185,1.8046219285932286,1.2225179355250262,two_year,south,138.53,1
2.0355372206601623,-1.2833462306904302,-0.4477687840564944,0.7970250099351983,-0.8993837383097935,2.0127175912821578,0.22924307343104888,-1.8201863654382924,-1.3096634715659738,-0.21798241578071972,two_year,north,119.36,0
2.4666280255324624,-0.7401033350039008,0.4037887938460837,0.4431722265948671,0.22911312673634554,-0.2270213634163989,-0.765007393079187,-0.09842650889418302,0.12137323259866317,1.2723066288458988,two_year,south,81.74,1
-1.647014580443868,1.3623315859500096,-2.4754136271088085,-1.2011593991729383,-1.506772417442823,0.8516025470928467,-0.5161452758807616,1.286246975387785,2.105894791182507,-0.9517185752093058,monthly,east,110.01,0
-1.4411671777474206,1.4388029216539135,-1.2419609790367534,-1.2213464686266375,-1.8867395300574032,0.9124914725101205,-2.323939350871572,-0.9153678416313002,0.558817058342133,-1.595159473937137,two_year,east,27.77,0
-1.961004719347018,2.0038129011746557,-1.9917095520122685,0.2199880299478385,-0.23775615870293065,1.0280021451836754,0.5820429282776209,-0.09351444994092,0.6636304160183442,-0.6350365864833413,annual,north,102.06,0
-1.4604054340832837,0.6442906282678489,-0.6912149149179165,-1.551084974926428,-1.7433307319113767,-0.4786673397779726,0.47174052212483364,0.34956007556782887,-1.2252910413248943,-1.4163889073259495,two_year,west,147.93,0
-0.6186038461147609,0.8831010721654511,-0.7216813381588459,1.8529340940771057,-1.5597504150228059,1.0516677590876957,-1.5829248386895778,-1.669483723104129,-0.6824392994928365,0.9659228846180724,annual,north,35.52,0
-0.15899176348070887,-1.8801198253468467,-0.12754258232548266,-1.726730882639531,-1.9226713779273688,1.3904077234825554,2.4408626690825725,-1.1012569767251426,-3.1701331407879816,0.14977927079782152,two_year,east,78.7,0
-1.1427338088373094,1.0691703308431313,-1.9512401240097108,-2.27491841096026,-2.0474424686466004,1.1325854155618622,-0.44372460413686443,-0.27107800290209216,0.03999291785099812,2.7560634116769753,monthly,north,22.41,0
-0.637194955641935,2.837590716757518,-2.121162077689348,1.4699436464278186,-1.7737494801629348,-0.8056738612595038,-1.1659247146036076,0.45639206672222676,0.00834558306821176,0.9123824656203069,two_year,west,109.46,0
0.039585275388785424,0.8986823478105226,-1.0840661411672508,-0.14712800961834507,0.8102187711400148,1.9940352197623499,1.6143110158259537,-2.0813925643875595,-1.2231420626473761,0.07988607417777334,annual,east,22.52,1
-0.9028409148819374,-1.3226305456656808,-0.2441693915603203,0.48839612074326255,-1.0658069674860116,0.7902762184091189,1.764542726744421,0.3115845243210152,-0.9097378718963802,-1.2214006122933931,monthly,north,,0
-1.099051852587241,2.1619610256478605,-1.2772169077337896,-0.07882958954297675,0.6979322802515531,0.6406923088530723,1.1921749735944478,-1.0285532425440076,-0.7397055222327935,-1.267262595309894,annual,north,48.49,0
1.5828714611701493,0.1683976542049639,1.3240917288077778,2.4470628516932478,2.126997960593984,-2.118333695681253,-0.8914386439655774,1.338902095501689,1.4845292339060032,-0.9872816379581368,annual,east,124.94,1
-0.8883836727892662,0.2988361377182166,-1.4456084069927113,-0.525468972233792,-0.8557998349969893,1.665074840396814,0.10786953835673518,-0.33749837939416555,0.6471900941642648,0.31363901362789026,monthly,east,103.93,0
-0.2414594674306081,3.29215699338841,-0.3377659643858301,-0.22057729769997889,0.6612435261698482,-0.7929013838475976,-0.9116374216304304,-2.0513239888453003,-1.7255192525984904,0.7159630315042493,two_year,east,106.61,0
0.5641931566224974,1.9642142006928338,-0.5880300288507037,-0.5010589312900949,-0.23789316448872666,-0.9778631145853622,-2.217688812208653,-0.023316617633168835,0.7436351614531039,-0.2994133646853132,annual,east,91.49,0
-1.855887677214997,1.2839020901490705,-0.9626915171020898,-0.2516730777976086,-1.0391874112283026,1.5101396593180092,-1.494347984791115,-1.5463217244705092,0.25820988900327746,-0.38264446856810636,annual,south,52.56,0
-0.6079201378906579,1.6227205343026498,-1.7508842358620766,0.34358762671997806,-1.4278643307079308,-0.004495461694723923,-1.4357072132335151,0.6795350926687774,1.2567006580955231,-1.626000937415579,two_year,east,126.04,0
-1.1209830612232676,-1.10589679871246,1.2956808319574535,-0.4960654957090843,2.3751394605152485,1.6214873337359563,1.9439065242908942,-1.5757519534644815,-0.4796744693861009,-1.9665721119723656,monthly,west,134.42,1
2.2380058102345037,-0.026482828402096925,-3.047776625582207,-1.1250712475308307,0.4848997536203673,2.9629238750557905,4.719894439565939,-0.8037481745216084,-1.4243294218565603,-1.2924095549923247,annual,south,76.98,1
-0.7219784764133801,-3.1912234448081933,0.11664104277260856,0.2322951370296455,-3.70732747206803,-0.4245211283662038,2.7354374500774963,1.792525247049465,-2.764026557117692,0.12320265793032581,monthly,west,96.22,0
2.842794132704623,-1.5208727977353287,-1.5178554482718558,-0.44088168472973605,-1.1478421143208897,-0.1153331143394205,-0.5716802828935297,3.1669451789309107,3.110954128788623,0.3507872851312495,monthly,south,101.16,0
0.666716985877986,-1.7782544808535052,0.040845588225781874,0.6568254143401855,-1.040647893271536,1.8503689576390032,0.6309780356190113,-1.3847530490602675,-1.2988819764563349,-0.1414290801807199,annual,east,114.59,0
0.07106374066555476,-2.615644847559122,1.9590104334270673,-0.2326850250723329,3.0033418128125313,3.508573451191438,2.760811801269999,-3.686939025175813,-1.7639728304100855,-0.3131451682266782,monthly,west,96.82,1
0.42501065535741234,-1.3769910072013425,1.7844990671057548,-0.4120434009584091,2.4549014287786397,-1.665912021454045,0.4397452322518294,2.3630001113165986,2.24126685803045,-1.375231303375995,two_year,west,124.86,1
-1.1994045775433428,-0.08012240852754837,-0.5336471880944085,0.04419487212868762,-0.5035377115200901,0.9596647826476518,0.9939575428682297,-0.37948532838699184,-0.5224486881362683,-0.15714353570868816,annual,north,127.13,0
1.529065631171688,2.1382139336625423,-0.1288580646336807,-0.6287227225781934,-1.123160105698442,-2.714234681969377,-1.5183567181973352,0.05970246715576825,-1.8248554852111254,0.05217845321152166,annual,east,92.35,1
0.5994567694525212,-0.3049679488344219,-0.5002664663280829,-2.3471986717384055,-0.4529389315280218,0.718325957649629,-1.8412011390556127,0.3479833741352114,2.0686936884276674,-2.315715206551423,two_year,south,134.78,0
-2.1900344763850965,1.2786114642548274,-1.877399111053022,-1.5907362620386751,-1.0056579741817537,1.664359988734149,-0.420988643008957,-0.2646615057922904,1.2263660255124584,-1.8465377060118435,annual,south,46.38,0
3.848271483266163,-0.6535045976755366,0.42852585373173163,-0.0822607980132545,-1.1151214485578071,-2.062241631670133,-1.9620212929645056,1.1500163351215091,-0.07304289203288983,-0.15274853604393873,monthly,east,73.77,1
-1.9822991433225843,1.4268080955261788,-1.6370360933062749,0.48194487559362664,-2.7870219212925886,1.1529852621404093,-2.7866857858602945,-0.7319029297732883,0.8315678291896849,0.3118601423396889,monthly,east,101.91,0
-0.8964071264443125,0.47341939861335947,-0.14588786106548937,0.41395995306019634,0.16964500097599844,1.2104785174018484,-0.7494532194387566,-1.3291481853461706,0.2631755096957209,-0.8335549255028584,annual,east,33.33,0
-3.8540788474933363,0.7678768208704363,-1.6689848246838552,-0.5826676819398946,0.37767077058841214,3.5157008593524774,0.8876864333663386,-1.2430957400174716,1.663868135891037,-0.41239982856085733,two_year,east,113.42,0
-4.665774925828401,1.0133506025495866,-3.0560188574828686,-0.8280607940564488,-1.9078624912756532,3.0408457932397006,-0.9051101702677904,0.9987143132115655,3.9502348542428045,-1.6635030313683319,annual,north,82.36,0
1.4954484766542895,-5.526237249228677,0.6960659501430803,0.2515806410467779,-1.8044764153894959,2.9707060073511578,3.6517236819740893,-0.7530309847114277,-2.6534795561476985,0.3747128515341106,monthly,west,69.27,0
-1.464547947098291,2.09592416531395,-0.3514601997678172,-1.4615966539509557,-0.43155957258131195,0.8451988172633054,-1.8208408120527366,-2.52804874881528,-0.8707482149103798,-1.9125942762864832,monthly,north,78.74,0
-0.2565534178288449,-0.014863768067393979,-1.1739330952472202,0.11089482972928383,-3.361572959988019,1.0662677884590672,-3.1329180296854435,-0.4915310538589151,0.6639211430523003,-0.10193068470715101,monthly,south,67.79,0
-1.0463137063892622,2.2053128818599816,-0.07286304658937502,0.08250144853503914,-2.168423927914999,-0.35012277086909926,-2.8974854915241273,-2.536350307319604,-2.2584012324032816,-0.49869066315326804,annual,south,51.14,0
0.9197837193815281,-3.2370655051513046,0.2896364314992895,0.8898199769919936,0.5807847132933306,3.761092004398003,1.963673628728371,-1.9084045190995036,-0.36013759575728876,1.236626777437439,annual,south,139.06,0
2.5246582292399453,1.9725387973602744,-2.0794078346368194,0.8097315344779524,-1.2935575468596658,-0.6297839065368493,-1.2063145442687113,0.24436690912621845,-0.05604427273123147,0.35439976330080525,annual,north,123.92,1
0.4713500335318772,1.0027951778744315,-0.9133037981770677,0.5203820180883355,-0.16808079966252976,0.08629392591758578,-0.4791383254643018,-0.04594497741362023,0.3798536752026147,0.3352059870016168,two_year,east,63.41,0
0.16695364257191891,-1.8432008921279883,-0.5656731413208216,-0.9528797234474449,-0.3157055875811884,2.374606817549412,-0.9167360299101812,0.3005261104785131,2.78841772217471,0.007636651751325278,two_year,north,41.98,0
-0.2709734910484304,-2.5379796362326212,0.7906625995778158,0.3677273411595826,-1.6629861281690612,1.7830211797170683,1.217323520875835,-1.7698107608638858,-2.6704088230148812,-0.9427312540832495,monthly,east,35.16,0
4.94209235581808,1.6096704530105033,-4.7547407191036,-1.1332258310229337,-1.2204654663322558,1.016561853444853,1.820495109050185,1.2713318799425004,0.42690756634759297,1.330150937015079,monthly,north,123.39,1
0.37329133231241296,-3.6460942537661514,0.13745641854272525,-0.3988777338730138,-1.5685284780052755,1.809558086922878,2.4611293690747704,0.3060702618618942,-1.1446515722118247,2.1186769465527475,annual,north,111.26,0
-1.6964515290905346,1.2491772573425233,0.22299921709890125,-0.27070588284154373,2.2547208842157027,2.0740495097395573,-1.854238032691021,-2.1581129483393857,2.2321346052939597,-0.7335146081815133,two_year,south,29.78,0
-0.7199401700595818,1.763237418569775,-0.26157095140385156,-0.14990840601675487,-0.5293453396558467,0.5945256454626162,-1.8226676875294352,-2.278461657427257,-0.9423460332166602,-1.0618387448124902,monthly,south,35.16,0
3.2446479730457325,3.2527515022044518,-1.0689050485972729,-0.08674116921198587,0.6544620254111861,-3.28505279829837,-1.155396324110085,1.307999249960909,0.010416773297833859,1.1328680132750342,two_year,west,138.79,1
-2.333800966071133,-1.939043460071726,0.6961890753201722,0.8609971887647275,0.2547287576817352,2.3292294795716777,1.977810534056247,-1.2045063581132407,-0.6961265848169169,-1.5510145849542731,two_year,east,133.07,0
0.3500503785296841,0.99969376899622,-0.23003504689301882,-0.3221632209348859,0.7736297510164424,-0.5155004121615019,-0.8920846722689031,0.39061200536286955,1.2064836725282073,0.5422108683955335,annual,south,57.95,1
-1.8119106396778424,-0.5301855917629761,0.1676970789690904,0.37045251786948563,-0.9508525306382957,3.158660755003437,-2.1775170626253075,-3.0981494567658916,0.20342804222231903,-0.993301991943134,monthly,south,33.26,0
-2.54103750419526,-2.514009076652728,0.5550524206287052,0.6369377361915227,-1.1422651538391455,1.2896475724332965,2.84402676907487,0.18155621784999976,-1.4955485178282428,1.2970498020939887,two_year,east,125.16,0
-2.2890205722807044,-0.15244218904747497,-2.539850659003414,-0.20029648818606083,-1.8242667681183364,2.2935713040243155,-1.0710275977759836,1.7720163431150344,4.076845781350061,-0.2251664004043664,annual,north,23.4,0
-3.778408065338179,1.1274102597260136,-2.116850841195004,1.1800666607897183,-0.6275434339128255,3.1352697751198146,0.9541566184293726,-1.1418072630588518,0.8355349394552491,-0.7401353891319454,two_year,west,102.73,0
0.23083832057758502,0.3744630855130795,-0.8971190470998665,0.20508467628060423,-1.7457091245899545,0.2713096594585944,-3.030687508475586,0.4155831897064253,1.9328433585305975,0.3526549869391669,annual,east,40.81,0
-0.16783453085710442,-1.5400325833646509,-0.3274531372008318,-0.6632156226989427,-0.24067157796243466,2.4069629967406536,2.007393298499631,-1.3517671578201107,-1.1756880503162528,1.2669994679226049,monthly,west,109.91,0
-1.6516732881871585,0.3645634082136895,-0.1302727600070518,1.3140526907780101,-0.626728397713651,1.2195346869585466,-0.6228124465987681,-1.4547017364270374,-0.41711687632119565,-0.6581897668863117,two_year,east,41.84,0
-0.35430616940721815,0.8025006141763886,-0.5500230872795511,0.266000025123692,-1.5389103909032515,0.6500266623185615,-2.8407277727266163,-1.002649662397305,0.6397915327584924,0.6134894021838818,monthly,north,65.38,0
0.4373740802140085,3.064126747982831,-0.5233418939224705,-0.29188818645038,0.07091436235233406,-0.9847415241962447,-0.09351911770847143,-2.1024928108012078,-2.967256919960879,0.4017744225046521,monthly,east,35.87,0
0.9019616758476294,0.08611472396010278,-0.1977359980479799,0.6227248430707741,-0.6691644739957352,1.7591794552851063,-0.5125622770465987,-2.9305152142503785,-1.9811510278558502,0.6413113637427328,annual,north,57.32,0
-1.3227089671536576,-3.9711474305522136,0.48979882460755925,-1.3028399420829402,-3.664863384314595,-0.000815751434394052,3.8708110493577257,1.5522032243453898,-3.522437769520097,0.6591024415974652,annual,west,36.78,0
-0.16594849613043794,-0.9830518820294174,0.38770953404304376,0.1354000261101941,-1.909488879627213,1.2007045128189313,-0.404699699594409,-2.0976934205751236,-2.390482864472946,0.15148703311857475,monthly,north,80.24,0
-1.159907375625122,1.2711880269244795,-0.15678697145075715,1.3134454179123332,0.18059519717769712,1.2466027455630115,-1.527607189985598,-2.101973412985347,0.044378135325921164,-0.8424630309594925,annual,south,104.42,0
-2.6121796379047026,1.3309208861331336,-1.8783979213901523,-0.059272418754395866,-0.4324566657917336,2.041075255139731,0.46797186184518513,-0.5704182008589913,0.9384849212224703,-0.35904742033161485,monthly,east,,0
-0.583419360710129,-0.5165442630568193,-1.543981136634011,-0.38336780235386747,-2.315584117135308,1.541802758077878,-2.224210225363234,0.7872577083621107,2.5762943576592305,-1.1567341983771247,annual,south,143.88,0
-3.398421734770296,-0.6105596497907159,-0.23293916732550032,0.1721333491058442,0.014508866544760135,0.8433439973275961,1.771215913030681,1.0900371471571266,0.9460597652977918,1.0705592728745963,two_year,west,118.13,0
-2.127662512167312,1.4226570827078733,-2.937121940040941,-0.6922334392871315,-2.2564984305340143,1.1250745495658512,-0.43741226121458454,1.3415488396996955,1.9620834369531104,-0.5729249064617442,two_year,south,90.77,0
0.6696903576837623,-0.09641723666116508,-0.2990123028479847,0.052012530831454046,-1.128122008781265,0.8656782669402148,-1.0722060239309874,-1.260376017612986,-0.6705091332537939,-0.279021673692456,annual,west,93.26,0
2.4774640206774707,-0.8393050906107099,-0.2968182681305174,-0.5098715192626831,0.5551385136047751,2.01545916758095,1.4970487781087272,-2.3480534679541063,-1.9581119416001735,2.7184598475329875,two_year,south,61.68,1
-1.9813720278872755,-2.0812996933755366,2.424320983942791,-1.4249208085238656,1.3881194567086688,0.5646027113842038,-1.5664953541929383,0.09036735825943724,2.3978116182426863,1.4652433717448912,monthly,east,86.63,1
-2.2603399513671194,2.1181420240170272,-2.5601947066024975,-0.6896297748583736,-0.5072994768277248,0.7386329939839712,-0.046138783358124824,1.3432243451205785,2.4591014942436646,0.8512089711865983,monthly,north,,0
0.017533429129100053,-0.23654829472080396,-1.195224309840287,0.23083383964103527,0.43437869203959356,1.2148283106071858,0.30315845355888604,0.9925319613848154,2.344005025589839,-1.3157720867088039,annual,south,20.24,0
0.3954588420678238,-1.3611611994581587,-0.6893486017734757,1.4885293958301866,-0.45810507634542286,1.5228495722840623,2.3579141613573023,-0.2253282216621633,-1.0172229268143769,-1.2085404350142064,two_year,south,82.48,0
-0.16638972393659035,1.728089293521744,-0.6047411167444227,-0.004372263768447212,-1.0607991310643348,0.12725408285727347,-1.6310861064788977,-1.6270222963317638,-1.0722392952111215,-0.904145280473685,monthly,east,137.54,0
-1.482373802785097,-2.0914178024515087,0.8573036589396448,0.9509857612109783,0.21844982521654566,1.501595664974545,0.43595916469683893,-0.03528693714482397,0.967587993032289,-0.2053226481230873,annual,south,130.44,0
-3.5312526705050207,-0.39373156581114377,2.618276530330373,0.30993718066075443,1.4860326217177964,-0.18685749792918727,1.2793744374938978,-1.7339761519310353,-2.184242294824322,-1.887859638507041,annual,east,48.73,1
-1.8046195829878275,0.18499441477959433,-0.225673994360343,-1.1587401259065067,-0.683639298467916,-0.0707374425961631,0.6083438385640357,0.4119836896779595,-0.2851807167287138,-0.4335859754752537,monthly,south,115.71,0
-0.5806836984371888,1.629153960976066,-0.477401659369334,-1.464344389426898,-1.8599153417903822,-0.009912325585838433,-3.9346622243251574,-1.1321879441810443,0.5845704796524733,-0.23998583238834933,annual,north,96.03,0
-0.9837729066609914,-2.210192071877863,0.44646906811534615,-0.2898371684241737,-1.7884738485680596,1.205878645465151,1.766146859673655,-0.7334740741743516,-2.335399448504633,-1.529986859593392,two_year,north,88.32,0
-2.0285537837537704,-2.5311837179305687,3.071149036932932,-1.4445326281827522,2.2917967696814614,0.6937555101124842,-2.111995071398069,0.18041188371180433,3.4930170288917872,0.8261992565608776,two_year,west,105.99,1
-0.61656578333198,-2.7022392321010313,0.09780101685768199,0.195269043600142,-1.6475193582813914,0.4577035464316046,1.9917150816011573,1.4972746809758963,-0.48965974967694215,0.024077430807748046,annual,west,102.17,0
-1.7300612692842128,1.0997526907857393,-2.0205816200747013,0.4327064124862814,-1.162508012585394,1.3806778716499484,-0.3350906877400266,0.3001431474911602,1.4448028768785488,-1.3500496580464882,annual,east,29.28,0
-1.969104630908848,-2.3800525661912024,0.4992147445349173,-1.2788428427506189,-1.730476401992763,0.4056184223510503,1.2164588948282733,1.2013857258230929,-0.27692032147464474,1.4325236648018997,two_year,east,74.19,0
-0.9358167075676915,-0.22971736092585004,-1.5016227552249046,-0.9228948891711667,-2.1630735748630157,1.5912840589813206,-2.2175335223807044,0.4999830583254958,2.4166110512738364,-1.0153875917141453,monthly,south,45.91,0
-0.48587484917075596,-2.1738017467212982,-0.1032829239402022,1.8490928790078924,-2.693634923596544,0.2869667420533182,1.5599877317092596,0.7268002990038075,-1.8282602709400386,3.0641014220455802,annual,south,111.08,0
-2.1852264369938332,-1.785664497194131,0.17413392538877623,1.3080411280720556,-1.8564858061098324,0.00014067197521905328,2.422575751646531,1.1453477615092598,-1.5680807894133668,-1.0731999657937816,two_year,east,55.53,0
-2.528967418885628,2.1366511363157503,-0.6334093321477791,-0.2801868011237863,-0.8227340063034689,1.3810585887047049,-2.339268476116996,-2.434506002203399,-0.0564551368013122,0.8599650105932305,monthly,south,76.73,0
0.036378874082396484,1.9590242749397637,0.06360819671134656,0.3949066278406181,-1.541830954567188,-0.30354097359602306,-3.4942581943434377,-2.3780336463802416,-1.3159659851499743,-0.022247860454040726,two_year,east,126.81,0
1.871548867716454,-1.592194396337164,0.32686808322416305,-1.021487833595862,0.993013536694596,2.1114846075976983,1.703642173145076,-2.0488810979128753,-1.4651570778336538,-0.47698134100925443,annual,north,121.8,1
-1.5536384437771749,0.14935246248550627,-2.3832877010575,0.1408266703476391,-2.5598747860148365,1.4696343367125098,-1.9590425968930039,1.6691843075393382,3.3869360958090637,-0.8061177391673751,monthly,south,131.04,0
1.7451901411276198,1.313878714066476,0.5484427087895757,0.09713885088896664,3.346976215972258,0.10187026815744682,-1.2198733445276757,-1.1134166257910396,1.6811561524965444,0.28808720991888265,annual,south,82.28,1
1.4142204561387315,1.1191742323908873,-0.005481646564861232,-1.1934853756629342,0.7929044535251553,-0.5783318848498893,-1.1426097415087997,-0.49047798604800685,0.2294870178450239,0.0962696166585869,monthly,west,140.44,0
0.014323596089740764,-2.9947195097455017,1.4520887175661124,-0.03995220156679432,3.4799343254231996,5.041718619536124,3.851549200157012,-4.385598206314334,-1.7298830966839465,-1.3686685062109956,annual,south,24.1,1
-0.23335425772655793,-0.9762967053050895,-2.518518258649656,-0.14046932903403778,-3.123801321226343,1.1002520769532813,-2.6621885607641196,3.258337691493557,4.91874993494006,-0.7127619266072434,two_year,west,141.98,0
-2.0094815676207345,-0.4867821579963495,-0.24235124364509344,-0.14358306809413593,-0.5113226940745529,1.214815024692526,1.4054639920176777,-0.4629641445135062,-0.6976938755791346,1.0246926685432598,monthly,west,65.32,0
1.0776588127007796,1.3675931904903837,-0.7540140588107954,-0.15535943999970164,-1.3498338864199622,-0.6499074884109237,-2.289794596972257,-0.31007555581980817,-0.012249629138310847,-0.5951619433373163,monthly,west,125.67,0
0.9090211367970875,-0.92066921181209,0.24144118736926817,-0.9792674476940392,-0.2972978059045296,2.2186170412609556,-0.9796991874018322,-2.554338070306406,-0.679644028005458,-0.8302734912660058,monthly,east,143.28,0
0.8587967272688346,-1.3676570381769468,-0.1504059296364082,-1.2985445855823343,-1.8044954937119777,2.161172937460469,1.529666053673572,-2.951180217449587,-3.95887711982172,-2.768476882658236,monthly,north,135.94,0
0.5661296950657302,-2.751066838781743,-0.36284462766135966,-0.39869083089245205,-0.5289649282421713,1.499162643123955,2.4175302194421664,1.0250607109817411,0.19576840301264187,0.09642827704655198,two_year,east,110.74,0
2.0243336852979765,-0.6130103371578177,-0.2271007732995396,-0.9808287546943294,0.8030500277952024,1.3874589999469507,1.4913506761322943,-1.534647769763565,-1.3511932143050296,-0.05212587935161398,two_year,west,107.12,1
-1.6146998951768363,0.6729684274228191,-0.8514540786843391,1.034049181274988,0.18561957386879735,1.1337418043809826,0.38487463585952586,-0.2483335155008679,0.7662696333177763,-0.3818371623132904,monthly,south,146.57,0
-1.5831956862516003,1.109014249877415,0.4337282439764564,-1.134604978575961,-1.3429232832328362,1.8337657946281316,-2.864685601669834,-4.179938151306912,-1.8738811716427635,-0.4361396469183543,annual,south,80.46,0
-0.7324273653530831,1.2401983045834102,-0.11624676767695925,0.19323417933611423,0.5408542019631872,1.0576636829832369,-0.8685009700894357,-2.0318796660098326,-0.33200672094099803,0.91398055084688,two_year,south,33.52,0
-1.6315349349358046,1.6628718913022533,-1.416118278508969,-0.4380250775610341,0.560927508216361,0.014604402025443441,-0.06417438228040795,1.36393443479302,2.3583683887006597,0.3396900027646777,two_year,east,23.14,0
-0.17508718996086092,1.0086227427617755,-0.40899893182302927,-0.5900459973574723,0.23638313662797783,1.920215778572433,-0.5170656170808337,-2.9597731149550466,-1.1461586655698488,0.04012913615535091,monthly,west,134.57,0
-0.7962648889577074,-1.1162884152981727,-2.8973864066964694,0.6957577485624162,-1.8735540057819544,2.2405640491908607,0.8987054676050787,2.4961118859088436,3.258516932351929,0.3071528094819475,monthly,north,23.4,0
1.9830412074229506,2.039353962894238,-2.1279219654243637,-0.9152627182112748,0.133526565921941,-1.6432775874259495,0.7566869353117021,2.2410547491422257,0.8989825387963668,-1.068243382363094,monthly,west,143.61,1
2.246491093787662,2.5063323087631284,-0.4390296988408559,-0.4777715654821265,2.878647239356341,-1.528091194145185,-1.193121324975265,0.7327742185826672,2.242391033710757,-0.08758790460560269,two_year,south,94.09,1
0.19572178266618567,-4.148030759347819,0.8595379438223846,-1.0000407145440975,0.6176686933753688,4.105032756610134,3.0711242375011234,-2.1485007581399582,-1.1873193466337673,0.4251753115954851,annual,west,105.48,0
0.5545445555944053,1.819640785634152,-1.3974430663711355,-1.0091415161487605,-0.403478329146175,-0.5779777931383066,-0.008362677380939987,0.26476637467313396,-0.23145341260487284,1.2350086754158152,monthly,south,138.19,1
0.18992294553471978,-1.0562159647186087,-0.15382521025704976,-0.15840040740059852,-1.4819179826850974,0.5549771188007617,0.4019381941080712,-0.23819907370690374,-1.088591747240756,-1.141959167972192,annual,east,137.25,0
1.298051227591471,-0.05159152382748111,-1.3716683772865117,0.4003407315479226,0.8890924429795748,2.242240694988597,2.224508184949957,-1.28931902362425,-0.6156344275286143,-1.1627954400579263,annual,west,70.81,1
-1.2377437249699097,-0.5637336455781676,-0.20265330038296553,0.7414608445112727,0.3157295035325005,1.6327737069772557,0.46617450768060487,-0.49761311729249524,0.7596269822461013,-0.043979089558829766,monthly,north,99.63,0
-2.311066860775689,1.786462689777938,-2.3161380731725445,-1.2697930969594196,-1.1293946757231512,1.187888855977151,-0.0754446682069232,0.34537325856614953,1.2777067711860557,1.3976121545806313,annual,west,87.84,0
-2.2090518726073514,0.15217970942136172,0.6532281889302419,0.756151912045125,-3.419072213236544,-2.258853932882517,-2.14777723421827,1.1472228319961892,-1.060677141512484,-0.23436771288844632,annual,east,126.22,0
-3.348553428577784,-2.388588519707719,0.3967704756866606,0.2740758500240341,-1.3828014632017762,0.6911904107412813,2.573574296728416,1.4260316344731458,-0.4322101705287097,-0.29900006286187936,two_year,east,27.3,0
1.217556974988419,-2.3912697563474534,0.1656603614186228,-0.5425487664012804,0.3503161238686001,2.6004290054705006,1.4841281361527876,-1.3831863038620122,-0.49843041393382836,-1.1371181887358999,monthly,south,101.51,0
-1.364654139099196,-0.4211439403377215,-0.13582674212265278,-0.6777596266793412,-2.151483872198738,-0.17151386770010824,0.33572678256100785,0.13107332338150504,-1.4979800904927563,0.03279441285968676,annual,west,75.87,0
-2.3143714355386145,-4.127501122409402,0.5775800852481533,0.5301819836187365,-1.7694496403530469,1.0739291161101825,3.830230907676097,1.8631450741189606,-0.9632022864514229,-0.6411233454306855,annual,east,131.92,0
-0.5782039011355717,0.8456959278574575,-1.4507465519347087,0.3875015830064719,-1.1980033468811748,0.9960867886726884,-0.3410552698641912,-0.3888372432879735,0.13824234104475985,-0.006671226481920225,monthly,south,109.42,0
-1.8011889763380815,-1.5204072258749362,-2.713449058358936,0.05300960614741808,-2.5135384004866363,2.792665401813336,-1.1160494902558926,2.635789302751714,5.003760343169005,1.2923323985982516,annual,north,53.93,0
-0.14437279449141527,-3.2060267022602065,4.657823080363241,-0.39407418990622217,1.5603056011916685,-0.6420360786805157,-0.8510683537714625,-1.6529682404200616,-1.5027070779613547,-0.348028360228428,two_year,east,37.45,1
0.6821785195104946,-3.5367706507433807,-1.117365263996723,0.7031386906007386,0.8377658025541408,3.085107749416008,5.946436122750088,1.0091690410297764,-0.17489894803178174,-0.8389231342609078,monthly,south,90.37,0
-0.27982127699844517,-1.5334735603938658,-0.11778691566210067,-0.5445063849109743,-1.0349946399965766,0.9440979467146309,1.4014576489874166,0.016696133394800815,-0.9076790745465918,-1.049823028724999,two_year,west,147.65,0
-0.5842384938108782,1.1839816659938083,-0.9954750699021121,-0.012475343065662167,-0.6837788715819872,1.248293132463175,0.7602531884451302,-2.0522563861849616,-2.0832949274600674,-2.309440355257825,monthly,west,65.49,0
-1.8827794412386,1.9066594725217778,-2.34392459924191,-0.49454543444282156,-3.348101275704962,0.4898258550888128,-2.585049937159866,0.3151863791969582,1.0684739226834132,-0.8595573487703138,two_year,west,149.4,0
-3.8529168864615198,3.32755468228335,-3.0998658589387706,-0.5867648158422467,-1.051554793752577,1.0406488656695936,0.2085526458609026,0.4741958938346916,1.4302335433431659,0.442573590358563,monthly,east,87.35,0
-3.8502986400040378,-1.5254276219926832,0.945438030822014,-1.6532492536121552,-0.19525730429198518,1.8732515044244722,2.239628534820656,-1.2980792912436505,-1.5521473603535083,-0.12603346019126083,two_year,south,44.74,0
-0.2219520053485069,0.3599831824252743,-1.9540036116334933,-0.5339107246149797,0.1663105655878674,0.9387767676504709,1.0954226826758533,1.5894291777246752,2.1796689541362078,0.042755517962156535,two_year,north,23.98,0
-1.4624519657739177,1.3824300193325023,-2.7595829132245124,-0.3140954697008315,-0.6555724625338628,0.8871985253972022,0.99683744822967,1.7279033703528346,2.088768138130055,1.2962508475496601,annual,north,59.39,0
-0.8552581989360601,-3.4973130798575016,0.014761974729414819,-0.8401780004418254,-1.9845124692967544,0.37727873753382535,2.9844933792873114,2.437381188321409,-0.42860128838355427,0.04133247982545735,annual,north,24.56,0
-0.89438766534359,-0.61852612949773,0.7241866411362025,0.14204198441378862,-2.4791363950955567,-0.354214473026492,-1.4686996165661248,-0.7506062768013634,-1.6927162315268949,0.08104343060472723,monthly,west,96.71,0
1.3695694000643925,2.0593452682808127,-0.3009437377948387,-0.5527552401498629,-0.11802120252530068,-1.116925544672712,-1.0397147277231558,-1.1546376518907806,-1.560400222394474,0.052938159985259796,annual,east,111.21,0
-1.0211685464604707,0.48136851655081125,-0.5163322285890503,-0.45811434695465664,-1.7194583327505792,-0.5962744377860958,0.27006885435065753,0.3065485947980067,-1.273985569432294,1.9710069976230093,two_year,north,107.1,0
-2.8226736090512388,1.3918571787656506,-0.3092166412328805,-0.40264091939037866,-0.7742980541955568,-0.5268423121475716,-1.0907844796443515,0.46144300292713986,0.7292599315101589,0.13898322847770173,two_year,south,66.31,0
-1.7759362431303196,-0.7534632468304845,0.9311900290774507,-0.025756833002041662,-0.7679796804220301,0.690842150757871,-1.4384196424629971,-0.8439593823663946,0.1856854885400856,-1.1610556122335465,annual,north,34.51,0
-0.8834218325074535,-3.398490890474076,-0.6534908622096621,0.45483447062746585,-1.6019998077179018,0.33394956050332414,4.8685618029858375,3.235076212239312,-0.6077134309226221,1.8696452562695058,two_year,south,103.37,0
1.2225211600457913,1.1132384636271642,-0.31106291492046073,-0.8400185535527899,-1.9943575064719195,1.1230447697948116,-1.7282043519118835,-3.93198361421017,-3.5802282918834485,1.4424504750927962,two_year,west,28.22,0
1.2421222880025216,0.032672664192119116,-0.4709587028812148,-0.317278785563838,0.38809158176507685,1.3954568923889834,0.45116396874892617,-1.5974829348731447,-0.7921306655208913,0.21267415379923116,monthly,east,103.77,1
-0.37765940229810724,-0.5531036863322114,-0.5474264357738153,2.6276522783980303,-1.0272944877384942,0.5083739205648592,0.48773816207917076,0.37625075393755847,-0.08074264896541306,0.2843582773268335,monthly,north,128.59,0
-0.2755254824411525,-1.672475508850906,-0.011073109993635193,-0.970937475859065,-1.2389781798870967,0.8238467137358764,1.7719338828230633,-0.07443134040650694,-1.535114230607323,0.9950554269502901,annual,north,27.43,0
-0.05747598795781639,-2.277929210879062,0.8408280103796827,2.108097862821688,0.7020159062903779,3.3066933635194333,0.9624078675511827,-2.7685190819860206,-0.8580105480671061,0.9785167631699221,monthly,south,66.26,0
-3.6026325778462303,3.84307811489406,-2.59153400929943,-0.5769301547438185,-0.6707339438715704,0.9144843575301406,1.0766639031569079,-1.1369479643353928,-0.9819563467561476,0.6169990224814742,annual,south,100.43,0
-0.09671862828707023,-1.081740198283185,0.5426286069320948,-1.6812236919828,-0.07477694296380277,-1.5531624665939052,1.0778207476777149,2.3569447566320116,0.4553272426604863,0.3286465215609318,annual,north,103.02,1
-0.5971045608179519,-1.221997340374619,2.1750697264874295,0.572848300052437,0.9041365773111447,-0.7434023891640362,0.5386918639136461,-0.4796277460524641,-1.2613116849219879,-0.2898067454522523,annual,south,45.73,1
0.707303589290891,-1.6449207710183344,0.6043235631462682,1.42467616143057,-1.2060799296774505,2.116120698884912,0.16250343948479695,-2.9489696246459496,-2.6962898554470636,-0.39866942739254224,annual,east,101.04,0
-1.4975058143540154,2.8914879338141133,-1.1020786148447785,-0.7175845159135079,0.015488697615133828,0.503341874030632,0.5729998284978115,-2.2624781603031767,-2.2055657348496625,0.21088709358255783,annual,south,92.48,0
-1.6025909333906276,-0.5753392973889806,0.35343986507307545,-0.28800931105953603,2.4576887003553085,1.9379931984720806,3.1930551884658227,-1.1823191735566554,-0.4544546788727867,0.08100735801300642,monthly,north,135.14,1
-1.2457047835555886,1.1309158170051463,-1.9092967163320402,1.596271106404164,-0.7026869131217772,1.4713684668361766,1.4290811347586692,-0.5557977494840137,-0.5211290614479622,-0.7970017117774904,annual,north,110.61,0
-3.6190019312814754,-0.49153390697740984,-2.4456934653073614,0.8784494558300442,-2.0147868103812803,4.030473887702795,0.23313352740305593,-0.30284563649766305,2.155915339876552,-1.146738711852372,annual,south,67.35,0
-0.5243809053442998,0.32102830471874255,0.2654004171109354,0.43206422067987316,-3.577259238701153,0.9323070015138775,-6.16768643465794,-2.4318237702841055,0.2873833095137388,0.8097272334403095,annual,east,49.3,0
-0.10209848833174084,1.448033072449167,0.16222163866570963,0.1739759026053218,0.20353824512124374,0.44696748919925056,-1.4609422493180553,-2.3000771012576102,-1.0071951237009116,2.4782047502916797,monthly,south,99.42,0
-2.248009306267937,-5.67969190769018,0.710718321753595,-0.4540888493213064,-0.9254998723148484,2.329684364783434,5.7117442157913265,1.9774491644583776,-0.7157275263983693,-0.49425849293095603,two_year,north,53.22,0
-1.026957217939279,-0.5773339822160393,-2.3184508951010745,-1.256431002487195,-0.7064488496156824,2.126769958813825,1.1271218160376781,1.6698364726761608,2.761195178117061,-0.43036095558961857,monthly,north,29.86,0
0.1733509803404909,-1.0055439152145387,-1.4897770128887722,-0.447594906350189,-1.1368300873755224,1.515978237211231,-0.7692980335353158,1.3962974326628002,2.8408562631484147,-0.7000502804679245,monthly,south,126.95,0
-1.680114846817229,0.9418412711352516,-2.3113301484842803,-0.6142859596623248,-0.6592884121959259,1.252681005973117,-0.03589218683589679,1.4532990332206055,2.7843180846559656,-0.3354144584132668,monthly,east,49.63,0
-2.445475738050062,-0.8535157898058338,0.4771519473061915,-0.2549169081238224,-0.33002408337045697,0.43336928328704305,0.5042155604396203,0.45670712083860465,0.41487548758457105,2.4590318859640363,two_year,north,69.34,0
-0.6174848944638052,-0.6204904631902877,-0.18218068091447012,-0.02190107374097733,0.5579546605016481,2.0704237502985134,0.5443097269506734,-1.213141082950276,0.34613398734807754,-1.3412822656164753,monthly,west,130.04,0
2.5263430576702124,-3.4853765401557335,1.8038562221710488,1.4659920855907282,1.6163151019009818,1.8725613829307468,2.857367714626779,-1.9856138457909434,-2.360164725787154,-0.25842851172482145,two_year,north,33.41,1
-1.4680898629614796,-0.2856097789133434,-1.5121826337590594,0.049755862928747174,-1.7779576024446382,2.4584643010044447,-0.7343543642175613,-0.5948262123770313,1.0830946592706203,1.2716567659976583,annual,east,146.02,0
-1.0867354636890674,2.331306746130517,-1.0697893488102097,0.09286643486243852,-1.2413059620137226,0.451467819738113,-0.7585382156081358,-2.070477711890757,-1.9087160415919473,-2.630346046270753,monthly,west,87.97,0
1.7118992419757122,-0.011626973178522348,-1.4556080761261854,0.5390958028234868,-1.067845489598532,-0.4149822053076604,-1.0464248600485677,2.0756787842047584,2.158668588439969,-0.8059573316421903,two_year,south,107.53,0
-2.6554183909088236,1.8924424715270334,-0.5633119885904457,-0.7860622501894022,-2.083964890370929,1.5260231653260143,-3.5026792160642333,-2.843969903450392,-0.357829633976275,-1.311896089040526,monthly,east,,0
1.16669787658629,1.236514124126275,-0.46066060587374863,0.011050370370039935,1.3055572684237862,-0.47430408484356634,-0.8677854637498977,0.39937137104160186,1.541812997571189,-1.6013578364025334,two_year,south,147.53,1
-0.7099753073763185,-2.7637452690395032,-0.05028287538249401,0.6680626649536163,-2.7438574683039976,-1.340556295387676,2.952938650841446,3.3587854514034166,-1.2457628439666186,1.3150805766329678,monthly,south,91.86,0
-2.3522209834531083,1.038454636126942,-1.8369910019285083,0.4315483658344329,-1.092274280909604,1.895006156308357,-0.6646847178620028,-0.22898192316388413,1.5837078358298362,-0.6265363993378985,two_year,east,110.96,0
-0.22347357075150465,0.45486496621006967,0.4546805729660486,-0.6202192340912239,0.8386876666693452,1.3503143055961597,-0.915887354996935,-2.38991547010526,-0.41741108999037224,1.083461605964915,annual,east,108.75,0
-2.498747193971127,-3.130408947870404,5.1249306652494075,2.8292423128207016,2.6803962111871416,0.3983439704105216,-0.021059419318729677,-2.497691511089087,-1.3560839428661418,1.3667832956260628,two_year,east,101.93,1
-0.6663125289705201,-2.9240086400592427,-0.5604185023989422,-0.37849147912919234,-1.4167043390417415,0.9009440460517094,3.6973385293498073,2.0103245994572143,-0.5650844803729033,1.432396839211227,annual,south,123.91,0
-2.8482024814626508,2.207117681399725,-1.0255674334453673,0.7943903925372571,-0.30992633434277317,1.8953585478273753,-0.17199069016829138,-2.7512951615380445,-1.1825882873218085,0.3679693561888852,annual,east,64.94,0
-2.2529328835064675,-1.0939018966953102,0.05459428006143304,0.9107080802387728,-1.1523048539984375,-0.12320872627769308,1.2477798275933902,1.4544430664029981,0.046321653911767235,-0.7230253207780443,annual,south,82.65,0
2.0771809290185264,-1.127128587563114,0.083145610577315,-0.3868263106758896,1.3993668213659411,1.6526695509936673,1.929698742359218,-1.507832449976252,-1.1053440121043898,0.18624017605839302,monthly,north,30.16,1
-0.00933774640005236,-0.7930841180865087,0.6182984562027607,1.9623263720474997,-2.0615860129146095,2.265689502442209,-0.5617405256618309,-4.402335157058939,-4.154746244057724,-1.3059622331453904,two_year,north,138.31,0
-1.948211156968262,1.1575170713491731,-4.000365972717117,1.478934366145281,-1.7957081161662067,0.9733658741316894,0.8757546390740631,3.666092610089575,3.929416170234388,-0.15126289750743444,two_year,south,92.7,1
-1.6266854970433573,-1.4306136137341685,0.5490640782915105,-0.22334942374713854,-2.0932080832849245,0.13888545321547163,0.9576225061653687,-0.17146607157723395,-2.1098696317010583,-0.3415875098018523,annual,north,88.25,0
-1.170297499776329,0.629958029906373,-0.2830576478389917,-1.4767436819118145,-1.8730814587135614,-0.3531803605177759,-0.3319403353265047,-0.508417841106913,-1.6685637648615703,-1.3541169379379718,monthly,west,54.7,0
1.305132533731555,0.6652264797970524,-1.5794179258086418,0.4998044571404993,-0.12343836316795831,-0.27008698445784685,0.5403569014801286,1.4578726133215878,1.0801911736568468,0.6609036040240399,annual,east,137.0,0
0.5525053054195335,-1.0038759175012708,-1.0864759232292525,-0.3467139641683605,-2.3901324991717563,1.0638932250419404,-2.717490114337041,0.901111134789188,2.451826774304923,-1.2284171792740186,annual,north,21.81,0
-0.26238848619645583,-0.5027837753625752,-3.3530523725773063,-0.543443892390577,-2.7196147812650997,0.9104346832442661,-0.45247224673023456,3.945644457815869,4.299941575565539,0.9603686693874673,two_year,west,32.61,0
-0.8836938056821864,-0.91469588085246,1.1399584237203901,0.16879740149236813,2.419222065510069,3.75100764030244,1.446994203818548,-4.46518942039701,-1.6062381032331066,-0.2616109969595493,monthly,south,27.81,1
-1.3657659384876608,0.47656884583526105,-0.03189720835644489,-1.4552246424584259,-0.9211915125950726,-0.1300600386699884,-0.9549476207066552,-0.12196101460036116,0.006088925691369873,-0.20298763959282223,monthly,west,51.32,0
1.0215981743817275,1.1486969454060498,0.1854682075352515,0.20674797692398816,1.1356204615450207,-1.4420951710365926,-1.2335494222494425,0.7746667811097909,1.2519519785762503,-0.03040778424947857,two_year,north,84.59,1
1.2555195298408321,-3.322312675166921,-0.09426187904754425,1.2197953961948957,-0.3251844354906308,3.1614289720841926,3.6190855390187076,-1.5581097615426773,-2.242901190407088,1.089382934328731,two_year,east,80.26,0
2.002988169481656,2.079093022236674,0.19036076642960775,0.5258786793898406,1.9514664778132982,-1.0784321733669768,-2.813162546573966,-0.4340921448264258,1.8110940013174095,-1.2857295215115034,annual,south,55.17,1
0.8662060099442609,0.46586548388522575,0.3734640916744167,-0.024715487166891478,0.9482651622983794,-1.703709193412231,-0.4731132118104723,1.4571785067710459,1.0969636064363522,-1.8492422766746166,two_year,south,92.16,1
3.7695848668060283,-1.2727526128735676,-2.2610249463406165,-1.2985988145950984,1.437436366417106,3.64700983671993,5.009631821147282,-1.5863699802935427,-1.630844983802614,0.2031345030947769,annual,north,49.55,1
-0.8090466362441238,-1.167355077279256,0.6903580686821204,0.47527453693452015,-1.7965807620926886,-0.8731694761493233,0.12963402002879998,0.7172285079224388,-1.214248844629311,0.6964758343656172,monthly,east,67.54,1
-0.6747037540264244,-0.5236691193702356,-1.777090358240361,-0.44128232363048614,-2.339944951398107,1.6094395982112863,-1.8293226879786695,1.023208648119488,2.632664049650111,-0.48623520690695127,two_year,east,42.1,0
-0.7843083628164622,-0.4988474152261497,-2.419108622255638,-0.5372599366558749,-0.8721773857878086,1.6296301574564225,0.14517995783875115,2.5351066482737905,3.950429862823187,-0.6443872212703907,annual,north,106.36,0
-1.0226344937831302,2.0907069861458756,-0.5252105100091919,-2.007544760849326,-0.6722180535004072,0.6741062593181633,-1.0746146163212311,-2.5735911642668174,-1.7855076695568002,-0.3195321789692733,annual,north,30.62,0
1.0451736245905288,-0.44173761832577463,0.026596130873411884,-0.4255627137375135,0.5847162556379268,0.425194278139863,0.8107063810577071,-0.36677583166716843,-0.3982000646315097,-0.5926458888289858,two_year,east,,1
-1.4196971500731115,1.7309077230928729,-1.030597084917022,1.0144197808712136,-0.5917454792845445,0.9819641058397351,-0.8861229383387644,-1.4042505190544226,-0.19459373600543306,0.046639537692550026,monthly,north,89.03,0
-3.8874355742811866,0.2524362543288532,-0.7173619362323906,-0.33377600332605606,-2.231023538357328,-1.7187831640595013,2.1166679665088415,2.931910408801173,-0.6380280514080788,0.3520469584036747,monthly,south,91.44,0
0.029550815699462385,1.5467344991680307,-0.6028789626531349,-2.0761427319498424,-0.30830953901874325,0.08515152514494706,-0.9268470934393919,-1.1224220371326579,-0.5931624150901089,0.5290127596553276,monthly,west,67.8,0
-0.6035850093750281,-0.5851767013366955,1.1125073356827782,0.14465785731081313,-0.5467596060337756,-0.05479765146678306,-1.4469547771164077,-0.7482484735310869,-0.2951418182586649,-0.9837180773415474,annual,north,103.69,1
-1.4552762080344026,0.7962378936027363,-0.138813926377572,0.23039949777950566,-0.9200289412886566,0.9094094138099422,-0.6081064510195029,-1.9063834512009166,-1.3898947231764558,0.03711415840489752,monthly,east,41.38,0
-2.5147986935250533,2.2878755625249427,-0.7453316218449383,-0.45510723941091497,0.6830054724278352,1.735765549054039,0.31647136517799623,-2.786326973629263,-1.1431411092198096,-2.2777010394924657,monthly,east,114.16,0
-2.3187801793843126,1.7959194125048974,-1.3619980426830018,-0.9504528811476117,-1.3473185247198376,1.7130374134198108,-0.3018352348744202,-2.2112033302747296,-1.300871454678619,1.241400307741301,monthly,north,140.28,0
-0.05110106391280267,-2.443621437752227,-0.07768160027526941,0.45911849985974673,-3.944375186787379,-0.1320284804140599,2.57984956748628,0.2653382733241685,-4.307220322099634,0.38852933794807165,two_year,south,148.68,0
-1.9267519406064393,0.9992426057769929,-2.3884393082223845,0.7502336184168938,-2.479979855372749,1.6192369152156796,-0.5749047641975948,0.04718039341719095,0.7499028553895866,-0.5195902932500246,monthly,west,134.2,0
-1.078736294191312,0.6422969328454884,-0.9315979811485008,-0.38369442939145876,-0.6556774245688306,1.7206952211401285,-0.12905947110249616,-1.5335640071632783,-0.40821318741008183,1.2214848491581525,monthly,east,53.92,0
0.10619242941192297,-0.6536942614424031,-1.067287569457025,-0.5052115547184242,0.2339960940117889,1.23083054964526,2.2236277359049614,0.5229844933405355,0.23526851006074434,-1.392634046013758,monthly,south,24.95,0
-1.1115521795399732,-1.262634572652284,1.078471985221645,1.5015229326881854,1.7194116328824554,1.7687138543131389,2.403807255183283,-1.7668553615775133,-1.3126716367092988,-0.61203831484218,annual,east,146.62,1
1.7976278080858714,2.000358026634537,-3.4255059212582353,0.5087498532457759,-0.122494899698955,1.7561719812860632,1.421627662178582,-0.41702288113080116,0.21956549293032346,-2.311991179172558,annual,north,92.43,1
3.2869285437756726,2.983610884245724,-1.673490531108584,-0.26368761994697143,-0.483957250090683,-4.13001510057016,0.6901810045783408,2.57684283398685,-1.2691668358145214,-1.2576368044093313,two_year,west,90.16,1
-1.0349499300912928,1.3075116335038004,-1.195561548938001,0.1248355197778865,-1.8547405025018389,0.6956804887205627,-2.261052437833105,-0.6954798615010785,0.558300566116493,-0.41801572659513647,two_year,west,39.04,0
-0.28481888344488726,-2.756152453346617,2.64051746190518,0.5386500547336167,2.3593542072961284,1.307422545967854,1.5367637961092613,-1.5192241238812212,-0.6903637904185529,-1.9252904682405396,monthly,east,138.62,1
2.4481082270301036,2.651198578574143,-0.44478624056270055,-1.1735979940097245,2.9448259572857687,-1.2059413421546163,-2.523220576310186,0.4728954979409361,3.227107540581567,-1.6770393331249727,monthly,east,144.49,1
1.4995676143979586,0.3979754129432953,-1.1535714371890298,0.7742296808568152,-0.3828451578816673,-0.2983624869243986,-0.3008980861947944,1.1071777826925462,1.0301567549979826,-0.8316018133445304,monthly,north,131.75,0
-1.8814880395370237,-2.859232016464561,-0.27521108414467926,0.6281219893499402,-0.8600779011118751,1.5493055945415652,4.155368119981356,1.2773533011161815,-0.7764177641512178,2.3906936427148406,monthly,east,110.06,0
1.1855544183955864,2.3652759770130682,-0.40305755339492694,-0.5872572161051111,1.3210542840609725,-1.4038433984028305,-1.9408478664479247,0.35998802729178764,1.556802562610656,-0.48198804580797705,monthly,west,70.17,1
4.204710134786145,-1.1503684164247905,0.2566365841028116,0.5734647735483626,0.5006102574730882,1.9939673794885502,-0.3097409544161742,-3.126813767908528,-1.7959960349188648,2.1186691739529864,two_year,east,140.47,1
-0.5503559755596727,0.41815509337964274,-1.180731467667503,0.651119502698402,1.4275399241640998,2.060435795342987,1.0508334589712798,-0.44847805032833,1.5542067714807666,0.3743813470056147,monthly,east,131.08,0
-0.48305539133510855,-3.398660529097828,0.1672496958022297,1.3969368170315077,-1.4665803165992397,1.4380058684594457,2.7817511961003354,0.781736112368673,-1.0042340449983673,1.391483266563868,annual,north,128.93,0
3.4648340988873687,-2.361672375164563,0.7412517282108496,0.07183759458115678,1.2724648852079814,2.024461040078137,1.6200472226476124,-2.1091349416863103,-1.5828249394378373,2.2018938332728086,monthly,north,95.93,1
-0.951474689848395,-1.093222004791341,-1.93039999139318,-0.4379776741634961,-1.4029077768551885,2.240688130490117,-0.9216735906196304,1.6881608218952844,3.869676380133707,1.116449741126407,annual,north,29.1,0
2.5225571505212017,1.1460237028646028,0.18687537628631457,-1.1089868139786687,3.206153632808388,-2.306923460212099,0.9565808686918389,1.9991057256577507,1.5093124144241947,2.005448241439928,two_year,north,23.34,1
0.5747089927201527,0.11588523643137427,-0.2739846205953636,1.5892643225336456,-0.07346222981458506,2.0229867585279004,-0.5424873415738691,-2.6385518832717025,-0.9861845912198898,-0.3132891178358507,annual,east,49.33,0
-0.32879017121106013,-2.3264822088573056,-0.1309163910895121,-0.17687780639791156,-1.3366436115839646,1.7179466214779486,2.9352405895336027,-0.6100890441193825,-2.327818181658299,-0.5979436425060278,annual,west,32.0,0
-1.151756894820348,0.8356532491302984,-0.9805028314143915,0.5210427422971691,-1.2724097555476683,-0.692459552940653,0.11485357594519718,1.2016243992800406,0.1530095748095539,-0.06788982762375766,monthly,east,116.86,0
-0.9453951032369954,-3.8966200888580436,0.9317881676509396,-0.31207515168762867,-1.4117941698670469,2.3236409907995466,3.376020467839923,-1.0942603330739584,-2.89179851830822,-0.5181534113742584,annual,east,130.64,0
0.3621468542763955,-0.12950888732331223,0.3597502037689722,0.24614978502680732,0.5441163932473629,2.8385745318175175,-1.0752683689136142,-3.8985107936483545,-1.031225317348099,-0.3674804602105636,two_year,north,90.26,0
-0.5238092997882604,1.0598839292368505,-0.30705483483413165,-0.3352388037939809,-1.2619656240338095,0.792720438869744,-2.402095306956463,-1.883595997660012,-0.40266519675784385,-0.31720151272137054,monthly,west,99.47,0
-1.7817318005481204,-0.9352121206676934,-0.6450096925524759,1.9200367687002031,-1.4027478115182894,0.00025516648761936267,2.095595249178361,1.6684412472019807,-0.3364878092314886,-0.10453784097810331,monthly,north,81.51,0
-1.5802127294556303,-1.8150654635389138,-0.3077869954170308,0.8271532732252573,-2.024293465145788,-0.5071699025997793,1.9430944040314215,2.5395553831689166,-0.14071805191454279,0.4988252134684026,annual,east,141.57,0
0.06789849566747286,-1.605215497934136,0.34267341378521404,-1.4328181167182013,-1.4623618931852318,1.8506718774885433,0.3087517327356508,-2.086031728933878,-2.113474798227254,-0.6451032109678267,annual,west,99.67,0
-0.5273247215823855,0.31155256375098495,-0.34128120897527636,0.6851838371817329,-0.04479652852442373,1.2795033478588522,-1.6369470241448645,-0.8689426903783447,1.3529179306422434,0.46258543587344303,two_year,south,100.65,0
0.5936264221457062,-1.1171868544838008,0.8888452007108739,0.05069370545518687,-2.181365865924736,0.4415505809138618,-2.068814591836565,-1.7472859764212971,-1.7012077085670207,0.03733781082541972,two_year,south,131.54,0
-0.6962430345926192,-0.07319792414256665,0.1544075326107815,-2.0009967249502805,0.8466655984073272,0.4250148821298375,2.814786030049137,-0.7942004588005976,-2.0545543345362747,-1.4355318793173755,two_year,east,69.89,1
-1.2497228024786733,-0.49343226925287,-0.06376507735994719,0.09843206515421433,0.9239693477689266,1.9493826881824845,0.1269103440385695,-0.7632613529701161,1.3446930785656641,-0.08083002063512026,two_year,east,28.33,0
-2.3034237055175533,0.5294728546562848,-0.41649429764639184,-0.40846153153272513,-1.616994845003831,2.6209337671832458,-2.1923325318250635,-2.9970374972329186,-0.3882270770675227,-0.9277591310429039,two_year,south,116.22,0
0.08773557958979561,-3.0120130014523956,0.15275210974805378,0.48926846069598523,-0.2749680845629131,2.677686884101584,2.272690007316645,-0.7591665878154884,-0.6277702998031534,-1.1519143589049923,monthly,south,129.74,0
0.061635334562790245,-0.40916283806948606,-3.646744815044069,-0.053939799638362464,-1.300188081920119,0.6054681501073617,1.0266511857425096,5.1128094046645565,5.208563193243999,0.8998359565909154,annual,west,87.63,0
2.827059996139523,-1.9291159644443747,2.021038356291965,1.3657198447058452,-0.09904357265818509,-0.804231288936401,-0.5200064230283024,-1.0247856298980047,-2.0910425154606704,-0.47709841759617216,monthly,east,80.79,1
0.7083095610867718,0.6896875577665582,-0.14369918268078172,0.12354260101775603,-1.0372342302940478,0.2105862432138883,-2.1932170527768404,-1.3220791058891797,-0.39554461177269373,2.0443819005680273,two_year,west,32.82,0
-1.1989041948347237,-0.37427058912253,-1.6663157487490425,-0.09537956925827294,-0.16560602503266808,2.0339650658762207,-0.08553157401089784,1.169289235437566,3.2909062115052814,2.0298358439355577,annual,north,60.72,0
-2.9064445980828455,2.794690476136637,-0.12297212513898388,0.23262901452722196,-0.6920611880227818,-0.5897864910028221,-2.4514050795787994,-1.2271901750674652,-0.1617550742766074,1.15536731738998,two_year,west,44.36,0
-2.018901451877295,2.112797273872597,-1.858352458394732,2.087419963273282,-2.3563828886465785,0.8133556073912627,-1.7713407451835084,-0.8391014748382242,0.00814640712227066,0.513519960038583,two_year,west,117.17,0
-0.48039469075716246,0.28492948745905533,-0.5249510446648082,-1.024874858046207,0.5563832693783848,1.6207439383115092,0.12172609361242048,-1.1601113751072627,0.40864053868518946,0.9752330231255442,monthly,north,40.85,0
-0.8202772504878542,0.03078666022772658,-1.9922904759073488,0.17272963270765507,-2.114836105385823,1.1553619695222708,-2.0835247426260977,1.5734533240335935,3.2751370304750265,-1.8286832869054597,annual,east,109.0,0
0.5841617584216283,-1.770084275896328,0.5999063831627685,0.14372699538777547,1.6325664351795264,1.4999014926749494,2.6825619989519645,-0.730979098864184,-0.7147824672799353,0.9534130751555062,annual,east,77.29,1
0.6053533138376381,2.4371855344050823,-1.531997221744307,-0.8130539258847139,0.07329769860246516,-1.2964666935611882,-0.28150436705292214,1.0379397700584003,0.5956183876595507,-2.204331308012835,annual,east,20.55,0
0.39825934638572147,-0.1350679417899241,1.1897854673115997,0.7981740440151006,1.061406860590054,-2.409008195599582,0.17941055877612433,1.8865076324914605,0.5033249059609185,-0.6315055884129507,annual,north,111.3,1
-1.9406166678376806,1.2710303361124162,-0.40793854892104264,0.8145170690715906,-0.7679939888515588,-0.39181067978891937,-1.4330006300690208,0.3335770804773699,0.8857650086399325,1.1369333521233338,monthly,east,123.08,0
0.29621558244393786,1.0412849718526638,0.17712163587289978,0.49559804000464985,-0.14264388766824188,1.423173704144219,-2.5437682502784584,-3.18943882975961,-0.6826684942104582,0.3152740503878479,annual,north,64.0,0
1.1695918410524626,2.32570188586826,-1.0592739769446522,0.6193129389502469,1.2632186008529573,-0.4261002533173489,-2.2547221439834617,0.30813910383828674,2.591277398822606,1.0454888158808784,annual,south,82.05,1
-1.6991261604987502,2.2636335100490883,-0.9641727833932273,1.6130681027292668,-2.2394830355750286,0.7232284333303536,-2.422258587618452,-2.406620260436761,-1.4399888779383025,0.017045558215027182,monthly,west,26.33,0
0.22237426544537764,-0.9090391478517912,0.13198042418403233,2.0301997010626587,-0.38106828709952545,-2.059011807607418,2.293395830838595,2.8201705297560893,-0.4979163314606989,-0.7108085113128576,two_year,east,49.45,1
-1.0414833337891058,-0.5504647635818494,0.16590459792475032,-0.2524605354202188,0.7171577174563764,2.4534272622537405,0.19689797534312758,-2.0665300604702033,0.041807825998453785,1.1250941432048156,annual,east,110.51,0
1.1416695103640038,1.498018062996394,0.011736340761855094,0.03439753026818347,1.463895890147732,-0.6766398500438728,-1.980244209590858,-0.06319795929049365,1.7180395913641697,-0.7136251237906681,two_year,north,38.35,1
-1.285236471828324,0.8162146554379573,-1.3154814890455286,0.7792719651026051,-0.11927221367973462,1.4065063049005637,-0.1824284224012337,-0.16238729770133067,1.3527847941451043,0.2904297347635427,annual,south,49.98,0
-3.1599972046925036,-2.231121838675765,3.5427122316385318,0.04974291938277714,3.2640896015540677,2.5037682281439504,2.3408987714824785,-3.9066294159408264,-2.2910322752526273,0.7357510618043935,two_year,south,110.32,1
-0.5915568132426956,-2.760449885417599,5.550576984558479,-0.30124755090960237,2.161293386455582,0.7161004150574841,-2.834387920865664,-4.549865387233578,-1.8945084909461396,-0.6843548047961218,annual,north,28.89,1
-1.6633974077542715,2.2886495004289698,-3.0270934016660926,0.02559061215688224,-0.8659371736267233,0.41551974097218636,1.2295496065172866,1.473193421360819,1.1829147949674266,1.3979553865689833,annual,north,114.81,0
-3.135944987360841,2.0732162784102877,-1.1246974270741732,0.46325384780548007,0.4031012725826211,2.242950722901911,0.5019457567030692,-2.47192269734486,-0.5833534248750347,1.2536512860371245,annual,north,101.57,0
0.14174741928270884,0.7752376190270769,-0.2475735615517869,-0.44858179307393403,-1.9741009931631495,0.2290290972321668,-3.7298822726335947,-1.1581815901312518,0.40771040657848234,1.2296576401394883,annual,south,104.77,0
-1.8094281403691115,0.5779496685745182,-1.336228616653773,0.6935778356100941,-2.485911293143608,1.4836728760455558,-3.5061607572046234,-0.18781812844981963,2.3683366387337683,-1.5526797981701823,monthly,south,61.79,0
-2.0121226364135456,1.3327377159016738,0.19559752342458875,0.027427465659908223,-1.8682486398015508,-1.1406867673922867,-2.392369662420941,-0.20524920013397957,-0.41809203993146105,0.06234733325045158,two_year,west,90.0,0
-0.004780019746250641,-2.217134392161312,1.6507321570109197,2.3751680943842115,2.7898608305642316,3.3074420522788004,2.940698070595461,-3.5743264523555767,-2.0114423205857626,-0.03426874456015812,two_year,east,30.24,1
-1.4647466301360166,0.569890689519208,-1.0851521635586836,-0.5196878740955638,-0.5889505375015249,1.874485058149831,-0.6097971430295124,-0.9894872594632442,0.789311096704403,-0.500536402561961,annual,west,56.99,0
0.4782887998096259,1.4443869487467633,0.11686518189134977,-0.5441491356094292,-1.1695282099489777,-0.2141390655809312,-2.940600051904585,-2.004609423866293,-1.0486843662319885,-0.10874206960939312,two_year,east,46.37,0
-0.9481452023451282,3.6261414131011653,-1.3683151063153438,-0.105756559732365,-2.4934388565404673,-1.0601092553061502,-2.6745196699865668,-1.5233849663578396,-1.8542354990372645,0.10922293270340709,monthly,south,86.48,0
0.1476512870650919,0.7342298702581856,-0.9960668306646383,-1.6540441232839271,-2.559541430827676,0.15709322564673345,-3.2346996428558095,-0.20046833422830648,0.7969939297117844,-1.6162632210388215,two_year,south,104.79,0
-0.2434364743362768,0.1642454664033176,0.01799150908800724,-1.4505989734422564,0.14797071625495417,1.5959642358020472,-0.6462609718024562,-2.0798104723653004,-0.45152292655577364,1.1935756354239349,two_year,west,99.96,0
-1.3502571786722068,0.137098724281552,-2.042606727209886,-1.2979889109886158,-2.3597049061028215,1.7968860012527297,-0.8938350265343612,0.30451517328122996,1.3795406355608162,-0.06161175248522513,monthly,east,37.37,0
-1.97301326124359,-1.852572565530823,0.86731269532122,0.1373714298849742,-0.248618610026628,0.5447612533168433,0.19017297032978986,0.9386572529305152,1.215735909790045,0.6859362443792993,monthly,east,43.42,0
-1.7077720707446635,-2.194317061110058,-0.2579585482049489,0.10481283988591389,-0.6616767204062064,1.5859700150407199,3.521926107715977,0.5200288274220379,-1.0096870768142692,0.4419610084749057,two_year,north,84.64,0
-1.6725494355661403,-0.23761661825674663,-0.46192488781721885,-0.015392528860427622,-2.444611369548368,-0.3272441266250605,0.4923845209893132,0.5746511123946346,-1.3489246152189183,1.5590137267637816,annual,east,22.61,0
2.033424210330268,1.198743508075939,-2.207644630463965,1.3556803741612105,0.4704667985053189,1.3265814775921843,0.33879971219820004,-0.25320305232650064,1.0214776150051956,0.7261526592029417,annual,north,115.7,1
-2.6134273832400163,-1.3239209939811563,-2.4041064667769754,0.3201137798012094,-3.092397577302619,3.4742881295344987,-1.7390419949031495,1.0208461813140257,3.852119541356386,-1.8395188614093394,monthly,south,97.02,0
-0.35140705717221954,-0.07938028156254529,-0.9612040146138762,0.0024448101536057596,-0.7877563721879598,1.613590239513733,-0.2860757302888013,-0.6852693533539561,0.41946858358473005,1.6437209101266523,monthly,south,40.65,0
-0.850007379616842,-1.8354943595466757,-0.00710327890186671,3.098895661645186,-0.5425555994319049,1.612890874375894,2.31047353923128,-0.39671566731126595,-1.1564261837710186,-0.9143067281960181,monthly,north,139.25,0
-1.0634694623859264,1.168903776425221,-1.342161920235381,-0.11650700245658376,-0.6329094753068478,0.8925331929735545,-0.9637831776371392,-0.08669779677913804,1.2572881525420017,0.8508150297618594,monthly,south,90.68,0
0.048817726457029975,-2.0275273269005005,0.5648813851025323,0.0696340922346287,-0.5110384323053536,2.116930619889259,0.7356414459134619,-1.7514214663201944,-1.2588210805613675,-1.2738038758204953,two_year,east,149.71,0
-1.070376299937601,-1.1354968460569848,3.5016084838700343,0.31527211390332016,0.952561034351369,0.041352557096976494,-1.4380602815198018,-3.222331082115684,-2.3792366235533526,0.3410503814116546,annual,east,25.5,1
-0.28783969653982744,1.2179176411466748,-1.3835210453405866,1.6953761462596364,0.31433160469798693,0.45616757442221223,0.5462008200380084,0.33027751423624996,0.8019850189130042,-0.6814014998697502,two_year,west,125.68,0
1.4997255512872418,1.567779252038492,-2.8564338100196154,1.1368279560615457,-0.4822400822068543,-1.284247864229179,1.9236429943229298,3.14900851524574,1.0982548833998658,1.3807190711996657,monthly,south,30.06,0
-2.302277531607689,-0.13235023668157564,-0.8143984213054758,0.005004740214646835,-0.9196878105777657,3.0637839359698162,-0.9881752401468875,-1.879949694779107,0.8409967944671073,0.5831042213019938,monthly,east,142.23,0
1.1431359476559564,-1.3767710065245309,-0.37143408972134634,0.9870420550174069,-0.8159838779227019,1.2830823432815703,-1.7654741769696791,0.3098787216388659,2.1059118705660267,0.20125313904322575,monthly,east,66.99,0
-1.292044157386882,-1.22275198961774,0.4231783152479051,-0.4986704097011343,-0.6230313263099284,2.026816889279313,1.933002360654494,-2.3522356690000694,-2.814975226917487,-0.09508090436303598,annual,east,106.66,0
2.296491158772419,0.25900344693258504,-1.3732350386263428,-0.16239440231197141,0.8087816783863451,1.9789536747926726,0.6518242733083114,-1.354711046095093,0.1270322897875107,2.189036587239017,two_year,north,112.9,1
0.6728352022731621,1.5587240843983365,-2.8906333526528165,-1.1435403186569195,0.3635369759261773,1.5647670811980676,2.992363896779603,-0.16480283503984344,-0.4903242968740118,1.8995422191721367,annual,north,112.7,1
1.5566292992299622,0.3052520219854046,0.13819829181003854,-0.9017693164320556,0.18086479178522874,-2.283242454002269,0.5518795119887709,1.7520315088865384,-0.330310821839491,0.13803162067157262,annual,north,110.21,1
-1.1227413295382145,-1.305395387223892,-0.3488007691090928,-1.0564989648327283,-1.7633841727227362,2.888137552974584,-2.549276312545195,-1.4356648059944905,1.6132508526009903,1.5709252270169598,monthly,south,21.51,0
0.28446058536509855,1.3602962357459025,-0.4712514321731174,-1.3773554512634743,-2.248456016530932,-0.7920433449020652,-5.318027426324336,0.12140323107777473,2.055013083736438,-1.316903247673849,annual,south,48.66,0
-1.487605739724707,-1.7416961320822488,0.19961875305358795,0.5377257194702239,-0.11515389664189501,1.2295610154093186,1.0937143428207,0.6114640272196523,0.8791330655944845,-1.7906834437605186,annual,west,123.65,0
0.5083597977745791,0.1303083538125177,-0.45858952654557733,-0.21841804433276557,-2.3656544326241153,-2.1954907224709546,0.7774340130997197,1.6333756329862255,-2.02739655877883,-2.71084286612312,annual,west,122.31,1
-0.8229292845622682,0.5816673907633223,-2.2821580674470643,0.1760884766775102,-2.513544114085118,0.8574716041800754,-1.6144493136163915,1.3200645939003737,2.193769871956019,0.07820515927491511,monthly,west,124.22,0
-1.0227945762955228,2.1458179560650175,-1.0459270199897974,1.3482714845595862,-0.7337329483108846,0.23758956333520453,-1.5311992748708367,-0.9851247725130604,0.03333480846724868,1.5741803685643716,monthly,east,21.02,0
-1.0636169977633756,2.02054661763689,-0.03883267902849101,-0.21344702531238788,-0.4740294752565135,-0.22860621021457983,-4.070170806575033,-0.9654639300256164,1.5775054132666817,-1.3077785436062488,monthly,south,25.37,0
-0.8932123812856405,0.38478574682750444,-0.2276021320589911,0.18384131988357708,-0.9531206884644112,0.4442734924014091,-2.1755065819769683,-0.28328194929883443,1.1627906349867492,0.4658865720733916,two_year,west,,1
-4.6211620491282055,1.7294562180616553,-3.927122061666439,0.3999742055764192,-1.9631972090223018,2.638126177305711,0.7320433097178414,1.5492083520262447,3.1341010509528173,1.6473197796836212,monthly,south,133.59,0
-3.7393757478726295,3.3850495683085096,-1.975616264069218,-0.374859966465613,0.2017826794308588,1.4871307870437611,0.9155517553146544,-1.7064313039320642,-0.563590792643947,0.7077724464499447,monthly,south,82.07,0
0.664391961615121,1.0177273508470341,0.4758161450900591,1.970439997919761,0.24759668630740717,-1.2328056328798698,-2.2479676843150385,0.0262213803164502,0.7405648716629496,-1.3944576816463985,annual,east,115.12,1
-2.7151714082930014,3.818342846283256,-2.450211696167209,0.38633044208670914,-0.931206101630522,0.051178449835577844,0.11677544701282994,-0.4198430294601612,-0.43359940048443524,0.5630586892897881,two_year,south,48.38,0
0.34017869912460874,-3.3324657951291594,-0.42078565621270175,-0.45538723487051075,-2.561646115211846,1.666674527279386,4.300479751200519,-0.17900860149130776,-3.7249419281104204,-0.3007269891842634,monthly,east,107.08,0
-0.7650787368149927,0.5403394061143427,-1.2682101244190043,-0.9802484389122539,-1.737490381711626,1.32734479244606,-1.0894629990536833,-0.7938878960478502,0.14034470958963463,1.30378750949355,annual,west,77.72,0
0.950709414980982,1.99666441986603,-0.30616671710125626,0.34662120116578693,-0.20167648628841683,-1.2643562726598123,-2.4313194427611515,-0.26270520438080885,0.34432850944213533,1.4401090160029995,monthly,east,148.52,0
0.6709009028030184,-0.8111213980143702,0.8205535793184998,-0.07321596032447963,0.8190401714787536,0.8580819783698441,0.5531058309186132,-1.483337841907028,-1.0577082576198142,-2.1823445925850913,annual,south,57.21,1
-1.1326865605456256,-0.11597771058491735,-1.081014676925873,1.778669685369117,-0.19099943799638552,0.11918867551486334,1.4307609913183554,1.8855491188602551,1.3069646981825365,-0.860380201764248,two_year,east,34.1,0
-1.102117202236087,1.666354752537271,-2.877518799904411,0.6127814576406746,-0.2971656846179481,0.34335068309364747,1.2579585694934368,2.299559520391289,2.320268182668392,-0.08621450374870877,annual,west,91.1,0
-0.2769934113086623,-1.2039762895170494,-2.7264494217650133,-0.3410376341772442,-2.332764126977837,1.5029583763228427,-0.8867826444135669,3.3734560921273506,4.602527264457825,0.4861630755369341,annual,south,108.55,0
1.6051111548778962,-0.33941961929793485,-0.8393667177343789,0.13496295766226787,0.36408023046131754,-0.21368804241923112,1.921425774144264,1.1924955920847902,-0.0417274747076547,0.10923256128964945,two_year,west,37.51,1
-0.8501813417925845,-1.0996249064075432,0.8545043026258744,0.5412488352540643,-4.975887957425762e-05,-0.19824150915151584,0.45678560605662644,0.5124330627767979,0.00533189029479475,-0.1289407832491435,annual,west,90.1,1
0.3042905994697108,-1.092798482519707,1.4511904144632213,0.02397300118516168,2.576777205743862,-0.2138492981642759,-0.13648298163056138,0.8584126688222001,2.2981211245983824,1.1888060162570058,annual,north,116.77,1
0.7586195493137002,2.9649049140681076,-0.7650973503260873,-0.34115977130615527,1.433159137489553,-1.1400534843444743,1.2784812715036078,-0.9709992908212662,-1.945649765057909,0.6276551031069247,monthly,east,34.54,0
1.3841478240629224,1.4182453825820858,-1.1844432976480554,-1.9138161943439809,0.7305708895848793,-1.1156894222019282,-0.17362053815749634,1.6427184906641403,1.6298989449348729,0.9503969105816111,annual,north,122.14,0
-1.5092886659277904,-1.2909219417851312,-0.6558381340322347,0.6098103002186818,-1.0989238297932462,3.4541200857630017,-0.8050350822447084,-1.62926207676328,1.0729980537126098,0.5618145894362436,monthly,east,90.74,0
-1.6775207965752583,-0.14831941885305422,-0.8556741274015204,0.7869940405215897,1.2735124251156758,1.3848397598871585,2.160317494478235,0.7554975750873139,1.4830049400449203,-0.1130068358002386,two_year,east,21.37,0
0.828521163242848,2.836806601000002,-0.46349568055516466,-0.240649383109298,0.22804781987220035,-0.1357152076414574,-3.7595751982655417,-1.961638339723173,0.6593938707080373,0.9902637341678563,annual,north,96.58,1
-2.2466154945813237,2.0006841723530933,-0.24508286925367967,1.4957229806357615,0.38599178198668715,1.378738576989607,-1.6859170019764147,-2.4649198683799134,0.11796789727823065,-1.9755789766931806,monthly,north,124.61,0
0.44570860994595596,-1.8706443136330606,-0.1269380954972787,0.267809952649679,-1.6768770963226003,1.4756086234813228,1.7948744820733133,-1.1345203164259197,-2.5541383052740327,-1.3222705689489003,annual,west,148.82,0
3.0122037858905695,3.1954861765629503,-0.77432156466316,-0.9784745700346463,1.0742572918640054,-2.7019903107541974,-1.071605227745211,0.40006548130253317,-0.3554692191853037,0.88776151938372,monthly,east,148.87,1
1.4949966725914343,0.053891609268278184,-0.37566481543005154,-1.9013204942209896,0.6634524908449083,1.3170962559409927,0.8946557112604194,-1.7633147099820325,-1.231422029141773,1.0999910232901102,monthly,south,73.81,1
-0.017687490988545607,-4.179665327524528,1.2440668009023808,0.5724372635278978,-1.4119686616563396,2.943797897848464,1.793577097136616,-2.043603939461918,-2.4211020056409858,1.4596602500350402,two_year,west,24.85,0
4.070329151790925,3.8489550376838473,-0.9742412421888125,-0.5111992543602093,0.7370641559216744,-4.6032995233158145,-1.8853431251816852,2.0608752536685886,0.3039871787465638,0.6763104157175277,monthly,west,146.15,1
-0.9819043047530663,-0.3159859347692765,-0.12101922639138905,-0.47601340649547913,-2.7366317770138506,-0.06918490179018066,1.1871139789036882,-1.037990657991649,-3.7821744023186277,0.07571486593794702,monthly,east,48.67,0
-3.6284056610595323,3.087660221025967,-1.1665833609771699,-0.15132386785790175,-1.3534298452731133,1.6482564119864356,-1.5311662427847859,-3.299234634193041,-1.561512970384249,-0.6222485135981533,annual,south,144.15,0
2.8178376221840584,4.221111456375684,-1.3487400661691034,1.8043351996905308,0.8052425041768307,-1.8802539749698908,-3.1627422761978856,-0.5655123431542066,0.7254906138472749,-0.9373762921340634,monthly,south,145.5,1
-1.5700388536029193,-1.2009100067266876,0.48548664162404076,-0.66467691594956,-0.6572250561882766,0.7234270024265808,0.6659268414824828,-0.1522884295981953,-0.4561221057890137,-0.716172528625069,annual,south,62.68,1
-0.7809985592295148,-2.0305297769995194,0.036515134983287234,-0.5758489722126194,-0.5623841135966353,1.918926462877999,2.0470130386290077,-0.5900604567070625,-0.9591688008574721,-0.044949060393085924,annual,east,119.16,0
2.1858066787903847,3.2798164864485173,-0.38225864645819324,2.0649668603719618,1.518297516001702,-1.6086091569674086,-4.253223226179292,-0.24969616460274113,2.4686584840379915,0.35038116839510236,monthly,north,102.15,1
-0.39265780314136844,-2.879152796405214,-0.07338167137352317,0.07398840655788376,-0.5245434304692638,2.160871825059506,3.5244392591759435,-0.167264015101269,-1.3908763801796638,0.052068802584459485,two_year,east,130.04,0
0.16947927520783646,-0.19811832797808604,-0.18757739883503452,0.18996667203027703,-0.8453526920328902,1.082444193019381,-2.5147713890032484,-0.7331525975737707,1.3830404846154971,0.6679035512494177,two_year,south,144.07,0
-1.0057318086187972,-0.8573595453754479,0.10414260656429528,3.625413912596462,0.51430407181344,2.7096494653465655,1.0613315103305578,-2.3171074078425296,-0.8053721004593224,0.39896465773115375,annual,east,46.75,0
-1.5199021064033977,0.059645004709951044,0.5750756442188415,-0.5534989260445834,1.58050167223135,1.2975971836355995,1.7254809328151834,-1.739125012815594,-1.1137011338351333,-1.1153293224311032,annual,north,73.21,1
0.8530657089722051,3.063823163343551,0.2744337045218445,-0.14629650151661105,0.42585235843632707,-0.6266791656406616,-4.284476488795226,-2.6407990197180595,-0.10068425992906804,-0.011196845287413267,monthly,south,114.71,1
-2.5306109760941293,0.8694443312485003,-1.8110269313941865,1.1357383110329609,-0.8932117291705808,2.252255559165217,-0.16081110467922688,-0.4859701928514262,1.3483783993525051,0.06582038135838404,two_year,east,96.69,0
-0.07683371126501748,-0.005850895839437764,0.05221116491867556,-1.108559202578961,1.6079117986745293,3.381311896834939,-0.7321670728243896,-3.4606623214836403,0.4292355081253998,-1.429921134271171,two_year,south,142.36,0
-3.2074391893788046,3.972694027242089,-1.0718623434867394,-1.7411090342705948,0.915819798435868,0.9542302691042527,0.7302350197397207,-3.1273543757438014,-2.1785539363243576,-0.07243196001752378,two_year,east,78.1,0
0.6414042942952884,-2.2832932030261075,0.1741003579120419,0.3027194567046335,-2.3874411197029843,1.1407450246544812,1.2438169842975144,-1.0256797664234307,-2.8262961556522344,-0.49266738866434356,annual,south,100.29,0
2.286806550619574,2.863260242811813,-1.2172095131785765,-1.3167741114657805,-1.3144390378899344,-3.224850234774429,-0.819485437532666,1.030272016751376,-1.6770034213621487,-0.620879303754242,annual,south,30.72,1
3.0460524680123324,-0.12379513919042595,0.13930818983344692,-0.9990216310540383,-0.20905103662050317,0.4410606931586112,-1.1792604292831181,-1.8508331078465101,-1.2918621691998868,0.9519945357107923,monthly,south,49.95,1
-1.7240999514000106,-0.2561700836673222,-1.3016076139206298,0.11565116632599147,-2.8259072478511382,2.0667326656331664,-3.4324146736012713,-0.1886988691052983,2.539236812321521,-0.30397325614634507,two_year,west,35.86,0
-0.3381175369020436,-1.655216147249229,-2.1426545536408628,-1.0931850293872236,-1.0646000675177605,2.2562595722534473,0.1168790301393372,2.455409638412802,4.163704633094728,1.3456551833101587,monthly,east,119.67,0
-0.10867584718983148,1.9451425538246987,-2.18947986316617,0.9364674057326698,0.8468936502010593,-0.08074283756005252,2.504261743393532,1.1691429455528677,0.3230132446031254,-0.6150559606966498,two_year,south,22.5,0
-1.9051223912688005,0.5081852535748548,-0.08808846704215952,0.8428447913706034,-1.3841983432488751,2.099052946985065,-3.225114834255807,-2.52041294961649,0.5563315622975041,-0.16249050412220434,annual,south,142.33,0
-0.06136052289451199,3.203495076400299,-1.4229900762588006,-0.5495291469634824,0.06576272329106692,-1.4975847546417933,-1.0197667741082757,0.5830344060593903,0.5189338806764642,-0.23231999835143402,annual,east,128.67,0
-0.14172672367515515,1.8899989653698517,-0.9339463111535521,0.1165563964786224,-0.7155846334410323,1.0806155854382622,-3.2321781444179027,-1.848641675986618,0.917773169991374,-0.2501272942069281,two_year,south,108.27,1
-0.376599077651543,-1.4737698563818555,0.31767480155988814,0.7069453103733928,-3.244001622721712,-0.070799460603294,0.23838268179181965,-0.5176343939419696,-2.962473557667291,-1.1156484301705305,annual,north,23.72,0
-0.44844620512161626,-5.355717423751979,6.715508061102444,-0.3186885677372733,3.545496564481113,2.217681072534395,-0.16154583662028998,-5.113244096881969,-2.6332309127830165,1.5855250085348216,annual,north,53.53,1
-1.7616049930699949,-0.20254509930930797,0.9833246729366316,-0.5573928061631368,-2.492782077645066,0.18191197548816251,-1.7635308945787451,-2.0759198759277857,-2.4965001158026254,-0.32387969173403597,annual,west,37.72,0
-0.27011201366390813,2.566838735489471,-0.3765494473726294,-0.8203661800684964,0.11856409405468016,-0.36193548818026633,-1.0864535953018204,-1.8635446903220878,-1.3885879350736534,-0.18171271393168337,two_year,east,112.39,0
0.31613522692347495,3.7997923085424663,-5.383559584594268,-0.5290561586529156,-0.8627187751585814,0.9271892709846986,2.527285468353024,1.5883420812705527,0.9749238065718788,2.037001456815704,two_year,west,29.03,1
-0.5060366893264544,0.7737570291074463,-0.941311440265882,-0.4607327094729872,0.5058086237373622,1.1897863806565965,0.8355787207434096,-0.741477954585116,0.042244554071678486,-0.11432315052426313,annual,south,135.69,0
1.160677141457371,1.5459302752234847,0.4548148024154243,-2.186686786629357,2.4363174322169767,-1.787556423387071,-2.214548784765615,1.3510268289616003,3.1465757638129546,-0.03923295307334905,annual,west,92.07,1
-2.4197361846362426,1.0364277530342962,-2.270427519936346,0.08705923797072174,-0.45121708216482603,1.809952112114579,0.022255576817593825,0.9255319066218762,2.796338973744187,-1.0542185634064736,annual,east,33.44,0
-0.8767748952128376,0.10112565243193639,0.3659092970072607,-1.2369782761086283,-0.030089851667486567,1.5389157672318947,-1.0304432390177762,-2.2501482803771125,-0.5171737224750015,0.28730573850392677,monthly,south,79.87,0
0.46864482589462897,-0.6286856441863666,-1.4898791680876657,0.7341408365563418,-0.015379968045016068,1.2376217927718094,0.5636802780260046,1.4511361616088134,2.3927153062450945,-0.3817599429054237,monthly,west,38.46,0
2.305541650929193,2.4398480817697794,0.3387461605229942,0.16296557133938253,3.678170758361651,-1.304914180541774,-2.880028617365202,0.16469006291725158,3.428066127812001,-0.824246065308065,monthly,west,75.01,1
-0.2402414746335947,-2.6233575016561455,-0.09799596803020484,0.28364794360019113,-0.7682584001595307,2.6800220428146133,3.268242602388825,-1.3630867529417878,-2.29222050914325,0.9574824938773211,two_year,east,112.8,0
-1.3900738553339531,-0.9808075141469987,0.3302084520054312,-1.7387456102486598,-1.3792185353984425,1.1433774205711893,0.9175194035323416,-1.4245025444713828,-2.19486752193671,2.991849751556825,two_year,south,110.52,0
-0.8175775576420998,-1.4504003859179972,0.7208614102760134,0.48268448610560083,0.2994312938923521,-0.0811954650172968,1.2819261554848596,1.0058340383378797,0.2505397319749194,-1.1573591366409712,annual,east,65.26,1
-0.623089523139456,-0.9352955628309099,-0.8161491110046085,0.6053780834569952,0.04257585319145307,1.6059048030124266,2.104300611103323,0.17893413648399406,0.13958845224871008,0.4995114207499121,monthly,west,65.34,0
-3.0274862645795886,1.160764934865108,1.123906148052599,-1.1938397074924751,-1.132153378141991,3.0852775938579664,-3.5247304288788786,-6.244024831583606,-2.5327677234228836,0.9151241332994825,monthly,west,29.9,0
-2.175715556119102,-0.010817028880432344,-1.1688456970770962,0.5851482653230863,-0.6983614479339747,2.7831114056432136,-0.6282473455342585,-1.0370053113152369,1.4856295688166767,-0.9476702458712748,two_year,east,31.38,0
0.6218820179345483,-2.0098105982071957,-1.624222226898724,-1.1466419773874246,-2.1612918530661758,1.5830936495885224,-1.893580681361522,2.423431180279212,4.188902125164608,-1.0000756069940897,two_year,north,26.48,0
0.7844478921921355,1.4643800824999889,-0.33139633834937926,-0.5930283379770587,-0.4025552180327667,-1.725201731389068,-2.07409297810698,1.002031492754375,1.0117955744122238,0.3500807742666414,annual,north,29.68,1
-2.5672926234460713,4.0575275364329,-1.4485944109537243,-0.8189020314179709,-0.12660439778495636,0.1331094744160809,-0.3287162610684313,-2.0683442623405455,-1.5391696663074388,1.1709243362058583,annual,west,70.06,0
-1.3052003073220133,-0.6237572612433209,-1.0439918297189708,-2.489514800313351,-1.2466367757127925,2.562817941911665,-1.1840588930602431,-0.6832413968658216,1.654190695281264,0.9887570207075097,annual,west,126.13,0
-1.7270853703180409,2.701580174127556,-2.0639562703179553,-0.8890558796276035,-0.1944404480028028,0.7126689726825473,1.7190098815919916,-0.9496498606880518,-1.374644386060015,-0.12798933325530046,annual,north,64.35,0
-2.3897302451482823,1.6362208711666208,-0.3203823155316995,1.8931077869161832,-1.4400183316173194,1.7849506458367261,-2.6638734017360255,-3.244242777786906,-0.8706486514971641,1.5171985982859992,annual,east,85.8,0
-1.2378493630370122,0.34380546648743726,-1.0833761958693928,-0.9467416565227849,-0.9894883961293982,1.7463402561931844,-1.157762778347544,-0.6930589822240842,1.142299787305375,0.15671084237097996,annual,east,,0
2.513187296278087,2.4760085665623253,-0.4736375811520389,-0.31380671698525187,0.7721111673986294,-2.1841087528456056,-0.9516348810363426,0.12346030033702385,-0.544432921243827,-1.172935512624836,annual,west,96.09,1
-0.47843795463490113,-2.497897085505488,-0.38134633066614637,1.1933498449658866,-1.253555399446716,0.6511294135362528,2.8840446323852245,1.7246483815794873,-0.41837824416388514,0.1900235657110035,annual,east,37.4,0
-1.0722865370329,0.6277660987766069,-0.7837478056647971,-0.389332620812179,-0.3790048699765922,0.5286349690348666,0.14903824641030106,-0.015270671068605229,0.28545326172392604,2.4805998030199854,annual,east,100.52,0
-1.454625876386132,-0.18719056935018874,-1.7513229366194212,-0.2749455623767495,-1.517685680112214,2.080282489131376,-0.922451841307588,0.46421539891016916,2.316972831529866,-0.3440041113377721,monthly,north,87.91,0
-0.203620504379751,-0.6241143099437203,0.9285691468123202,-0.24515986133970807,1.313018642575388,-0.05217959123108884,-0.777016711021926,0.5028097616238082,1.8191550497372702,1.6509327802368152,annual,west,117.69,1
-2.222281125028637,1.6574374991017478,-2.5097815342725096,1.8612526579208604,-0.0531547992278224,1.1777702717900909,0.5583233891823602,1.3794801416436706,2.683761882297784,-0.3288919717582706,annual,north,107.84,0
2.276409880648588,-2.5176826882944607,2.663011103248719,0.835450531634677,1.5954299928896987,1.1830016277779936,-0.4907920177110492,-2.754507928102306,-1.408569294427903,0.08993413579767943,monthly,north,82.26,1
-1.6472400375495315,-1.2117343811805876,1.3213273917196773,-2.2167220391834532,1.8233032070416697,1.1155245238878737,2.2507295484987555,-0.998453779030445,-0.7830582956897755,0.7031868611233386,monthly,west,,1
-0.3403394342313234,0.5325761603615218,-3.0628848128423956,0.600578326490434,-2.4736478499508356,0.44757828033808233,-0.12088536041251308,2.7045977145496862,2.4151623204389048,-0.28849873439401275,two_year,west,53.92,0
-1.3154091775876489,-3.17464686217281,0.11765654095043024,-0.9782509349168643,-2.3140352429665834,0.7494357888170042,3.1774655772467946,1.1975142765033988,-1.8512409584241487,-1.469463464511696,annual,north,112.38,0
-0.495346929383654,-1.326333442823309,1.1068966980596662,-0.054776788582627294,-1.6278723501546284,0.8380545139179587,-1.7930422879353145,-1.6198554816402786,-1.0183925609955669,0.8743069730228543,annual,west,46.21,0
-0.49975220025236533,-2.7286299893899133,0.44646154234093555,-0.6423376543978813,0.33573104139971255,3.3163915727481736,2.2791556522280887,-1.905474943090114,-0.9979980800333855,-0.049784212804004475,annual,west,106.27,0
-1.2099747428129386,-1.0454619429099954,-2.4265526328595137,-0.9112338155942775,-3.3839644050367843,2.471583438116829,-1.0351539240227663,1.0059275162824302,2.187526403811761,0.6620972759154102,monthly,south,52.44,0
-0.2951856840157294,1.046105209094562,-1.3925770981099106,-0.2671883485709921,-0.8135464650175211,0.7323042343321273,-0.06523583482913464,-0.36435577003335307,-0.03571073016917059,-0.5262908868762866,annual,east,46.81,0
-0.7965970248690446,1.9849140654559099,-2.523613276114072,0.9020036348908533,-1.3025246302601836,0.03794259009465972,0.2917056543337637,1.1255101989501806,0.7350185831613687,0.6635192562262259,two_year,east,68.12,0
-2.05610793757612,0.524290973729828,-1.2345022517122848,-0.006842633306091854,-0.7640959434107351,2.2911632039477605,-0.6530305766555633,-1.0724763536503814,1.0293366794033565,1.2007304120136002,two_year,north,86.15,0
-2.098955689372562,1.5518037933869953,-1.886856322314177,-0.022497809091732737,-1.2140358698825349,1.4820584407500594,-0.2851177494546657,-0.6041907860769757,0.45635111270265016,-0.10987494088508779,monthly,north,108.52,0
-3.4786400801280637,2.41911379789726,-0.9452605768910036,-0.01994736902471949,-1.4229540218951133,1.9638860540334278,-1.9791276398834334,-3.1734152372150763,-0.9339610297359835,-0.07555724506177998,monthly,east,60.25,0
-0.28997964802560205,-0.07323001047299083,0.7885042319231198,-0.8877413258578967,0.6884741707016212,1.009286783462745,0.10780489225124834,-2.1801682403154348,-1.3702619314768232,0.19234812508254426,monthly,north,69.7,1
-1.2503337811099697,-1.5428072058679168,-0.5765072146687269,-1.4135323968438798,-1.462547688402001,-0.5246109184250476,2.4760870464843574,2.72762187025074,0.04164659928167125,-0.511033846201703,monthly,west,118.92,0
-1.4208083256061845,1.7438793449395158,-0.5701475435262144,-0.5414449041128186,0.05390317581501436,0.6698800254941635,-0.8112070007737497,-1.4066143688758017,-0.1586876026212889,-0.19067499457308665,monthly,west,62.9,0
-0.027897156425539915,-0.27971012566675846,-0.7916081550174267,0.6354927784817762,-0.21839688853628614,1.2941653895678424,-1.0422734691253845,0.2218079114180037,2.055818372670877,0.8463803624730655,monthly,east,28.29,0
0.30788025827259125,-1.5604571341474998,0.31963249812867195,-0.6354894227224654,-1.9754554310970462,0.8868655398862495,0.6600267939247015,-1.328938092281041,-2.654129173674944,-0.03778692517303423,two_year,east,25.99,0
-1.8341534296543585,2.244697264977783,-1.1730380366161999,-2.0047775826027117,-1.4790968049103552,0.7796596077702898,-1.7258752162289608,-1.7261284648736825,-0.6057973577314026,0.4682432338444726,two_year,south,37.54,0
-0.15072132670605398,0.018728373646931917,-1.6224186049948972,0.0984137512101179,-1.0681425035556038,0.9039163250530323,-0.9916444893833382,1.3213238523639899,2.5352464006471243,0.9919519925905134,monthly,north,81.04,0
-1.7715344774739876,-2.135227599687509,-0.26566061938728186,-0.2730199866644739,-2.1000745681796373,0.5368758365169187,3.338013900743143,1.0317353616027074,-2.0736901843350815,-0.17856910800783096,monthly,north,69.93,0
1.2037927786755538,-0.5889900788462141,0.9346846795536764,-1.006773944816675,0.07019155691379353,-1.2133699352138967,-0.6833680894496124,0.549753827379249,-0.07695898993874228,-1.4189888765249297,annual,south,107.78,1
0.43639601713334564,2.0617394074415216,-0.30074223886057994,-1.7696362384799917,-2.484644179313697,-0.9221907516905892,-4.157442115163127,-1.6016537455341922,-1.0400946212419049,0.34100372459612627,monthly,south,32.4,0
-2.4104686502756483,-1.027435663712112,-3.0602907374977972,0.8281468868054046,-4.018174843206548,2.7223377673826805,-2.485015809217276,2.3709385401316805,4.806064540425552,-2.207769267996991,two_year,south,41.03,0
3.4889311028931704,-2.4677876032312502,1.230754226185384,0.17651381458664503,-0.7036528636620734,-1.8914666421665727,1.362801575176255,1.3688165024577112,-2.0117204321209066,0.5985277008078055,two_year,west,145.99,1
-0.6967374674874498,-3.006617106720018,0.7955392868015625,-2.2420774526222216,-2.654613656014871,1.0726643609882767,1.3311424334053021,-0.6399797082937169,-2.670147969247954,0.8306910490196072,two_year,east,75.18,0
-2.266537556232187,1.3926737330504646,-0.5545797567578472,0.9755008874041899,-0.16991813351968565,1.9585564780097742,-1.0229560770117665,-2.4441377121206926,-0.2006827671792517,-1.0033828916584857,two_year,west,139.09,0
-0.1177092607928858,1.8564954828783535,-1.2695387911924763,1.1222561140565273,-1.118268650252808,-0.12407356739530573,-0.7157254260248495,-0.6052336980678377,-0.7402512090494855,0.309881875834161,monthly,east,50.46,0
-1.9118499736396624,-1.96064620166525,1.8831500137983266,-1.1918071756981254,-0.4032374457318002,0.6935108256410969,-0.9276327024583079,-0.7352768520750583,0.01307099729258987,1.833829291073287,annual,west,147.73,1
-0.7809747620708007,-2.7000776248657834,0.6419009341409531,0.09546718939419144,1.969071617612979,4.455153634557663,2.6280301640921397,-2.770810212825726,-0.25240600853085415,-0.6062371737477139,monthly,east,36.44,0
-1.722392462125791,2.648355736114728,-1.2873618979826758,-0.29219382576267466,-1.3204804103041505,0.31385091412516897,-1.6866758660860546,-1.3891248785982433,-0.5163031712287598,0.06658367331459429,annual,east,121.39,0
-2.352993078728362,-2.3230191900667876,0.7814540202970859,-0.006791487152137181,0.9010168374768224,2.6389996612421287,1.5496123957145744,-0.665313953433314,0.8841214397692241,1.3413753750724025,annual,south,147.48,0
0.1363638719570397,1.999711790792053,-1.2220243261685864,1.2604935739840795,0.04262088451892665,-0.464588590782953,-0.11431788980992996,0.06278705509541345,0.01496097556572662,-0.6650633482603895,two_year,west,83.31,0
-0.14228531643135034,-0.9641829632392138,-0.14462835220582518,0.9882820038968392,-0.27522442098192057,1.2357923604174255,0.3957952490863057,-0.3635865355488609,0.14135249678684492,1.262521058320236,annual,north,83.69,0
-2.172389425132093,0.13281988377132947,-2.0872358131858566,-0.9637399701520545,-2.1338556008039538,2.2053932938574583,-1.4693038726641798,0.536121817475691,2.629240630542113,-0.6048061228739857,monthly,east,42.77,0
-1.7223224702705076,2.5514373454445476,-2.738588236165805,-0.5744044324403933,-0.38899339863509497,0.33017783969837855,1.378191188283564,1.0014984466500254,0.7451586296578623,1.137665760145537,monthly,north,99.16,0
0.6982082997853023,0.8981296263760553,-1.1018812753242206,-0.3698755882609484,0.29625158918066297,0.27526167700483584,1.0657333247000493,-0.1107615270626553,-0.37962625390167126,-0.4203018899765935,two_year,north,51.57,0
1.4812047532948045,-3.083785874627236,3.9901905596315093,-0.4779606039300161,0.5012801667636309,-2.0122702687386633,-1.5676366017369285,0.0788442368554349,-0.8600459426947046,0.23400265961786298,two_year,south,113.18,1
0.983365372230586,0.40054715822727216,-0.6048748150037527,-1.501357288032969,-0.09967679593284651,0.2933506607662061,-0.5354023419552703,-0.21896083527342797,0.33474981134698223,-0.39553914046586275,monthly,south,81.63,0
-2.383567890521525,0.5057200920263181,-0.7205426868171981,0.2670442476863241,0.23694639326448486,0.31133929086438616,1.2115433694367341,1.0204064584024628,0.9959898550901949,1.4417970987284736,monthly,north,50.21,0
0.297914749612903,0.20494749947672086,-0.19723724796961808,0.7320986444269437,1.5376730174334416,0.19656595818850864,-0.4039132971286752,0.8365636613526166,2.4084741512074013,-0.9373324678208659,annual,east,79.89,1
0.09074569442065894,-0.22922312546001944,-0.037952983846749104,0.7993768517628042,1.037729801475855,-0.5431566660144078,0.6712136611765442,1.6002326768409745,1.5329474536379508,-0.5504209450193422,two_year,north,23.2,1
0.025382857233506417,0.6577997950901917,-0.4533989139607757,0.4169049118611285,-0.13995709654212996,-1.2684839391403555,0.13328648611971194,1.5273096329938038,0.5812582089534557,-1.1385060358637489,annual,north,,1
-0.33507789999142057,-2.015284128130948,0.45290028578605357,-1.3886662907712932,0.8164477328890145,3.2008621434764666,1.7147613511373345,-2.3239624220846746,-0.8374082772346595,0.6381364965569799,two_year,south,33.19,0
-0.847619680536853,-1.1902302851395332,-0.06218550274201835,2.1491953223734828,-0.8255461673618499,0.3511874763517433,-0.22764450654515844,1.1962554627180617,1.336977558796442,2.4271281711727504,monthly,south,70.6,0
-0.7361243467202694,0.8686763469691996,-0.37464275646620904,0.6456397503871488,0.5266954690351795,1.416064638309444,-1.0025114311876897,-1.5057952864954691,0.6778308835615616,-1.4717147224094969,monthly,south,113.08,0
-2.3044046131190097,2.171671999501574,-1.5884067308452732,-0.136021685045945,0.6962076902516221,1.5417101678321905,1.6029218940547865,-1.322802271904394,-0.487086280203038,-0.779376782453857,annual,east,26.87,0
-0.5023765456656,-2.7021871548241925,-0.2200901778800473,-0.2225618121109438,-0.5655983832760171,2.4570285391644706,3.8107555940837163,-0.635752795845645,-1.8826476813502944,0.42428096552509575,annual,south,21.62,0
-0.3225276047036014,-3.656862240386971,5.552373942352867,0.6704032227798195,1.6756485686235263,-0.9980334445414705,-1.352988639034534,-1.8227914259645779,-1.665497622174327,1.4154479805205142,monthly,east,39.17,1
3.464344013960562,1.5452415573852862,-2.910003384624099,-2.183126025978007,-0.8738656161049223,0.6502561656718902,0.3802448714096115,-0.09883325671285266,-0.27369147843254316,0.4665795218584304,monthly,south,141.77,1
-0.24530096374361554,0.5220022415858325,-1.2572554436257857,-0.10914366540050298,-0.7833594805206312,0.7198589266254097,-1.0989521907970163,0.47878357230727997,1.6594909895247891,2.822983796851741,two_year,south,132.55,0
-0.13879829197028837,0.36457412451338955,-0.21161980141555753,0.5415912655226921,-1.7552914271224276,0.7228596448498472,-0.49485935189164776,-2.11280399350181,-2.5167766424758127,-0.5420934780961306,monthly,east,72.33,0
3.14825582463094,4.370701435707337,-1.2263506443350607,-1.778844821265357,0.21541910093710048,-2.780279268262913,-3.108888809108778,-0.3068975085731693,-0.18377773675949372,0.02688455277040124,two_year,south,40.97,1
-2.622602337619691,0.9505037385575885,0.07295142413763453,-0.6603220223620915,-2.33820236267522,-1.0984351156811938,-1.0710088823706458,0.026403925401329208,-1.3404997658546973,1.4357633660054732,annual,east,66.13,0
1.5576670522906908,-1.7174143998929714,1.0567114940793527,0.05093472580650492,0.3138722471160167,-0.930482575901286,0.7744520125458084,1.0495112738662262,-0.2776879592639335,-1.7053390981674552,monthly,east,141.53,1
-0.8609996051884592,0.4947102003894004,-0.8596724440256595,1.0105360194973452,1.1057599833521894,1.489476298129362,1.1175929879110225,-0.43813415956847546,0.8232606799076132,0.15668067168080257,monthly,north,103.66,0
-2.8399711039726245,-1.2531288069924664,-0.2904808873605154,0.24108454744728125,-0.9177818191862269,0.28394803162360105,2.255145846619719,1.836043471662555,0.3161488288025043,0.9654556331991044,annual,north,81.24,0
3.6516190760600113,0.12519727031030192,-1.259165277913469,-0.154835623456015,-0.6117383184272625,-0.16382610376283901,0.6462190587637704,0.045549109459938376,-1.0958790921091544,0.8993856273044798,two_year,east,72.31,1
0.9446673825804406,-3.4087819324114244,-0.5012506824260493,0.4120149272570004,-1.642770105858229,1.2165276592227834,3.751418763835961,1.2336435222701387,-1.536354156576024,-0.6418845258427651,monthly,north,136.55,0
0.4968601839525819,-0.18691519457436456,-0.3935257534289815,0.19487808902771922,0.3732250272343769,-0.824919541204992,2.1040282517250066,1.4781843528133107,-0.3111487587604296,1.0109288214232328,annual,north,146.55,1
2.30742404344608,4.201753918307119,-0.7088713962674872,0.1495176406214219,1.1073706174629867,-1.3338652467532772,-5.120341907190135,-1.3923286551510992,1.8345156221171135,-0.7695929951712827,two_year,east,121.23,1
-1.7599853854115532,2.696905423828243,-2.477566078059073,0.5666508691283147,0.26685395692420566,0.44213712779351433,1.938419318640772,0.4464734381193529,0.18439236450718688,-2.3890412295607497,monthly,west,128.33,0
3.0329512683331,1.9488137259882397,-0.48827937313794084,-1.4938565766215184,3.5116851394146797,-1.8102370754424026,0.39886124689306635,1.556180478718145,2.0967602665277,1.2806474531968342,two_year,north,59.92,1
0.0841313760422131,-0.7695994197981453,-1.847092002688822,-0.5059269513585918,-1.4199575114694023,1.2354297504858394,-0.8828200300972584,1.9924958554511452,3.253636318209492,-1.26857767999809,two_year,north,142.14,0
0.1813763731824215,0.698148784474176,-0.3272456758929429,0.02999893196022027,-1.6914222733292918,-0.5199266964101628,-0.9245252718806964,-0.5925116274479924,-1.4564853619317453,1.2046293290612056,annual,south,78.85,1
-0.21319248764082244,0.5771117883167363,-2.9834401890891717,-0.995671188822282,-2.172828972490298,0.224238044393967,-0.4927456035660639,3.0781874866032335,3.1035549977999164,1.1092950786753326,two_year,north,43.31,0
-2.537808825254853,0.4279214191253984,-3.245974204804187,-0.6979043295143216,-0.2780134005084761,2.346655402561208,2.0698110588577014,2.310031749121957,3.5380859497950956,-1.0776219177986635,two_year,north,97.52,0
-0.6858529756982936,-1.384176955722911,0.9461377601734696,0.7187933596089725,-0.3154853433984455,1.8311849422111959,-1.2030561744826715,-1.8498905669721248,-0.0161364122106461,-0.4859224475909142,two_year,north,108.93,0
0.6211855039965435,-1.1290883375097174,0.04429967493240697,1.2856149999111839,1.6542938868259685,2.115140007570273,2.5028140602775597,-1.429321739608362,-0.7620912136041669,0.6034041241344108,annual,south,76.85,1
-0.5013881779206764,-3.7179497794640795,0.061181277928531404,0.4437673795866985,-2.4523495425722577,0.6478893824672566,3.714873891377263,1.5659528366780635,-2.0815683683257413,2.0706158908051053,monthly,south,68.53,0
-1.369862244428348,-2.6191206569799625,-0.4490454289455939,-0.6142771548426645,-4.040774561855557,-1.3467243762052257,3.2098533767515693,3.224593884455959,-2.310220041750192,0.1899840040605774,two_year,east,111.56,0
-3.421069891117053,0.07447783904204286,-1.5034044257221746,1.1191228129830648,-2.5654477498426504,3.656271238450106,-1.3074606480184279,-2.253386465054151,0.2829372629881127,-0.488967377131607,monthly,west,53.77,0
-1.5592746518071445,-1.5153992856193046,0.4173626173625085,-2.146836007060552,-2.0328890591330473,0.3953571771745089,0.2750440135281561,0.060010720137254024,-1.080905874462005,-0.2036326724913307,two_year,east,109.23,0
-0.18569605576681547,-0.4022035397498598,1.8957211350361034,-0.21792373015661,0.2669977108154894,-0.8997712387121646,-1.1686595414056282,-0.973203774839264,-1.0712640501068607,-0.12365620281622303,two_year,east,94.74,1
-0.9497334827166752,-4.1536667535496,0.016238230845468084,-0.0007153680369441396,-0.9797858701701736,1.12062553571978,4.138424666862001,2.668310438992993,0.22854980262186753,-0.2780702322549154,two_year,east,63.55,0
-0.42992869045834703,0.5052608869751019,-1.566334970463228,0.9761843743653112,-1.1007715660805082,0.7598451481597506,-1.0310531240145622,0.8547879351707528,1.9244299898112367,-0.011874593938991027,monthly,east,107.97,0
1.6410178137231592,1.1927384981786284,-0.3249147019197054,-0.412322409289837,0.0034693351550241225,-2.710370746863082,-0.3730837833157463,2.0853953505967597,0.3493180535053525,-0.3610180600061159,monthly,east,25.58,1
0.5680163473718518,-0.15871029933645397,-0.5699680857988275,-0.314649967240787,-0.49901128400426986,0.7873488051832839,-1.5589631759108058,0.06327267054344918,1.5798867522397844,0.7435558438434188,two_year,north,91.35,0
1.6858157045424476,-1.6233611779779658,1.6044697279301119,0.3803391426582845,1.1809991383676608,1.698589611640526,-0.7469428263222302,-2.7397526550387683,-0.8189086430563454,-0.08498620630434243,two_year,east,97.43,1
-0.8655318591490719,1.7923470839662867,0.3982985203207517,-0.3765115853548492,-1.040287665122899,0.8021490044778108,-2.769500797679972,-3.7841929595998285,-2.1893108566393895,0.15153233534611593,annual,east,57.34,0
-1.2413139258731243,1.3740233928854613,-0.1658337108778483,1.2085472556462877,-3.3811852966330576,-1.5786785950642939,-2.2116118291080538,-0.433496759811797,-2.1616344503828184,-1.0845552410924062,monthly,south,66.32,0
-0.8024064405926996,-2.6474472045318134,-0.13703733040370314,-0.5160034318916065,-0.2374829007464032,1.5935078185428133,2.8864644222397806,1.0085432159601588,0.1863721128753899,2.045967541911068,monthly,east,132.19,0
-1.0196963198674238,1.8113292268741332,-0.5993981250838245,-0.21774510348026668,0.30628540586524355,0.681114507522681,-0.9944520029695654,-1.4162922467191392,0.10839057836156052,-0.7314428376530694,annual,east,100.52,0
-2.638810531042031,1.0294587783696256,-1.3238137456353967,-0.8637837121087777,-1.02429354492254,-0.45362392116646544,1.6873159932773043,1.5564936071672442,-0.06750424555926915,-0.49990027543796334,annual,south,103.19,0
-2.569513255826805,2.6799437226920517,-0.15576233106896487,1.2363580288578457,-0.5085215909489811,1.3750800839414143,-1.811467319565634,-3.999013812016228,-2.0768410562916935,0.3363818474091534,monthly,east,33.6,0
3.028454459555556,-1.7264484689614772,-0.484890240475055,-0.3469482735071118,1.7086459996096544,3.7568332456470954,2.076538838942656,-2.8544096873788907,-0.8317657938857024,0.8683033097859042,two_year,south,50.93,1
-2.0640606375698622,-1.774089618180677,0.2391642992938503,-0.6350676758201208,-1.2167856202810658,0.45570568013518864,1.6923136529173515,0.9894981367229364,-0.4368589451561685,0.714101552884382,two_year,west,113.51,0
-0.525548660321203,2.0077013205738883,-0.6411880243544178,-0.8088582915984961,-0.718240856215608,0.006778098329621618,-2.0395926011842165,-1.2548953869711867,-0.18132571060810188,0.4482954431097055,annual,north,110.93,0
3.0540210031784976,2.9236897031667395,-1.4312762265887646,-1.1310832669155098,1.0139603023078374,-2.4833505772939817,-0.09707029969453629,1.293899417861498,0.1612798266574873,0.24586047494373953,two_year,north,78.06,1
-0.22375848298161327,-2.788332158771264,0.6392147086610158,0.6969511001749474,-0.807040487547103,3.471339321799369,1.9970323476668714,-3.2020332300985133,-2.9232871858857687,0.6179726176618828,annual,north,25.1,0
-0.18793521022462567,-2.404103003690296,2.781512892659549,-0.7041765238246539,2.3816106308846754,2.2101005746227136,1.7744166867299973,-3.643786631587424,-2.541530650366281,-0.47589804336162533,annual,west,26.55,1
0.3325308143110881,0.6435430182560802,-1.5005508354473878,1.0374773194987283,0.4142983650085825,0.4281843857974047,0.8696821974371014,1.069918059226409,1.3905754157831587,0.5941684086389,two_year,east,31.51,0
-0.5847846895904723,-1.5870478223950655,-0.5043486493265206,0.4329183508693977,-2.0631577360576125,0.5822439784424496,2.5636718183091185,0.36424190966990166,-2.2534892281409187,0.788049264620123,annual,west,132.36,0
-0.8406352620030306,0.6415544031421458,0.911369818698169,0.3543345128260202,1.3203287560104227,1.4865813435701292,-0.41385200994457527,-3.227391463958001,-1.3236224639380536,0.5131677681904333,two_year,east,37.69,1
-1.8546170497911922,1.1050938346972616,-0.6361547000658693,1.0619996222809223,-1.1049202970719723,0.03628311129926409,0.8352295508044227,-0.6246172483160131,-1.7270198461564974,-0.9087167571147975,annual,south,105.57,0
-0.5801633696691457,-4.219663275535174,8.35607655546386,-2.4087135695034094,1.089625035251669,-3.515983643085246,-4.229750478514286,-1.9443962236777534,-2.511939014838012,0.529258353465986,monthly,west,95.01,1
-2.452248874595054,1.1618291327572252,-1.359535037819962,-0.8022177632451316,0.3210871147901069,2.5358371014700563,1.4879431507311973,-1.8619084670644641,-0.4836228559737321,-2.149806083998573,two_year,south,114.46,0
-0.7367275866838657,-1.1648622994067916,-0.07254023322868615,-0.020325726979197826,-2.6820439321210836,-0.3701412215261113,1.0891144287162389,0.44783831238511845,-2.2853310380061673,0.024637581519150697,annual,south,95.73,0
-1.7234498307357962,-1.6824452966539747,0.12999129189115355,-0.3327231617821179,-2.227599745424868,-0.2595027727554553,1.7889828301381674,1.1864594790792011,-1.5364625089522903,0.9900481499197598,two_year,west,43.32,0
-2.1936926575416984,0.8412471141130335,-1.0795535786833566,0.900029045805537,-1.1691850682828662,2.166862622185242,-1.1559145873004903,-1.6755145679225127,0.35225206138292886,0.02255181353991762,annual,east,115.43,0
-1.7807411869272305,2.5750298147119812,-1.562563409021218,0.708295514068626,-0.6063216294442465,0.45438079727698877,-0.6453894694659666,-0.8081001810028123,-0.009920546487080628,0.6054067480455053,annual,south,97.41,0
-1.9963238863759285,2.5014635485554244,-0.5042102130264513,1.0802805951071035,-1.2010323599497275,-1.3469409337282108,-2.400907585752641,0.16135525419817498,0.39314080979105537,-0.8143354735482183,two_year,north,91.0,0
3.7141117108215242,3.144739734545551,-1.107932840335905,-0.37574934877316485,1.837646300752057,-2.082161448291316,-0.7018298088977422,0.2872760579315763,0.22831505114080464,0.422410441096078,monthly,south,114.53,1
-1.4130725913682016,2.92655966628201,-1.1560444263787928,-0.7132068722612245,-0.21230057158147253,0.18037170999377272,-0.2169002664694032,-1.6975736463940285,-1.3901816405643097,-1.0981888266231452,annual,north,60.81,0
0.38853350801290154,-3.235839095796211,3.8120602819953135,0.6644958366246975,1.5736884110463467,0.2847166434940642,-0.2957895424446477,-1.7877381283366631,-1.2236163069287478,0.38147884354622497,two_year,south,29.18,1
-2.176753413501141,0.9896435351586498,-1.017305315533383,0.7334921372663592,-0.7769861010991105,1.9884342274239613,-1.1580365264769141,-1.4874482738372763,0.666735789695251,-0.871758003260485,annual,south,31.47,0
-1.493133807836295,1.2361118169402583,-1.5963464471853008,0.48510776349890694,-1.407557813004473,0.8737157224107404,-1.8664999814914185,0.27027494466844426,1.892792999912995,-0.41187714390995955,two_year,west,62.6,0
-0.7156260915001953,-0.05112404702129569,-0.5518665773218244,0.40024404681931375,0.594441928623638,1.4986852455023332,-0.1229161890096595,-0.25367508741478206,1.5591681333496532,-0.09184541362427952,annual,south,50.12,1
-0.7340272953850513,-0.8894860665569172,0.420935126452978,-2.235130291706362,-1.9753746832483046,0.7796026318388868,0.21733381216654224,-1.6864290101715778,-2.7253025776996007,-1.091297752981824,annual,north,117.27,0
2.5314699907284934,1.0506604654207363,-3.2463282138432206,-0.02690655707781697,0.5836533271881834,1.9772343469311242,3.5188430808391624,-0.2531592730732955,-0.6262823537655144,-0.12034447063110422,monthly,south,98.99,1
0.8637463744389627,-1.4551946768195902,2.1956764355012868,-1.0876614862088432,0.4831627168883885,-1.6620021054873693,-0.664796269755187,0.5355616999638251,-0.38173261288715643,2.0049045135425683,two_year,south,32.41,1
-1.5454004565095698,-4.286987106951123,0.22011637131938508,-1.6573085390077402,-1.6912252052610164,0.9177125006553368,4.545086198302217,2.4257193853186427,-0.953271414131282,0.23237242150464102,annual,south,113.58,0
1.3409291726176822,-0.050938265118877,1.2423450075051974,-1.1256148711573837,3.440298478143168,-1.2938211534944848,-0.08790869925642708,1.3836958932376213,2.4916493723733772,-0.7019664727302168,annual,north,139.09,1
-1.7980407097914028,-0.4551503725802365,0.07522274038787602,1.8482138079426247,0.48952821409377156,2.174724140634285,1.1740614075257785,-1.7714119649404616,-0.6407286234544642,0.22390996203429772,two_year,east,127.17,0
0.24639234058953108,-1.9747532358510926,1.4404540803873753,-0.5151393999890433,2.8800518831350557,0.03233791934900432,1.5302812515906443,1.465242502171858,2.134019583289356,-0.2206140590697881,monthly,north,107.53,1
-0.7566559183803354,-0.3096172520689865,-0.9601551819809009,-1.2665706251507647,1.7087796770410488,1.4363454930354134,3.938771371574107,0.3967634334154312,0.010203828240504809,1.9244853713762289,annual,west,120.96,1
-3.875568420310392,0.7515218192534207,-2.6004058738098306,-1.2156820793058198,-0.9743433045667858,3.135060368188756,0.5566979116624817,0.2048910313228029,2.5032852660024902,0.6576315204460826,monthly,west,39.52,0
-0.7250476699324175,-2.7188794420572573,-0.05701909794189598,1.0424667263185976,-2.2673698647583898,0.6925984586646803,2.885956276339133,0.8096257999681054,-2.107887352902253,-0.4878485225197042,two_year,east,28.52,0
0.16886757343509706,-0.45378702200150656,1.040513577459327,-0.3479809414888798,0.802190235304493,-0.7051579019242552,0.8527459388173109,-0.07329945715866332,-0.9530652659659742,2.024049036243933,annual,south,117.24,1
2.783378030555908,0.07780709813368025,-2.5110812342994624,0.43720096459759,0.6695014151194374,1.9952276069416235,2.4761377421931665,0.036179257065732176,0.3927734702890422,0.6846438424189331,annual,north,148.02,1
-1.2119814222866316,1.5319811325737436,-0.9821524067135016,-0.8881252626995119,0.7928397777788014,1.07090332361576,0.33136597797055445,-0.8853577501401821,0.4273180627345462,-0.2654782569090618,monthly,east,51.23,0
-0.7044058491841749,-3.710614855509954,0.30596436456098497,0.3914132966529807,0.06101337154325348,1.8244032329148077,2.7877183408314936,1.566249253437636,1.1757851629728941,1.2159275002677494,two_year,north,93.05,0
0.45894212196865425,0.3563433519561816,-1.5569049137331414,-1.3566543709579253,-0.8696781420097254,0.23643748319583846,-0.9829564309663228,1.516151554458025,2.2744025293716206,-0.6851468213156611,monthly,west,30.51,0
-1.9805367172277986,2.4851354688823566,-0.6559343801248951,-1.2022518345472692,1.083765342244717,1.1365539898468644,0.31705063593585625,-2.3581805375905835,-0.9469464110608989,1.66512015288055,annual,west,92.95,0
-1.485440290606981,-0.9179262133264777,-0.0008200835946466027,1.05994376262283,-0.3679017571116432,0.9664852802416504,0.40171100073361476,0.23722047608223548,0.6373062919385808,0.47703581249152555,two_year,south,78.56,0
-0.9084661067303568,-0.5667664491867275,-0.352396387667818,-0.3939395497866752,0.44848775040575317,2.1835762884301593,1.474318501174434,-1.3816837064590302,-0.4603765392481851,-3.228879558855051,annual,west,51.27,0
-0.9891809213723397,2.0484307601468643,0.44176138255297714,-0.5465290796157247,1.1476829250921936,2.1600367583573217,-3.661846601140587,-4.291493887145988,0.43354434080119764,0.05196296329293165,monthly,north,93.5,0
3.0793343589295454,-1.3727915395681018,0.9741562882299609,-1.4179038347474018,0.29497405307115443,0.9048411323778217,-0.2600643599919139,-2.232395111375417,-1.8540547032352546,0.8587554993104126,annual,north,105.02,1
-1.1177270582027339,0.2785879670743623,-1.208481864117805,0.4152901616673291,-0.22285572444359703,0.3706787632726316,1.9918103773138727,0.9981735223412859,0.09707368414655981,0.7217018340283834,two_year,south,138.52,0
-0.523874019987713,0.9746937576352837,-0.5591954954828363,0.7902725749784987,-0.4804585548112045,1.1844243269193933,-0.4805834160038607,-1.9472008352078902,-1.0391290428418596,-0.05448560007937158,two_year,south,121.74,0
3.697594515094235,1.787900068402796,-3.4924204892490605,-0.9161383980520976,-1.2685334858042157,1.188194557085255,0.6932035686515559,-0.6127954399807929,-0.8323095976067045,1.2446926022499463,monthly,north,146.99,1
0.15832885813931408,1.0410855498558385,-0.7543786269837721,0.49035143514687823,-0.28338738354979487,0.6923327886491131,-0.12421831071447897,-1.2895310955119255,-0.8649400554122326,-0.18729960840572685,two_year,west,77.55,0
0.9061231614104754,-3.242151244109399,0.09713499138519337,2.137498999280336,-2.162420863735395,2.026763806812122,2.282786121536078,-1.0842024927918614,-2.82595062707939,0.1421891722463166,two_year,east,38.33,0
0.1441105227469186,-1.0147467358221725,-0.032512174096428946,-0.11979382578974396,-1.7370925809744975,1.0868430051653715,0.8370465118976835,-1.5574616232743557,-2.648000893343867,1.5674829273854203,annual,east,73.3,0
-1.4755771275365925,-0.7169039110830049,-0.5733656093723422,-0.357067413622772,-1.9940396570178183,0.14030230227357643,1.7115440656274434,0.6165169500266746,-1.5437086128593176,-1.2467046347289796,two_year,north,123.0,0
2.8959977220751467,3.5029691899006905,-1.5400239149215322,-0.6898095551564092,0.8008644292919134,-2.0870142915360574,-1.2912558277333204,0.43597487495137294,0.30500747095897374,0.538633490833758,annual,south,47.43,1
-1.0609634484495651,-1.6528320575747113,0.10454065302496807,-0.6286622473130647,-0.8138974880330491,0.3767514051686599,0.6355950379083826,1.3332394933274163,0.8646466065214762,0.4717045465693523,annual,south,43.06,0
-1.679284879972644,0.3158782033406089,-0.26874591564696193,-0.7870743835189945,-0.7404474713684552,0.6107600876594419,-0.01399251901088161,-0.5433297980614561,-0.386434989023305,-0.4445328794836826,annual,west,103.86,0
0.6807093288986322,2.7422174100084784,-4.041259582434392,-0.3489747776251789,-0.2128167108501755,0.19013189613466552,2.621598138690871,1.914316885307171,0.8369157448122091,-1.5594552479169423,two_year,west,143.11,1
4.502834446049672,-0.08153691418884457,-3.1914365927173636,-1.2276633137304453,0.7646735050295133,2.317765315871444,1.7004578290919887,0.5757164189512255,1.847583538257267,0.8860238447375812,two_year,west,73.2,1
2.0027160671561655,-2.0849609146168557,0.7679627698069633,-1.3177102677696169,2.085867895998792,3.891944597409775,2.6276367393983784,-4.27090341870789,-2.5913818231514236,-1.581217264352776,annual,west,110.59,1
-0.10690580620173029,0.3152353597822015,-0.4056732503389373,0.21370727087812066,0.3538484195738839,0.2813726389001633,1.3324219777931232,-0.24403210619804908,-0.7294960826243165,-0.5182237290798118,two_year,east,72.52,1
-0.7206794258260502,-0.08796844200458076,-0.19582740330353846,0.49610759262949994,-0.7665660255035147,0.7229439829018833,-0.5220026242479914,-0.5560921729284091,-0.054598946990984554,-0.5360044265641474,annual,west,65.48,0
-0.19086127192947322,-2.273760746906402,-1.7640914409779462,0.08032344234707262,0.20107965893187907,3.05285746658885,2.015163353962009,1.697429108629088,3.284340343037133,0.5642448210758815,annual,west,37.29,0
0.2739363886232321,-0.9805119879008783,-0.06928338092290968,-0.37710137001374405,1.642123014917595,2.2029817993113374,2.9853087923735226,-1.5613550890072945,-1.1543793948579144,-0.24035775872577966,monthly,east,22.59,1
-1.9922976785180508,2.0180724663532557,-2.23169937150246,-0.7864768846725481,-1.7133838883815091,1.0055494422788265,-0.09838157440716588,-0.414683981557293,-0.12870941926891288,-1.7324563021852224,monthly,north,35.56,0
-2.778197926453407,-0.5000988948518232,0.09072725094154896,-0.050785680170170426,-1.567122931580617,0.10134545870135347,0.5992053539908002,0.40674131336119224,-0.688731896375253,-0.8753218416505999,monthly,west,77.75,0
0.8527425349889075,1.718026330636242,0.5171565898077805,-1.2607280656287867,-1.848432689148296,-0.6569444613259099,-3.9153132012803904,-2.813619407669958,-2.1297395052467274,1.3430854802031251,annual,north,114.87,0
0.04136565274280368,-1.0912983420566655,-0.04308518924871437,-1.1069382657862028,-1.9371852544006667,0.7638017079253284,0.34028221238783485,-0.9050374522063382,-1.9251640113599804,-0.20128096382503374,monthly,west,26.98,0
0.9161777807071493,-0.8588896084171638,0.7827743579012438,1.8232028678676846,1.1807502938691106,1.5548370623485186,0.9566148181884766,-2.32176045029702,-1.5200596293121391,0.569291631634485,annual,west,,1
-0.7956138538138762,0.6180469476993664,-0.27671574212619204,-0.7109178709713438,-2.751004816993687,0.8710748014669103,-4.934757095458412,-1.4922912643540114,1.0314994768512091,0.2390902143305887,annual,north,24.04,0
-0.9586739283111456,-0.910593183933837,-2.207715126384517,-0.6869944175966033,-2.5056827546856706,1.8393700092420184,-1.997030761965616,2.100480134949941,4.138889382100659,0.6090928167077179,monthly,south,128.33,0
-1.4957929501804221,2.3284384474567137,-0.03746792090867353,0.8327204593593452,-1.2465682903329969,0.15587044168134323,-3.271866159714212,-2.528478684968321,-0.9241885797103819,0.583415461156976,annual,east,69.64,0
-1.0932109012953124,-0.03516186960091294,-0.011448421174858562,0.9998890380374708,-0.7346128060276919,1.344779660491693,-0.2442948362375017,-1.7359431238202507,-1.059952769614347,-1.326341776968774,two_year,south,57.0,0
-3.546748022925073,0.7663380730694349,-2.090579116152572,0.8501289658557788,-0.875414390591055,2.9062758933723467,-0.4287302596949423,-0.1851119228495712,2.5648080205736177,2.1156940412837426,two_year,east,121.88,0
0.5980764212419968,-0.5638486586113107,0.6574349607553943,-0.5147018049223775,1.4123693491826528,-0.7880702342080856,0.047827818595374216,1.3755515921478376,1.6270859904171782,-0.6743658004217218,two_year,south,56.26,1
3.607070511868019,-0.6398784774648172,-0.053997825980108466,-0.23279928900802074,-0.04581281907511392,0.7315146253850495,-0.4137173312180624,-1.5746403654184782,-1.2367181188004557,0.5755941683842212,two_year,east,56.51,1
-0.5331179874877698,0.34756273654563596,-0.3490762531082149,-0.7730922976442103,-2.5229718073347978,0.3698889844629233,-0.31821366063345957,-1.743469615617899,-2.959190841612415,0.2280015153552202,monthly,south,141.55,0
-0.3413377511547534,-3.2879025084659204,1.2581677666144384,-1.2920473996463293,-0.27708950841858904,3.131095557680799,1.3762975979070344,-2.5308062233415987,-1.730374668726733,1.1913123558338587,annual,west,41.35,0
-1.7784091711979104,1.778691175503491,-1.340017259348869,0.03271247176766606,1.3325904089679446,1.4190426203023578,1.9254095365313812,-0.9616710565631007,-0.09887905679634201,0.15209454490449248,monthly,north,24.93,0
-1.4886510595542806,1.5084624356750198,0.46695463705797857,1.0565686564546026,-0.3621389985150396,-1.2278037865075135,-1.4580276536935304,-0.3420891282996295,-0.4474484998530842,0.6222372292433016,annual,east,,1
-0.07943024598368165,0.2746518561862191,-1.5207470408180566,0.6001672840196735,-0.738688847068765,0.3555288408484085,-1.9966418839357079,2.0637349132183394,3.8698141774249604,0.5158969731916824,two_year,east,59.8,0
-1.5101672273507498,1.58897144680207,-2.7701632262879747,-1.2748605354657343,-0.6478586770028589,1.0809742728447165,2.032140241103954,0.8749484772883127,0.5286502352493947,1.1631423723941308,monthly,east,73.83,0
1.6165940337936502,-3.541155867812106,-0.5972065364804156,0.23484856223033443,0.049117916186389055,3.0865841922568973,4.0350322801563685,-0.27591136750294704,-0.8815254124865063,-1.3589873294068422,two_year,north,123.58,0
0.37928314140955544,-0.9432930821532151,-0.643778628937554,0.08869897496405782,-1.2213807224557938,0.5521920062594279,1.2728781543510264,0.3053669764889302,-0.895129660424102,-0.06489455629396565,annual,east,66.3,0
0.4008225842966693,0.8349153115286592,-0.8869243958229875,-0.6555550566152143,0.12731340557571835,-0.007179408124168285,-1.2897563598035933,0.7706057476813988,2.019132854400204,0.8439956170284802,two_year,east,33.63,0
0.7443551385497458,0.7373750276197302,0.7509193802915844,1.3050451343424323,0.7453523121046423,-2.009267549109901,-1.7410577400815892,1.1469012149179776,1.2660148419136559,-1.6569504339709233,monthly,north,122.56,1
-0.2026568630208483,-1.5013421381104866,-0.11517973544411954,-0.28038527409461883,-2.5890191408150383,0.4232484855494648,1.114935808904801,-0.3030939892011169,-2.4944024630270376,-0.2539329464693915,annual,north,36.85,0
0.25697319808634145,0.8563782965778715,-1.5253078395266348,1.2383588247321922,-0.8293941020788632,-0.06713032328876412,-1.4135370945798524,1.4403544029012407,2.309860603102946,-0.031372105248753945,two_year,east,45.75,0
-1.7307121885691132,-0.23882478585566136,-2.8898444571198807,-1.2716403048747178,-2.1623414501129394,2.2074547763079977,0.12068575059929065,1.7776401367712047,2.9099941872430035,0.6501064619820036,two_year,east,38.16,0
0.590313024880611,-2.3806705066434257,0.31136676005148334,-1.6152704276804584,0.879346509595917,3.2432400949609437,1.3026477396035254,-1.8582663037030929,0.0010514711787155129,-0.656781376902586,two_year,north,48.82,0
-0.8729951904125138,1.7684399535274227,-1.1802787356565578,1.7291297588080194,-1.8501690156911708,-0.34970466506613374,0.08789508516322486,-0.741184866289324,-2.0953583824146644,-0.715824126631571,monthly,east,50.6,0
-1.7361929967920322,0.8153674844630999,-0.880276004505713,0.2355257895277261,-0.24174367510821126,2.1193306600385866,0.13345829444108248,-1.9322185453904253,-0.4055793013865743,-0.7832703772235741,annual,west,114.43,0
0.5383518609591329,1.944488630670848,-0.7339228294781913,0.3367035485432927,-0.894945604123758,-0.42346565645934464,-0.7661007735581884,-1.4153900196733251,-1.857183603901447,1.298229619395073,annual,north,32.38,0
-0.45252801082473904,-0.7953313872016228,-0.23255267452287742,-2.3036476290412002,-0.6423741586501093,1.0729827039708786,0.5918623030957839,-0.3847965113928093,-0.35414069737490805,-1.5735604239976855,monthly,south,106.87,0
-2.1479284995160306,-0.48901404389250613,-0.16341281939964378,-0.09249261219233854,-1.2683140948518246,-0.8853844370909043,0.28397134173491234,2.254713765032759,1.0048176623247067,0.5221023785655393,two_year,north,138.42,0
-1.9212584164609694,-0.4901156367914301,0.06390505117159201,-1.5977841703344209,-0.8527444107275086,0.5819594430217271,0.36075093814646453,-0.060854514244829266,-0.25909454519261843,0.8524529468759796,monthly,north,101.9,0
-2.237792174234945,0.7538042040994513,-2.093431865377417,0.3948711234120008,-1.12887381864725,2.063124132629536,0.20782695757189162,0.041359165349191936,1.3780132033828696,1.1690154470739165,annual,east,63.79,0
0.20410184439627055,0.11039522544997227,0.8121318059308169,-0.7330793384001127,-0.44825577048521537,2.2396428460479623,-2.65643323423928,-4.308239618810023,-1.5012168677757949,-0.9650464187096849,monthly,south,,0
-0.08712893650544884,-0.4602318910783356,-0.21862990974560115,0.06758254913612496,0.9807513809764573,-0.31474993850090316,2.2143964143620742,1.4744738510196695,0.4334879863300194,-0.0904643377477746,monthly,west,136.81,1
-0.05483440157358277,1.2354892453391924,-0.7835739329945152,0.26938766368372785,-0.33888282220322097,0.13592460249394733,-1.584405834836029,-0.19505563045955737,0.9942125579887799,0.012281058283885,monthly,east,84.15,0
0.6724608815502642,-3.1497625849702517,0.5144225391736547,-1.3018007301690429,-2.5339755867663443,1.2885471595193392,1.3639531762857806,-0.7851724433492604,-2.688637586970474,-0.4927396742005169,monthly,north,93.25,0
1.2329668110467205,1.6061242218259197,-0.5041572330591624,0.43982485089934586,-0.5991549837646075,-1.9210238798621802,-1.2213756370556332,0.7748032329230103,-0.17704390001198922,-0.2297680575621167,monthly,west,95.49,1
-1.3197152057578891,0.7109122725146364,-0.2240404879419153,-0.41273690622690007,-0.021344708468972295,1.912722446328532,-0.7907976727438889,-2.429029303128949,-0.4458364904155927,0.22333880956207203,annual,west,37.26,0
-2.421813527041843,2.8190350048894377,-0.44880826492471204,1.8215385432185742,-0.5361742614041733,1.1754160469232224,-1.1718022946400626,-3.6762821683082225,-2.334063521286116,-1.7509763627591703,monthly,north,68.5,0
-3.674474642313379,2.809978417865972,-0.012340281960738535,0.07169266758516804,-0.15879048846512966,2.021604080722698,-2.0347296170204063,-4.5331085723920665,-1.6802575125944084,1.6592957689404457,two_year,east,125.51,0
-2.2063854800685396,1.055026684238417,-0.9549940707442379,0.20755408027681274,-1.1265451215271571,2.076473751802175,-1.2134097423222838,-2.022753939973612,-0.057403228805995354,1.4219983516999741,monthly,north,87.55,0
-1.0926112329426048,-1.3739596991115313,-0.3687016664753278,-0.7602598865712803,-0.623244414563934,0.8303108067479917,2.302538039610516,0.7674482315486679,-0.4395020185916094,-0.3018173394161244,monthly,south,142.15,0
4.199242726923497,0.225906966084799,-1.9130593141749361,-1.133835502616372,-1.44738883965646,-0.008344300461553544,0.36768948763788245,0.14603545703419893,-1.1385167465426336,1.3110650769677221,annual,north,100.06,1
-2.637861003709202,-0.314848993942924,-2.34111663977727,0.18072026076771922,-2.7075314398281063,2.6839745239260377,-1.9146943677811423,0.924345043082169,3.4898187144525203,0.3639305889315524,monthly,south,121.33,0
-0.989279372232054,-0.2088585971900413,-0.02855432453352629,-1.246896335680934,-1.1312309562556164,0.42781808379039155,-0.8898315991624812,-0.281963706407129,0.04828962271588799,-0.4397158907457511,annual,west,52.24,0
-1.9862673709478027,-0.1503450663983169,-0.17325094052189272,0.40392949681542584,-0.062637158021835,1.9254507472697089,1.9104840894409612,-1.9283273058122843,-1.8653547367330097,-0.5730788423845,two_year,north,92.71,0
0.06650286641246694,-1.697756764017785,-1.1425263045346468,0.1135525022095246,-1.1801957218832262,0.6205420264491159,2.7985856217919283,1.8538893739396072,-0.10527423993394558,0.6446667647602166,annual,south,125.38,0
-2.843309483128459,1.900387258228807,-0.853640418823204,0.11376782569196399,-0.6365507199729543,1.8502399870298403,-1.5738722892930088,-2.337562337650626,0.04544154865288086,-0.6577891597712899,annual,north,39.85,0
-0.6488778011087193,-2.8564063520298513,0.5133908774663397,-0.3212770786335287,-0.8420584669910987,1.2893490713863294,1.1438466593092078,0.6310615305207627,0.2975708811689397,1.5878385476620949,monthly,west,90.22,0
-0.7080729056204432,0.8513163217960822,-1.7905855134933644,-0.9191185258356954,-2.3146859963929773,1.0209887795102313,-0.7153599219692469,-0.3926705257576075,-0.22767824743399134,2.0640435215052886,monthly,east,99.34,0
0.0321603465955691,-2.9694764395524134,-0.9177264255693833,-0.679616808869087,-2.1731956622037187,0.9594613469245493,3.910357683655019,1.7380792745797302,-1.4832228739496278,-0.9191170840093064,monthly,north,44.32,0
-0.12980640979592262,2.342148542593866,-2.5580257552335355,-1.0382995192787405,0.5065781692788649,1.6139122491397129,1.6113186562424682,-1.0276799499925415,-0.27056993141743513,0.7330891414384633,monthly,west,102.8,1
-1.682538623208289,1.2188133139644641,-0.4903076817907096,0.2913073079682359,0.2680181562045325,1.6112201579064025,-0.8951417187180898,-1.8398705202363572,0.32194675450102017,0.03302068925964069,two_year,west,28.78,0
-0.014423489833440772,0.7671528276716937,-1.5537448351891028,0.7155787619212964,-0.6801073703495593,0.24063610666340207,-0.944703790065963,1.2594691241976173,2.1321610047999,0.01188711995028511,monthly,east,121.34,0
-0.215100746192735,0.24547950815576813,-2.295623875707966,-0.05616337193335343,-2.2764039279640347,0.6988600351729441,-0.9401264431699795,1.704208263253082,2.0922113938567186,-0.017008787836702965,monthly,west,62.38,0
-1.402067739721102,-0.2532514831087824,-1.8202703793645603,-0.8155612352909605,-0.6158105926598147,2.0434066581194497,-0.504833841428517,1.1885461319311772,3.3841593961964316,-0.11166176451976347,two_year,east,82.76,0
-0.08437372423189449,-1.7297794516069025,-0.7496506696714166,1.0270710808456942,0.7981322910452608,2.0655044963727978,2.662361960444568,0.6182988970404425,1.012208519096954,2.0835484478075768,annual,west,69.7,0
-1.2397709015944007,1.0565239654162197,0.12663960680611402,0.938028034356126,-0.8897071119860215,-0.235067828112006,-2.773136461152831,-0.5244289192147165,0.8113360204195674,-2.6816068726401623,two_year,west,62.51,0
-0.40837261946943193,1.0861466501502743,-1.29148331349135,2.2782512692180665,-1.240972930756343,0.4283534837428453,-1.466266108219814,0.038139297318904766,0.9305706293552523,-0.5128920195364065,monthly,east,148.4,0
-2.3123866486092535,1.784361952647985,0.20253358719649067,0.6798755681045804,0.5573198232103687,0.8811747814586729,-2.701185624079726,-1.7997634230665638,1.2630013248243186,-0.5261269757581103,annual,east,134.27,1
-1.9018226519809232,2.3986942002592713,-1.7933707332787046,0.037450395871898585,-1.7831442701256217,0.37176448853045896,-2.0193683225162555,-0.32310948582651405,0.771650388334292,0.9585335405309094,monthly,west,59.3,0
-2.967015459761028,0.21386935049450306,0.3835990336714088,-0.028053757563578943,-2.1018542150270436,-0.5377659221399524,-0.6212579281766635,-0.11555308870327771,-1.2543218938868104,0.015584307639341533,annual,east,40.88,0
0.35363181600310967,-0.8556000404934335,0.35586521789486714,-0.28088400046490775,1.1505901095368125,1.5264986681261448,1.8907360713858141,-1.5769684844588288,-1.2986044749114949,1.2866085271624597,two_year,south,88.81,1
-0.9099447691252651,-1.8027656347389378,-0.17212010394729177,0.5190883044332432,-1.1512432679299576,1.2020549220278436,2.537509198792081,-0.0273276841630248,-1.6056095069520264,-0.1518853084965696,two_year,north,37.95,0
-2.701056135461124,1.8863683600113421,-1.7378515964422918,1.1001230979636658,-2.712624516827205,1.2061034093098404,-3.1871535111605827,-0.7600875146718493,1.2775993273051056,-1.4851839363674921,two_year,east,104.47,0
0.7725699427586366,-2.084609755033072,0.16647963019603176,0.04999434502267672,-0.44770113263374023,2.216531001765648,0.9589626866171719,-1.4468808719565622,-0.9644175826236822,-1.820209021262153,annual,west,50.28,0
-2.4898883272874635,0.8927542565551981,-2.6551099198308727,0.6058653636666594,-2.2728200428615564,1.1389903786249633,-2.869328281968013,2.5008279776754323,5.0592241659467705,0.15186487709343444,two_year,east,32.55,0
-0.6471772430715179,-2.183725353840217,-0.404347282869462,-0.33637932850776897,-0.7963729628967485,0.5316472428817857,2.3373812525660442,2.058084448390142,0.587777539932538,-0.39861309174707443,monthly,east,22.86,0
1.9415032430541421,1.682472223592729,-0.2874732258020314,-1.0220881101053827,1.5459528086158953,-1.645919433699964,-1.7793923821330226,1.2051224655277801,2.2416984516875913,0.771765543182818,monthly,south,131.68,1
-3.4198967258920905,0.6655993004985667,0.17708786649809827,0.3960515920022946,-0.861894119439506,0.03112645986752194,0.20781756183790012,-0.3917990619397526,-0.8344210309076305,0.539820531380749,two_year,south,38.55,0
-1.626296036153537,1.1059722716802134,-0.4519995777784181,-0.26193026899371535,0.5433696631826308,1.179516209886079,-0.42376002057418805,-1.1368276873465475,0.5799503816691047,-0.9179909331967835,monthly,west,72.38,0
-0.5989834176846734,-3.0691769776524565,0.9329544618630228,0.46679991497677625,-2.0257851927571267,1.7853787495417497,1.8587299421548515,-1.5895781561101345,-3.177756757452791,1.6064094811580534,two_year,west,32.16,0
0.4955424452549706,-1.6008319698388895,1.2092060837110974,-0.2736687608245778,1.17312510866122,0.03567249118596816,0.8185380246309257,0.30995699190148146,0.2732529984756151,0.9596015475111755,monthly,north,35.33,1
-0.39213018421599766,-2.3171231161169716,0.07922128468580979,-1.75399705486721,-0.16433155804924193,2.468133219120706,2.305370260796603,-1.0254893500614402,-0.9846617293876488,0.6932921112784991,annual,south,68.73,0
3.2401144345051076,0.9015135264409442,-2.031836760325549,0.8038136898500212,-0.28398193402003225,1.7777899145515785,1.1262916859552674,-2.10955562663727,-1.9239779665554875,-1.5592091093892526,annual,east,41.5,1
-0.403684669382411,-3.902918937674279,4.728367837009119,-0.8175171069432903,2.2685110351901234,0.9267164556306099,1.15793541608031,-3.0527505631457776,-2.8391014685416454,0.35307378345417184,monthly,north,113.46,1
-2.6894602952945306,-1.776043575958671,1.0944222936262316,1.8489804174473028,-1.6871291561009332,0.28896185391496665,-0.19879866219882714,0.2515487242005003,-0.38046148410464276,0.2630243258613878,annual,east,36.36,0
-2.752409253018023,-1.0169244614069184,0.8212348028564537,-0.2504172257487167,-2.5123528368479153,0.7763493291895367,-2.111762308231927,-0.9146818488792312,-0.35406059887035846,0.9774276787693388,two_year,east,116.05,1
1.4077883565677924,-0.21959322073084075,-1.6802201791597677,-0.5687162027791072,1.0233934388234276,1.697986621476463,3.066863037337359,0.03896336102900618,-0.06273055643734837,-0.934265758268026,monthly,west,129.38,1
-0.2859132885469261,-2.4625456994503456,0.302350371992546,-1.0347244067556163,-2.163045894515766,1.4272118745162594,1.6483329916396123,-0.9626316042288414,-2.6152027302866094,-0.6056773905514251,two_year,west,30.75,0
-0.0003542762653945264,-1.3379709463492664,-0.1655422962189125,0.7372405719462186,2.4098021231467572,3.7102787775464043,4.124389811684642,-2.7191157411710862,-1.5498503756494104,-1.7354179906001908,monthly,south,25.21,1
0.057637250638757465,-1.6154056142323063,0.4106154962314401,1.2176412119802635,-0.9140986177490975,1.7744344487957115,0.37656817457473635,-1.7323980203899665,-1.4807225673042972,-0.23700422707908878,two_year,north,84.16,0
-0.22119583896431672,-1.6901598974742387,-0.7336286148839095,-0.10034062364488204,-1.663328729829808,0.6989969990772684,2.697448940300643,0.825020040826963,-1.477923579148402,0.8072397376379928,annual,west,98.1,0
-0.12444738845605552,0.584598753805387,-0.7714958488106413,-0.089698114025377,1.3445332225971356,2.295716345155034,0.5747948324660079,-1.8538180766060395,0.35962376502546056,0.7791389498585766,two_year,west,108.92,0
-0.3668903572275418,-4.271270967680008,0.8443542784128514,-1.2349105874343698,-2.172653594272184,1.096019039093368,2.497288110885439,0.8168395938751094,-1.619012862878829,-0.12237839828580953,two_year,west,82.18,0
-1.1900381230147432,0.16501722319997225,-1.0029651859991737,-0.9840460967323007,1.333688031842815,1.624427422767564,1.90012745685884,0.1487137381375065,1.2086355818278398,-0.5564081471926665,monthly,north,90.61,0
-1.97899929474462,0.05178590265632743,-1.8000385983161689,-1.4012836626234513,-3.739309011023317,2.0664651001159116,-3.090944541394267,-0.3315817075258696,1.6368249865455688,0.19268972690924716,two_year,north,91.45,0
-1.6108234226504714,1.9314779331574492,-1.5609075649145767,0.001108428841951672,-0.949064387462283,0.925040137805371,-0.42777401850229335,-0.9470713877220777,-0.194482378327276,0.15553471879386624,two_year,north,112.79,0
0.9966891371682773,-1.050149420059904,0.15051916760306985,0.051815179246869965,0.31736104012700017,2.6279014844202973,-0.32566866064552635,-2.614996841208727,-0.49859710045533867,-0.9556201183613283,two_year,west,40.3,0
1.7671493733106807,1.0380732140393547,0.6552656529228666,1.4014042271957838,2.02857663698983,-1.5721616997182015,-2.560228716307951,0.956522872947186,2.773994204812486,-1.3230264455005951,monthly,west,22.83,1
1.889902914925619,-3.182323590561106,4.790747278537763,0.31906414237951974,0.4989313673628992,-1.2186698278148693,-2.3633973068896457,-2.281449548497748,-2.4519344968172474,0.09166750676774278,annual,west,86.05,1
2.0535328321966806,2.258366840754416,-0.567554859216363,-0.4124313619399327,2.9583711801727444,-0.9193558530243453,-1.8292742829354862,0.8114866561226645,3.3840786485892944,1.6646179588357335,two_year,east,143.98,1
-1.7852681985312266,0.7265118367829184,-0.3204934892897484,1.738010999599281,-2.827962333052354,-1.4331030382088197,-0.34626191535867434,0.574256687144945,-1.869876650170137,-0.9321647429068505,two_year,north,23.27,0
1.5346995116838267,1.299815768180514,-0.7263618145975604,0.22781058418035965,1.298353730683571,-0.8032060340466363,0.4688866535589591,0.6466796013055439,0.5641150098337258,-0.1553657757270852,annual,west,99.66,0
0.10675260871145698,0.082899871141914,-2.172423557111093,-0.9029126055447081,-1.9389328436426938,0.18294471469966256,-2.221023138821587,2.931626375582971,4.177758638742672,0.3324660688421075,annual,north,84.2,0
-3.4097030644106283,-2.4851413348997795,0.9154108807585013,-1.4367640569705804,-0.6444800389932093,0.2519944006183239,1.4246710953374937,2.1389366768485454,1.2718898284779288,0.8492701685538316,annual,west,137.03,0
-1.1217967284755086,-3.0422931080871067,4.93356577944781,0.2942637001093148,1.7499595730381645,-0.9098770114371835,-1.252917076304073,-1.3021464816905055,-0.8534741885277602,-1.2933653341483575,two_year,east,145.42,1
2.1323193754929033,2.014558414893045,-0.9791777800937576,1.2754474428119789,-0.13965580447150083,-1.7817754957762948,-0.7353268270042956,0.6116168882682409,-0.3131260561017968,-0.8284496616675131,two_year,east,141.52,1
-1.821964114149103,-1.0213761046363248,0.10679459884913317,1.220036220416435,-0.5110178753052813,0.741807489221819,-0.1844801615171392,0.7494855450747149,1.3879861386522174,0.29349220365627193,monthly,north,58.86,0
1.3191078127983273,1.5195612352133026,-1.1969843918760146,-0.19112242047564607,-0.5733850484971472,-0.8345614785642067,-0.1509551669777981,0.2631558422723962,-0.5519778112014082,-1.1913647108639727,two_year,south,21.16,1
-0.6487449095795417,2.401463992671076,0.8983117737853193,-0.5106424106344941,0.7887876168935124,0.5778341259673231,-1.3915063008522899,-4.538716119077622,-3.1477855815311013,-0.4322282508375408,annual,west,46.5,0
-0.19995446696367947,1.1273785836520116,-1.6434869074436091,-0.3518585390648358,-0.9274872221432933,0.5067645782563941,0.05281771715623007,0.13434856659855302,0.21359530714167196,-2.250718421728929,annual,west,74.28,0
-0.903574406136248,1.4308867918221981,-1.5538182624379409,-0.529744372831277,-0.1881326504612797,0.01994650452867064,1.0539281995050689,0.7265684711650894,0.27744483654080687,-0.37571833062890786,two_year,west,63.54,0
-0.007135509990948918,-1.297174759489742,-0.38562814926993705,-0.5695676793693012,-1.7018587729275483,0.8120805653679475,1.0525194838519054,-0.10904542866898621,-1.3099607700762244,0.44181850127162275,two_year,south,52.75,0
-1.990955645297448,1.020244220630771,-0.5226836316297643,-0.9447955843379711,-1.9303946041171245,-1.0253232520409985,-0.7054234071670202,0.7787431298340697,-0.40341060551532837,-0.8822104150149349,two_year,north,63.7,0
-1.3042663019310305,-0.4257781386151094,-2.4805672301679476,0.38732977214127734,-2.5038502097815813,1.5252689762508398,-2.202451451000424,2.58099658910274,4.661424513569826,1.5126772720573254,two_year,east,61.67,0
-0.579815057497074,-0.32123129812221984,0.3661223862251136,-1.5544567983210695,-0.09536427865187058,2.0401929140507487,-0.4090994543140687,-2.741399417618913,-1.202219213574569,-0.655229519089943,annual,south,115.27,0
-2.473671865333957,3.2812704040111154,-0.8042030564910216,0.47149139595724704,-0.758746300978868,0.2809586457520452,-2.6851423757075863,-2.0617585322991805,-0.19159453497106416,-1.2430986926728886,two_year,south,104.06,0
-0.7367275866838657,-1.1648622994067916,-0.07254023322868615,-0.020325726979197826,-2.6820439321210836,-0.3701412215261113,1.0891144287162389,0.44783831238511845,-2.2853310380061673,0.024637581519150697,annual,south,95.73,0
2.2334906305223337,1.8367224804821651,-1.2345766510634837,0.5721537440110969,0.12375723832470842,-1.7557270672724645,0.04367604776278711,1.1696868934554439,-0.04263868791967851,-1.1234917083065763,two_year,south,75.1,1
-0.9688007264011754,1.1958003190670254,-0.2878643361847548,0.54973374756812,2.7374432161057847,2.8388859084346993,-1.3710784249625902,-2.38791713089978,2.5604152327546177,-0.2635513092963865,two_year,north,128.71,0
1.5525463077927486,0.7613628057428892,-2.892318823982262,0.5467924341374942,0.9384038326858833,3.643873896482499,3.376623732045116,-2.09122043940121,-0.9800017414708734,-0.07481416293821067,annual,north,141.38,1
2.657425406010481,2.1234138306339236,-0.12126260310011225,0.9308098756074837,1.7899617519079978,-2.68843995992462,-1.4798178472418968,1.4850392206185092,1.5617606539165347,0.2690397844535767,annual,west,34.25,1
-0.203620504379751,-0.6241143099437203,0.9285691468123202,-0.24515986133970807,1.313018642575388,-0.05217959123108884,-0.777016711021926,0.5028097616238082,1.8191550497372702,1.6509327802368152,annual,west,117.69,1
2.498673247144073,3.943977164719649,-1.218992064702682,-0.020058388235903234,0.7630772315514529,-0.1344108159409949,-3.7888505710959546,-2.538738492259283,0.36022214887033366,1.5145437260195092,monthly,east,20.08,1
-0.5494962388226515,-0.07807537337674986,-0.1951493332493263,0.21763179747038475,-1.1196041371626917,1.4883672553429634,-2.980350974834984,-1.163845612211579,1.4638341152203378,-0.23613455816898632,monthly,north,137.58,0
